Yıl,Soru No,Doğru Cevap,Konu Grubu,Konu,Alt Konu,Soru Kalıbı,Soru Tipi,Mevzuat,Madde,Zorluk,Hesap Türü,Fasıl,Sayısal Değer,Soru Özeti,Öğrenilecek Bilgi
2021,1,D,"Genel Hükümler, İşlemler & Meslek",Genel Hükümler & Tanımlar,Gümrük mevzuatına ilişkin kararlar,Olumsuz kök (değildir / yanlıştır),Doğru/Yanlış Hüküm,4458 Gümrük Kanunu,,Orta,,,,GK'ya göre gümrük idarelerinin verdiği kararlarla ilgili söylenemeyecek ifade soruluyor.,"Yanlış/eksik bilgiye dayanma ile lehe kararda öngörülen yükümlülüğe uymama, her biri tek başına lehe kararın iptali/geri alınması sebebidir; ikisinin 'bir arada' bulunması aranmaz. Karar talebi yazılı yapılır, 30 gün içinde karar alınır, süre aşılabilir."
2021,2,E,"Genel Hükümler, İşlemler & Meslek",Genel Hükümler & Tanımlar,GK md. 3 tanımları,Olumsuz kök (değildir / yanlıştır),Tanım / Kavram,4458 Gümrük Kanunu,GK md. 3,Orta,,,,GK'daki tanımlardan hangisinin yanlış olduğu soruluyor.,"Riskin sistematik tanımlanması, en aza indirilmesi, veri toplama, risk analizi, önlem belirleme ve izleme sürecini ifade eden kavram 'risk yönetimi'dir; GK'da 'risk araştırması' diye bir tanım yoktur."
2021,3,B,"Genel Hükümler, İşlemler & Meslek",Genel Hükümler & Tanımlar,Bilgilerin gizliliği,Olumsuz kök (değildir / yanlıştır),Doğru/Yanlış Hüküm,Gümrük Yönetmeliği,GK md. 12; GY gizlilik hükmü,Orta,,,,GY'ye göre bilgilerin gizliliği hakkında söylenemeyecek ifade soruluyor.,Gümrük işlemleri ve denetimiyle görevli memurların sır saklama yükümlülüğü görevden ayrılsalar dahi devam eder; 'görevlerinden ayrılıncaya kadar' ifadesi yanlıştır.
2021,4,D,Gümrük Kıymeti,Gümrük Kıymeti,Kıymete dahil edilmeyen giderler,Olumsuz kök (değildir / yanlıştır),Kapsam & Şart,4458 Gümrük Kanunu,GK md. 28,Zor,,,,GK'ya göre kıymete dahil edilmeyen giderler arasında sayılmayan kalem soruluyor.,"Cevap anahtarına göre D'deki Türkiye'de çoğaltma hakkı için yapılan royalti/lisans ödemeleri, kıymete dahil edilmeyen giderler arasında sayılmamıştır. Giriş yerinden sonraki nakliye-sigorta, ithalat sonrası montaj/bakım/teknik yardım, finansman faizi ve Türkiye'de ödenecek ithalat vergileri ise kıymete dahil edilmez. Not: Türkiye'de çoğaltma hakkı için yapılan ödemeler de kıymete dahil edilmeyen unsurlardan olduğundan anahtar itiraza açıktır."
2021,5,E,"Genel Hükümler, İşlemler & Meslek",Genel Hükümler & Tanımlar,Eşyanın ağırlığı ve kapları,Olumsuz kök (değildir / yanlıştır),Doğru/Yanlış Hüküm,4458 Gümrük Kanunu,,Orta,,,,GK'ya göre eşyanın ağırlığı ve kaplarına ilişkin söylenemeyecek ifade soruluyor.,"Cevap anahtarına göre E söylenemez: mutat ambalajlar, kıymetleri faturada ayrı gösterilse bile ayrıca beyan edilip kendi pozisyonlarında vergilendirilmez, eşya ile birlikte vergilendirilir. Mutat ambalaj niteliğinde olmayan kutu/kılıfın vergisi yüksekse kendi pozisyonunda vergilenir."
2021,6,B,"Genel Hükümler, İşlemler & Meslek",Genel Hükümler & Tanımlar,Gümrük işlemlerinde çalışma saatleri,Olumsuz kök (değildir / yanlıştır),Kapsam & Şart,4458 Gümrük Kanunu,,Orta,,,,Gümrük işlemlerinin normal çalışma saatlerinde yapılması kuralının istisnası olmayan hâl soruluyor.,"Düzenli seferli taşıtlar, yolcu getiren düzensiz seferli taşıtlar, işletme teşkilatı bulunan limanlardaki gemiler ve zorlayıcı sebeple giren gemiler istisnadır; 'yolcu ve turist taşıyan her türlü hava aracının mesai dışı iniş-kalkışı' kanunda sayılmaz."
2021,7,C,"Genel Hükümler, İşlemler & Meslek","Özet Beyan, Geçici Depolama, Beyan & Basitleştirmeler",Özet beyan verilme süreleri,Olumsuz kök (değildir / yanlıştır),Sayısal (süre-oran-tutar),Gümrük Yönetmeliği,,Orta,,,en az 2 saat (4 saat değil),GY'ye göre özet beyanın gümrüğe verilme süre sınırlarından yanlış olanı soruluyor.,Karadeniz/Akdeniz'deki yabancı limanlar ve AB limanları ile Türk limanları arasındaki kısa mesafeli deniz taşımasında özet beyan ilk varış limanına gelmeden en az 2 saat önce verilir (4 saat değil). Konteyner: yüklemeden 24 saat önce; demiryolu: varıştan 2 saat önce; kısa mesafeli uçuş: havalanma anı.
2021,8,E,"Genel Hükümler, İşlemler & Meslek","Özet Beyan, Geçici Depolama, Beyan & Basitleştirmeler",Paylaşımlı taşımada özet beyan yükümlüsü,Olumlu kök,Yetkili Merci,Gümrük Yönetmeliği,,Orta,,,,Deniz/hava taşımasında araç paylaşımı veya sözleşmeli taşımada özet beyan yükümlüsü soruluyor.,"Taşıma aracının paylaşımı veya taşımanın sözleşme kapsamında yapılması hâlinde özet beyan verme yükümlülüğü, taşıma işlemini taahhüt ederek eşyanın araçta taşınması için taşıma belgesi düzenleyene aittir."
2021,9,B,Gümrük Kıymeti,Gümrük Kıymeti,İlişkili kişi halleri,Olumsuz kök (değildir / yanlıştır),Kapsam & Şart,Gümrük Yönetmeliği,,Kolay,,,,GY'ye göre alıcı-satıcı ilişkisinin varlığının kabul edildiği hâllerden olmayan seçenek soruluyor.,Her iki firmanın oy hakkı veren hisse/sermaye paylarının en az %5'inin doğrudan veya dolaylı aynı kişilere ait olması ilişki sayılır; %15 ifadesi yanlıştır. İşçi-işveren ilişkisi ve doğrudan/dolaylı kontrol ilişkileri ilişkili kişi hâlleridir.
2021,10,C,"Genel Hükümler, İşlemler & Meslek","Özet Beyan, Geçici Depolama, Beyan & Basitleştirmeler",Gümrüğe sunma ve boşaltma,Olumsuz kök (değildir / yanlıştır),Doğru/Yanlış Hüküm,4458 Gümrük Kanunu,,Zor,,,,GK'ya göre eşyanın gümrüğe sunulması ve boşaltılmasına ilişkin yanlış ifade soruluyor.,"Cevap anahtarına göre C yanlıştır: GK'ya göre eşya taşıt araçlarından ancak gümrük idarelerinin uygun gördüğü yerlerde ve bu idarelerin izniyle boşaltılır veya aktarılır; C'deki 'özet beyanda belirlenen yer' ifadesi kanun metnini değiştirmektedir. Acil tehlikede izin aranmaz, idare derhâl haberdar edilir."
2021,11,D,Menşe & Tercihli Ticaret,Menşe Kuralları,Yanıltıcı menşe ibareli eşya,Öncüllü (I-II-III),Kapsam & Şart,Gümrük Yönetmeliği,,Orta,,,,Başka ülke ürünü izlenimi veren isim/simge taşıyan eşya için izin verilebilecek işlemler soruluyor.,"Üretildiği ülkeden başka bir ülke ürünü izlenimi veren isim veya simge taşıyan eşyanın Türkiye'ye ithaline izin verilmez; ancak transit geçişine, antrepo ve benzeri yerlere konulmasına ve yeniden ihracına izin verilebilir."
2021,12,C,Dış Ticaret Politikası & Uluslararası Ticaret,Fikri ve Sınai Haklar,Re'sen alıkoyma süresi,Olumlu kök,Sayısal (süre-oran-tutar),4458 Gümrük Kanunu,GK md. 57,Kolay,,,3 iş günü,Başvuru yokken FSMH ihlaline dair açık delil bulunan eşyanın kaç iş günü re'sen alıkonulabileceği soruluyor.,"Henüz başvuru yokken FSMH ihlaline dair açık delil varsa gümrük idaresi, hak sahibinin geçerli başvuru yapabilmesi için eşyayı 3 iş günü re'sen alıkoyabilir."
2021,13,D,"Genel Hükümler, İşlemler & Meslek",Genel Hükümler & Tanımlar,Risk tanımı,Olumsuz kök (değildir / yanlıştır),Tanım / Kavram,4458 Gümrük Kanunu,GK md. 3,Kolay,,,,GK'daki 'risk' tanımının kapsamadığı ifade soruluyor.,"Risk; güvenlik ve emniyete, kamu sağlığına, çevreye veya tüketicilere tehdit oluşturan, mali çıkarları tehlikeye düşüren ya da ulusal/uluslararası önlemlerin doğru uygulanmasını engelleyen olayın ortaya çıkma ihtimalidir; veri toplanmasının engellenmesi tanımda yoktur."
2021,14,E,Gümrük Rejimleri,Dahilde İşleme Rejimi,Geri ödeme sisteminin uygulanabilirliği,Olumlu kök,Kapsam & Şart,4458 Gümrük Kanunu,,Orta,,,,Dahilde işleme rejiminde geri ödeme sisteminin uygulanabileceği eşya soruluyor.,"Tescil sırasında miktar kısıtlamasına, kota kapsamında tarife önlemine, tarım politikası gereği lisansa tabi olan veya işlem görmüş ürün için ihracat iadesi/vergisi bulunan eşyada geri ödeme sistemi uygulanmaz; serbest dolaşıma girip işlem görmüş ürün üretiminde kullanılarak ihraç edilen eşyada uygulanabilir."
2021,15,E,Gümrük Rejimleri,Dahilde İşleme Rejimi,Eş değer eşya ve önceden ihraç,Olumsuz kök (değildir / yanlıştır),Doğru/Yanlış Hüküm,4458 Gümrük Kanunu,,Orta,,,,GK'ya göre eş değer eşya ile ilgili yanlış ifade soruluyor.,"Henüz ithal edilmemiş eşya yerine ihracat vergilerine tabi eş değer eşyadan elde edilen ürünler önceden ihraç edilirse, ithal eşyasının süresinde ithali için izin hak sahibinden teminat alınır; 'teminat alınmaz' ifadesi yanlıştır."
2021,16,B,Tarife & Sınıflandırma,Tarife Mevzuatı & BTB,BTB'nin geçerliliğini kaybetmesi,Olumsuz kök (değildir / yanlıştır),Kapsam & Şart,4458 Gümrük Kanunu,,Orta,,,,GK'ya göre bağlayıcı tarife bilgisinin geçerliliğini kaybetmediği durum soruluyor.,"BTB; TGTC değişikliği, DGÖ nomanklatür/izahname/sınıflandırma kararlarındaki değişiklik ve iptal ya da değişikliğin bilgi verilen kişiye tebliği hâllerinde geçerliliğini kaybeder. DTÖ Menşe Kuralları Anlaşması'ndaki değişiklik BMB'yi ilgilendirir, BTB'yi değil."
2021,17,B,Dış Ticaret Politikası & Uluslararası Ticaret,Fikri ve Sınai Haklar,Durdurma ve alıkoyma süreleri,Olumsuz kök (değildir / yanlıştır),Doğru/Yanlış Hüküm,4458 Gümrük Kanunu,GK md. 57,Orta,,,,GK'ya göre FSMH kapsamında durdurma/alıkoyma işlemleriyle ilgili yanlış ifade soruluyor.,"Durdurma/alıkoyma kararının tebliğinden itibaren hak sahibi ihtiyati tedbir kararını diğer eşyada 10 iş günü, çabuk bozulabilir eşyada 3 iş günü içinde getirmelidir; çabuk bozulabilir eşya için 5 iş günü ifadesi yanlıştır."
2021,18,C,"Genel Hükümler, İşlemler & Meslek",YYS & Onaylanmış Kişi,OKS istihdam şartı,Olumlu kök,Sayısal (süre-oran-tutar),Gümrük Yönetmeliği,,Orta,,,30 işçi,OKS başvurusunda geriye dönük bir yılda gereken ortalama asgari işçi sayısı soruluyor.,"OKS özel koşulları gereği başvuru sahibinin, YGM ile ön inceleme sözleşmesi yaptığı tarihten geriye dönük bir yıl içinde ortalama en az 30 işçi istihdam etmesi gerekir."
2021,19,B,Gümrük Kıymeti,Gümrük Kıymeti,Hesaplanmış kıymet yöntemi,Olumsuz kök (değildir / yanlıştır),Doğru/Yanlış Hüküm,Gümrük Yönetmeliği,,Orta,,,,Hesaplanmış kıymet yöntemiyle ilgili söylenemeyecek ifade soruluyor.,"B'deki 'diğer yöntemlerle belirlenemezse GATT VII. madde uygulama anlaşmasına göre Türkiye'deki verilerle belirleme' son yöntemdir (geri dönüş yöntemi). Hesaplanmış kıymet = malzeme ve imalat maliyeti + mutat kâr ve genel giderler + giriş yerine kadar nakliye, sigorta, yükleme-boşaltma-elleçleme."
2021,20,C,"Genel Hükümler, İşlemler & Meslek","Özet Beyan, Geçici Depolama, Beyan & Basitleştirmeler",Basitleştirilmiş usulde tamamlayıcı beyan,Öncüllü (I-II-III),Doğru/Yanlış Hüküm,Gümrük Yönetmeliği,,Orta,,,,Serbest dolaşıma giriş rejiminde tamamlayıcı beyanla ilgili doğru öncüller soruluyor.,"Basitleştirilmiş usul kullananlar genel, dönemsel veya özet nitelikte tamamlayıcı beyan verir (I); tamamlayıcı beyan basitleştirilmiş beyan/belgenin tescil tarihinden itibaren hüküm ifade eder (III); gerekli tüm bilgi ve belgeler verilmişse aranmaz (IV). 'İzleyen ayın ilk haftası içinde zorunlu' ifadesi (II) yanlıştır."
2021,21,D,Menşe & Tercihli Ticaret,Menşe Kuralları,Menşe şahadetnamesinde aykırılık,Olumsuz kök (değildir / yanlıştır),Doğru/Yanlış Hüküm,Gümrük Yönetmeliği,,Orta,,,,Menşe şahadetnamesi hakkında söylenemeyecek bilgi soruluyor.,"Cevap anahtarına göre D söylenemez: şahadetnamenin sıhhatine ilişkin aykırılık tespit edildiğinde 'sadece TCK hükümleri uygulanır' ifadesi yanlıştır, yaptırım TCK ile sınırlı tutulmamıştır. Ciddi şüphede ek kanıt istenebilir; tereddüt sürerse şahadetname sonradan kontrol için Bakanlığa gönderilir."
2021,22,A,"Genel Hükümler, İşlemler & Meslek","Muafiyetler (2009/15481, Geri Gelen Eşya)",Geri gelen eşyada indirimli oran,Olumlu kök,Kapsam & Şart,4458 Gümrük Kanunu,GK md. 168,Kolay,,,,Özel amaçla indirimli/sıfır oranla serbest dolaşıma girmiş geri gelen eşyaya uygulanacak oran soruluyor.,Özel amaçlı kullanım nedeniyle indirimli veya sıfır oranla serbest dolaşıma girmiş eşya geri gelip aynı amaçla tekrar serbest dolaşıma sokulursa yine indirimli veya sıfır vergi oranı uygulanır.
2021,23,B,"Genel Hükümler, İşlemler & Meslek","Özet Beyan, Geçici Depolama, Beyan & Basitleştirmeler",Transit bilgilerinin özet beyan sayılması,Olumsuz kök (değildir / yanlıştır),Kapsam & Şart,Gümrük Yönetmeliği,,Orta,,,,Transit işlemi bilgilerinin özet beyan olarak kullanılabilmesi için sayılmayan şart soruluyor.,"Şartlar: eşyanın transit rejimi kapsamında TGB'ye getirilmesi, bilgilerin özet beyanın tüm unsurlarını içermesi ve süre sınırları içinde bilgisayar ağı/elektronik ortamla giriş gümrük idaresine ulaştırılması. Eşyanın varış yerinin TGB dışında olması diye bir şart yoktur."
2021,24,E,"Genel Hükümler, İşlemler & Meslek","Muafiyetler (2009/15481, Geri Gelen Eşya)",Geri gelen eşyada ispat belgeleri,Olumsuz kök (değildir / yanlıştır),Kapsam & Şart,Gümrük Yönetmeliği,,Orta,,,,Geri gelen eşyada yurt dışı alıcı/kurum belgeleriyle ispatı gereken hâllerden olmayan soruluyor.,"Kusur nedeniyle kabul edilmeme, gönderildiği ülke mevzuatı nedeniyle serbest dolaşıma girememe, nakliye hasarı ve fuarda satılamama gibi hâller yurt dışından alınacak belgelerle ispatlanır; serbest dolaşımda iken ihraç edilen ticari taşıtın geri gelmesi bu hâllerden değildir."
2021,25,E,"Genel Hükümler, İşlemler & Meslek","Gemi-Uçak, İhrakiye & Kumanya","Dış seferin devamı, akaryakıt-kumanya",Olumsuz kök (değildir / yanlıştır),Doğru/Yanlış Hüküm,Gümrük Yönetmeliği,,Zor,,,,Türkiye Gümrük Bölgesi dışına sefer yapan gemilerle ilgili yanlış ifade soruluyor.,Cevap anahtarına göre E yanlıştır: ilk giriş limanında tespit edilen transit akaryakıt ve kumanyanın Türk limanları arası seferde vergilendirilmesine ilişkin kapsam/yer hatalı verilmiştir. Düzenli seferli gemilerin son Türk limanında 3 aya kadar beklemesi ve ihraç yükü almak üzere boş veya kısmen yüklü hareketi dış seferin devamı sayılır.
2021,26,E,"Genel Hükümler, İşlemler & Meslek","Gemi-Uçak, İhrakiye & Kumanya",Türk gemisi yakıt-kumanya listesi,Olumsuz kök (değildir / yanlıştır),Belge & Prosedür,Gümrük Yönetmeliği,,Kolay,,,,Türk bandıralı gemilerin yakıt ve kumanya listesinde yer almayan bilgi soruluyor.,"Listede yabancı limanlardan alınan kumanyanın cinsi, miktarı ve seferde tüketilen miktarı ile antrepolardan tedarik edilen kumanyanın cins ve miktarı yer alır; ödenen vergi miktarı yer almaz."
2021,27,D,"Genel Hükümler, İşlemler & Meslek","Muafiyetler (2009/15481, Geri Gelen Eşya)",Diplomatik eşyanın satış ve devri,Olumsuz kök (değildir / yanlıştır),Doğru/Yanlış Hüküm,Gümrük Yönetmeliği,,Kolay,,,,Diplomatik muafiyetle getirilen eşya ve taşıtların satış ve devriyle ilgili yanlış ifade soruluyor.,Muafiyet hakkı olmayan kişi/yerlere satış veya devirde serbest dolaşıma giriş beyannamesiyle işlem yapılır ve vergiler tahakkuk ettirilir; 'gümrük vergisi tahakkuk edilmez' ifadesi yanlıştır. Satış/devir Dışişleri Bakanlığının önceden iznine bağlıdır.
2021,28,B,"Genel Hükümler, İşlemler & Meslek",Posta & Hızlı Kargo,Posta kolisi teslim kâğıdı,Olumlu kök,Belge & Prosedür,Gümrük Yönetmeliği,,Kolay,,,,Posta kolisinin gümrükle ilişiğinin kalmadığını gösteren belgenin adı soruluyor.,Gümrük işlemleri tamamlanan posta kolisinin gümrükle ilişiğinin kalmadığını gösteren belge 'teslim kâğıdı'dır.
2021,29,C,"Genel Hükümler, İşlemler & Meslek",Tasfiye,Tasfiye idaresinin teslim alma süresi,Olumlu kök,Sayısal (süre-oran-tutar),4458 Gümrük Kanunu,,Orta,,,30 gün,Tasfiye idaresinin tasfiyelik eşyayı teslim alma süresi soruluyor.,Tespit ve tahakkuk belgeleri intikal ettirilen tasfiyelik eşyayı tasfiye idaresi 30 gün içinde teslim almakla mükelleftir.
2021,30,E,"Genel Hükümler, İşlemler & Meslek","Özet Beyan, Geçici Depolama, Beyan & Basitleştirmeler",Özet beyanın değiştirilmesi,Olumsuz kök (değildir / yanlıştır),Doğru/Yanlış Hüküm,4458 Gümrük Kanunu,,Orta,,,,GK'ya göre özet beyanın değiştirilmesiyle ilgili söylenemeyecek bilgi soruluyor.,"Özet beyanda değişikliğe talep üzerine izin verilir; muayene bildiriminden, bilgilerin yanlışlığının tespitinden veya boşaltma izninden sonra değişiklik yapılamaz. Kanunda 15 günlük başvuru süresi öngörülmemiştir."
2021,31,C,"Genel Hükümler, İşlemler & Meslek",Yetkilendirilmiş Gümrük Müşavirliği,YGM antrepo tespit kodları,Olumsuz kök (değildir / yanlıştır),Belge & Prosedür,Gümrük Genel Tebliğleri,,Zor,,,,YGM Tebliği'ndeki antrepo tespit işlemleri ve kodlarına ilişkin yanlış eşleştirme soruluyor.,"Antrepo açılış başvurusunun ön incelemesi AN1, tadilat başvurusunun ön incelemesi AN3, altışar aylık stok kaydı tespiti AN7, elleçleme tespiti AN9'dur; antrepodaki adres değişikliği başvurusunun ön incelemesi AN5 değil, AN4 kodlu tespittir."
2021,32,D,"Vergi Alacağı, Ceza & Kaçakçılık","Tahakkuk, Tahsil & Zamanaşımı",DİR'de çıkış sonrası ödemede gecikme zammı,Olumlu kök,Doğru/Yanlış Hüküm,4458 Gümrük Kanunu,,Zor,,,,DİR yükümlülüğünde vergilerin eşyanın çıkışından sonra ödenmesinde uygulanacak kamu alacağı soruluyor.,"DİR kapsamındaki gümrük yükümlülüğüne ilişkin ithalat vergileri eşyanın TGB'den çıktığı tarihten sonra ödenirse, 6183 sayılı Kanun uyarınca gecikme zammı uygulanır."
2021,33,B,"Vergi Alacağı, Ceza & Kaçakçılık","Tahakkuk, Tahsil & Zamanaşımı",Dolaylı temsilcinin müteselsil sorumluluğu,Olumsuz kök (değildir / yanlıştır),Kapsam & Şart,Gümrük Genel Tebliğleri,,Orta,,,,Tahsilat Tebliği'nde dolaylı temsilci için müteselsil sorumluluk doğuran hâllerden olmayan soruluyor.,"Beyanın dayanak belgelere uymaması, eklenen belgelerin araştırmaya gerek olmadan anlaşılabilir şekilde sahte/hatalı olması, belgelerin mevzuattaki form/şartlara uymaması ve fezleke/rapor/iddianame düzenlenmesi sorumluluk doğurur; müşavirin çelişkiyi elindeki imkânlarla araştırmış olması doğurmaz."
2021,34,A,"Vergi Alacağı, Ceza & Kaçakçılık",Geri Verme / Kaldırma,BKK'ya göre geri verme hâlleri,Olumsuz kök (değildir / yanlıştır),Kapsam & Şart,2009/15481 Karar,,Orta,,,,2009/15481 sayılı BKK'da geri verme veya kaldırma nedeni sayılmayan hâl soruluyor.,"Yanlış adrese gönderim, sipariş hatası nedeniyle amaçlanan kullanıma uygunsuzluk, sözleşmedeki teslim tarihinden sonra ulaşma ve taşıma aracının açılamaması nedeniyle iade geri verme/kaldırma nedenidir; eşyanın satılamamış olması değildir."
2021,35,E,"Genel Hükümler, İşlemler & Meslek","Özet Beyan, Geçici Depolama, Beyan & Basitleştirmeler",Geçici depolama yerine eşya alınması,Olumsuz kök (değildir / yanlıştır),Doğru/Yanlış Hüküm,Gümrük Yönetmeliği,,Zor,,,,GY'ye göre geçici depolama yerlerine eşya alınmasıyla ilgili yanlış bilgi soruluyor.,Cevap anahtarına göre E yanlıştır: demir yolu/hava yolu ile gelen eşyaya ilişkin kısıtlama yönetmelik hükmüyle uyuşmamaktadır. Eşya işletme personelinin sorumluluğu ve gümrük gözetiminde alınır; deniz yoluyla gelen dolu konteynerler zorunlu hâller dışında iskele bağlantısı olmayan yerlere alınamaz.
2021,36,D,"Genel Hükümler, İşlemler & Meslek","Özet Beyan, Geçici Depolama, Beyan & Basitleştirmeler",Çıkış özet beyanının geçersizliği,Olumsuz kök (değildir / yanlıştır),Doğru/Yanlış Hüküm,Gümrük Yönetmeliği,,Orta,,,,TGB'yi terk eden eşya için ihracat idaresine verilen özet beyanla ilgili yanlış bilgi soruluyor.,Özet beyanın tescilini izleyen 150 gün içinde eşya TGB'yi terk etmezse özet beyan verilmemiş sayılır; 100 gün ifadesi yanlıştır. Muayene bildiriminden veya eşyanın çıkarılmak üzere tesliminden sonra özet beyanda değişiklik yapılamaz.
2021,37,D,"Genel Hükümler, İşlemler & Meslek","Muafiyetler (2009/15481, Geri Gelen Eşya)",Şahsi eşya ve taşıt istisnası,Olumsuz kök (değildir / yanlıştır),Kapsam & Şart,2009/15481 Karar,GK md. 167; 2009/15481 Karar,Orta,,,,Gerçek kişilerce serbest dolaşıma sokulan şahsi eşyalardan istisna kapsamında olmayan soruluyor.,"Cevap anahtarına göre D: yerleşim yerini nakledenlerin kullanılmış ev eşyası, miras yoluyla gelen kişisel eşya ve yurt dışında yerleşiklerin Türkiye'de satın aldığı veya en az 1 yıl kiraladığı konut için ev eşyası istisnadır; 10 yaşındaki kullanılmış motorlu özel nakil vasıtası istisna kapsamında değildir."
2021,38,D,"Vergi Alacağı, Ceza & Kaçakçılık",Gümrük Yükümlülüğü & Teminat,Gümrük yükümlülüğü doğuran hâller,Olumsuz kök (değildir / yanlıştır),Kapsam & Şart,4458 Gümrük Kanunu,,Kolay,,,,GK'da gümrük yükümlülüğü doğuran hâller arasında sayılmayan durum soruluyor.,"Nihai kullanım nedeniyle indirimli/sıfır oranla serbest dolaşıma giren eşyanın gümrük idaresinin izniyle ihracı veya yeniden ihracı yükümlülük doğurmaz; kanuna aykırı gözetim dışına çıkarma, kanuna aykırı giriş, ihracat vergili eşyanın beyansız çıkarılması yükümlülük doğurur."
2021,39,A,"Vergi Alacağı, Ceza & Kaçakçılık",Gümrük Yükümlülüğü & Teminat,Götürü teminattan yararlanamayan eşya,Olumsuz kök (değildir / yanlıştır),Kapsam & Şart,Kolaylaştırma Yönetmeliği,,Orta,,,,GİK Yönetmeliği'ne göre götürü teminat uygulamasından yararlanamayan eşya grubu soruluyor.,"ÖTV Kanunu'na ekli (I) sayılı listedeki eşya (akaryakıt ürünleri) götürü teminat uygulamasından yararlanamaz; (II), (III) ve (IV) sayılı listelerdeki eşya yararlanabilir."
2021,40,C,"Vergi Alacağı, Ceza & Kaçakçılık",Geri Verme / Kaldırma,Kusurlu eşyada geri verme süresi,Olumlu kök,Sayısal (süre-oran-tutar),Gümrük Genel Tebliğleri,,Orta,,,1 yıl,Kusurlu veya sözleşmeye aykırı eşyada geri verme başvurusunun yapılması gereken süre soruluyor.,Tescil tarihi itibarıyla kusurlu veya sözleşmeye aykırı olduğu için kabul edilmeyen eşyaya ilişkin ithalat vergilerinin geri verilmesi için başvuru 1 yıl içinde yapılmalıdır.
2021,41,A,"Vergi Alacağı, Ceza & Kaçakçılık",Kaçakçılık (5607),Teknik düzenlemeye aykırı kaçak akaryakıt,Olumlu kök,Belge & Prosedür,5607 Kaçakçılık Kanunu,,Orta,,,,Analizde teknik düzenlemeye uymadığı anlaşılan kaçak akaryakıt hakkında yapılacak işlem soruluyor.,"Numune analiz sonucu teknik düzenlemelere uygun olmayan el konulan akaryakıt, il özel idaresi veya defterdarlık tarafından en yakın rafinericiye satılır."
2021,42,D,"Vergi Alacağı, Ceza & Kaçakçılık",Kaçakçılık (5607),Akaryakıt yönetmeliği tanımları,Olumsuz kök (değildir / yanlıştır),Tanım / Kavram,5607 Kaçakçılık Kanunu,,Orta,,,,Elkonulan akaryakıt yönetmeliğinin tanımlar maddesinde yer almayan kavram soruluyor.,"Yönetmelikte ulusal marker, elkoyma, rayiç bedel ve alıkoyma tanımlanmıştır; 'arama' tanımlanan kavramlar arasında yoktur."
2021,43,D,"Vergi Alacağı, Ceza & Kaçakçılık",Kaçakçılık (5607),Görevlinin suça göz yumması,Olumlu kök,Kapsam & Şart,5607 Kaçakçılık Kanunu,,Kolay,,,,Kaçakçılık suçlarına kasten göz yuman görevlinin sorumluluk şekli soruluyor.,"Kaçakçılık fiillerini önlemek, izlemek ve araştırmakla görevli olup bu suçların işlenmesine kasten göz yuman kişi, işlenen suçun müşterek faili olarak sorumlu tutulur."
2021,44,E,"Vergi Alacağı, Ceza & Kaçakçılık",Kaçakçılık (5607),Belgede sahtecilikle kaçakçılık,Olumlu kök,Doğru/Yanlış Hüküm,5607 Kaçakçılık Kanunu,,Orta,,,,5607'deki suçların belgede sahtecilik yapılarak işlenmesinde cezanın nasıl verileceği soruluyor.,"5607 sayılı Kanun'daki suçlar belgede sahtecilik yapılarak işlenirse, ilgili kaçakçılık suçu ve belgede sahtecilik suçundan ayrı ayrı ceza verilir."
2021,45,A,"Vergi Alacağı, Ceza & Kaçakçılık",Kaçakçılık (5607),Yasak eşyanın iadesi,Olumlu kök,Kapsam & Şart,5607 Kaçakçılık Kanunu,,Orta,,,,Yabancı ülkeden gelen yasak eşyanın teminatla iade edilebildiği durum soruluyor.,"Yükleme veya taşıma belgelerinde belirtilerek gümrüğe gelen yasak eşya, teminat altında ve güvenlik tedbirleri alınarak geldiği yere veya başka bir ülkeye iade ve sevk edilir."
2021,46,E,"Vergi Alacağı, Ceza & Kaçakçılık",Kaçakçılık (5607),Kamu davasına katılma,Olumsuz kök (değildir / yanlıştır),Doğru/Yanlış Hüküm,5607 Kaçakçılık Kanunu,,Orta,,,,5607 kapsamında açılan kamu davasına katılma konusunda yanlış ifade soruluyor.,"İddianamenin bir örneği katılmaya yetkili idareye gönderilir; idare katılmak zorunda değildir, başvurduğu takdirde katılan sıfatını alır. Hâkimin katılma talebini kabul edip etmeme konusunda takdir yetkisi yoktur."
2021,47,D,"Vergi Alacağı, Ceza & Kaçakçılık",Kaçakçılık (5607),Akaryakıt numunelerinin saklanması,Olumlu kök,Yetkili Merci,5607 Kaçakçılık Kanunu,,Orta,,,,El konulan akaryakıttan alınan numuneleri saklamakla görevli birim soruluyor.,El konulan akaryakıttan alınan numunelerin saklanması gümrük idaresinin görevidir.
2021,48,B,"Vergi Alacağı, Ceza & Kaçakçılık",Kaçakçılık (5607),Kaçakçılıkta ağırlaştırıcı neden,Olumlu kök,Kapsam & Şart,5607 Kaçakçılık Kanunu,5607 md. 3,Kolay,,,,Eşyayı gümrük işlemine tabi tutmaksızın ülkeye sokma suçunda cezayı ağırlaştıran neden soruluyor.,"Eşyanın gümrük kapıları dışından ülkeye sokulması, eşyayı gümrük işlemlerine tabi tutmaksızın ülkeye sokma suçunun cezasını artıran nitelikli hâldir."
2021,49,C,"Vergi Alacağı, Ceza & Kaçakçılık",Kaçakçılık (5607),Elkonulan eşya yönetmeliği tanımları,Olumsuz kök (değildir / yanlıştır),Tanım / Kavram,5607 Kaçakçılık Kanunu,,Orta,,,,Elkonulan eşya ve alıkonulan taşıtlar yönetmeliğinde tanımlanmayan kavram soruluyor.,"Yönetmelikte depolama yeri, el konulan eşyanın değeri, nükleer çift kullanımlı madde, malzeme ve ekipman ile alkollü içki tanımlanmıştır; müsadere tanımlar arasında yer almaz."
2021,50,A,"Vergi Alacağı, Ceza & Kaçakçılık",Kaçakçılık (5607),El konulan sahte paranın teslimi,Olumlu kök,Yetkili Merci,5607 Kaçakçılık Kanunu,,Kolay,,,,El konulan sahte paranın teslim edileceği kurum soruluyor.,El konulan sahte para Türkiye Cumhuriyet Merkez Bankası şubelerine teslim edilir.
2021,51,A,"Genel Hükümler, İşlemler & Meslek",Tasfiye,Satış bedelinden ayrılma sırası,Eşleştirme / Sıralama,Belge & Prosedür,4458 Gümrük Kanunu,,Orta,,,,Tasfiye satış bedelinden alacakların ayrılma sırası soruluyor.,"Cevap anahtarına göre satış bedelinden sırasıyla hizmet karşılığı alacaklar ve yapılmış masraflar, gümrük vergileri, satış için yapılmış masraflar ve para cezaları ayrılarak hak sahiplerine dağıtılır (I, II, III, IV)."
2021,52,B,Dış Ticaret Politikası & Uluslararası Ticaret,"Uluslararası Ticaret, DTÖ & 1/95",Dış ticarette ödeme şekilleri,Olumsuz kök (değildir / yanlıştır),Olgu Bilgisi,Genel bilgi,,Kolay,,,,Dış ticarette başvurulan ödeme şekillerinden olmayan seçenek soruluyor.,"Dış ticarette ödeme şekilleri peşin ödeme, mal mukabili, vesaik mukabili, kabul kredili ödeme ve akreditiftir; 'kiralama ödemesi' bir ödeme şekli değildir."
2021,53,C,Gümrük Rejimleri,Dahilde İşleme Rejimi,DİR'in avantajları,Olumsuz kök (değildir / yanlıştır),Kapsam & Şart,4458 Gümrük Kanunu,,Kolay,,,,Dahilde işleme rejiminin avantajlarından olmayan seçenek soruluyor.,"DİR şartlı muafiyet (vergiler teminata bağlanır, ticaret politikası önlemleri uygulanmaz) ve geri ödeme (vergiler ödenip ürün ihracından sonra geri alınır) imkânı sağlar; ihraç koşulu aranmaksızın vergi iadesi mümkün değildir."
2021,54,B,Dış Ticaret Politikası & Uluslararası Ticaret,İhracat Mevzuatı (Dış Ticaret),İhracı yasak mallar,Olumlu kök,Kapsam & Şart,Dış Ticaret Mevzuatı,İhracat 96/31 Tebliği,Orta,,,,Türkiye'den ihracı yasak olan mal soruluyor.,"Sultani çekirdeksiz asma fidanı ihracı yasak mallar listesindedir; tescilli ve sertifikalı zeytin fidanı yasak dışındadır, diğer ürünler yasak değildir (bazıları izne/ön izne bağlı olabilir)."
2021,55,A,Dış Ticaret Politikası & Uluslararası Ticaret,İthalat Rejimi & Ek Mali Yükümlülük,İthalatta vergi numarası,Olumsuz kök (değildir / yanlıştır),Kapsam & Şart,Dış Ticaret Mevzuatı,,Zor,,,,İthalatında ithalatçının vergi numarasının aranmadığı eşya soruluyor.,"Cevap anahtarına göre kitap ve diğer yayınların ithalatında vergi numarası aranmaz; sağlık araç-gereçleri, tohum-fide, temel kimyevi girdiler ve canlı hayvan ithalatında aranır."
2021,56,A,"Genel Hükümler, İşlemler & Meslek",Posta & Hızlı Kargo,Posta kolilerinin muayenesi,Olumsuz kök (değildir / yanlıştır),Doğru/Yanlış Hüküm,Gümrük Yönetmeliği,,Orta,,,,Posta gümrük işlemleriyle ilgili yanlış ifade soruluyor.,Muayene sonucunda ticari nitelikte görülen eşya için koli alıcısına tebligat yapılır ve işlemler beyanname ile yürütülür; tebligat yapılmaksızın muayene ve tahakkuk yapılacağı ifadesi yanlıştır.
2021,57,B,"İç Vergiler, Kambiyo & Fonlar","Kambiyo (32 Sayılı Karar, TCMB)",1-M Genelgesi döviz devir oranı,Olumsuz kök (değildir / yanlıştır),Doğru/Yanlış Hüküm,Kambiyo & Fon Mevzuatı,,Zor,,,,TCMB 1-M Genelgesi'ne göre yanlış ifade soruluyor.,"Bankalar ve diğer yetkili kuruluşların döviz mevcutlarından TCMB'ye yapacakları zorunlu devir oranı %0'dır (%0,1 değil). Efektif sevki, vadeli döviz işlemleri ve döviz kurlarının belirlenmesi serbesttir."
2021,58,E,Dış Ticaret Politikası & Uluslararası Ticaret,"Damping, Sübvansiyon & Korunma",Damping/sübvansiyonda zarar unsurları,Öncüllü (I-II-III),Kapsam & Şart,Dış Ticaret Mevzuatı,,Kolay,,,,3577 sayılı Kanun'a göre önlem alınmasını gerektiren zarar hâlleri soruluyor.,"Damping veya sübvansiyonlu ithalat; yerli üretim dalında maddi zarara, maddi zarar tehdidine ya da üretim dalının kurulmasının maddi olarak gecikmesine yol açıyorsa önlem alınır; üç hâl de sayılmıştır."
2021,59,D,Tarife & Sınıflandırma,Tarife Mevzuatı & BTB,Gümrük tarifesinin kapsamı,Olumsuz kök (değildir / yanlıştır),Kapsam & Şart,4458 Gümrük Kanunu,,Orta,,,,GK'ya göre 'gümrük tarifesi' kavramının kapsamadığı unsur soruluyor.,"Gümrük tarifesi; TGTC, ona dayalı veya alt açılım ekleyen diğer cetveller, vergi oranları ve şartlı muafiyet/indirim uygulamalarını kapsar. D'deki tanım 'gümrük gözetimi'ne aittir."
2021,60,C,Dış Ticaret Politikası & Uluslararası Ticaret,"Uluslararası Ticaret, DTÖ & 1/95",Deniz konşimentosunun nitelikleri,Olumsuz kök (değildir / yanlıştır),Tanım / Kavram,Genel bilgi,,Orta,,,,Deniz konşimentosunun içeriği ve niteliğiyle ilgili söylenemeyecek ifade soruluyor.,"Konşimento, malın taşınmak üzere teslim alındığını/gemiye yüklendiğini gösteren, mülkiyeti temsil eden ve ciro ile devredilebilen taşıma belgesidir; malın alıcıya teslim edildiğini göstermez."
2021,61,E,"İç Vergiler, Kambiyo & Fonlar","Kambiyo (32 Sayılı Karar, TCMB)",TCMB konvertibl dövizleri,Olumsuz kök (değildir / yanlıştır),Olgu Bilgisi,Kambiyo & Fon Mevzuatı,,Orta,,,,TCMB'nin alım-satıma konu ettiği konvertibl dövizlerden olmayan para birimi soruluyor.,"TCMB'nin alım-satıma konu ettiği dövizler arasında Norveç kronu, Rus rublesi, Euro ve Pakistan rupisi bulunur; Yeni Zelanda doları bulunmaz."
2021,62,B,Dış Ticaret Politikası & Uluslararası Ticaret,"Uluslararası Ticaret, DTÖ & 1/95",Döviz kuru tanımı,Olumlu kök,Tanım / Kavram,Genel bilgi,,Kolay,,,,Döviz kurunun tanımı soruluyor.,"Döviz kuru, dövizin (yabancı paranın) ulusal para cinsinden fiyatıdır."
2021,63,E,"İç Vergiler, Kambiyo & Fonlar","Kambiyo (32 Sayılı Karar, TCMB)",Menkul kıymet ve borçlanma aracı ihracı,Olumsuz kök (değildir / yanlıştır),Doğru/Yanlış Hüküm,Kambiyo & Fon Mevzuatı,,Zor,,,,Sermaye Hareketleri Genelgesi'ne göre menkul kıymetlerle ilgili yanlış ifade soruluyor.,"Kamu kurum ve kuruluşları ile belediyelerin uluslararası piyasalarda tahvil ve diğer borçlanma aracı ihracı serbest değildir, özel mevzuatına tabidir. Menkul kıymetlerin giriş-çıkışı ve yerleşiklerin yetkili aracılarla yurt dışı alım-satımı serbesttir."
2021,64,D,Dış Ticaret Politikası & Uluslararası Ticaret,"Uluslararası Ticaret, DTÖ & 1/95",Karşı ticaret türleri,Olumsuz kök (değildir / yanlıştır),Olgu Bilgisi,Genel bilgi,,Orta,,,,Ödeme biçimine göre gruplandırmada grubun dışında kalan ticaret uygulaması soruluyor.,"Aktarmalı (switch) ticaret, takas, kliring ve karşı satın alım, ödemenin tamamen veya kısmen mal ile yapıldığı karşı ticaret türleridir; serbest dövizli ticaret bu grubun dışındadır."
2021,65,A,Dış Ticaret Politikası & Uluslararası Ticaret,"Damping, Sübvansiyon & Korunma",İHRDK'nın görevleri,Olumsuz kök (değildir / yanlıştır),Kapsam & Şart,Dış Ticaret Mevzuatı,,Orta,,,,İthalatta Haksız Rekabeti Değerlendirme Kurulunun görevlerinden olmayan soruluyor.,"Kurul; soruşturma açılması/durdurulmasına karar verir, geçici ve kesin önlem kararlarını Bakanlık onayına sunar, taahhüt önerir ve kabul eder. Damping/sübvansiyona konu ithalat kalemlerini tespit etmek Kurulun görevi değildir."
2021,66,C,Dış Ticaret Politikası & Uluslararası Ticaret,"Teşvik, Yabancı Yatırım & Sınır Ticareti",DYY kapsamındaki varlıklar,Olumsuz kök (değildir / yanlıştır),Kapsam & Şart,Dış Ticaret Mevzuatı,4875 sayılı K. md. 2,Kolay,,,,4875 sayılı Kanun'a göre yabancı yatırımcının yurt dışından getirebileceği unsurlardan olmayan soruluyor.,"Doğrudan yabancı yatırım için konvertibl nakit sermaye, şirket menkul kıymetleri (devlet tahvilleri hariç), makine-teçhizat ve sınai/fikri mülkiyet hakları getirilebilir; devlet tahvilleri kapsam dışıdır."
2021,67,B,Dış Ticaret Politikası & Uluslararası Ticaret,Incoterms (Teslim Şekilleri),Alıcı açısından teslim şekilleri,Olumlu kök,Kapsam & Şart,Uluslararası Anlaşmalar,,Kolay,,,,Alıcının katlanacağı maliyetler açısından en avantajlı teslim şekli soruluyor.,DDP'de satıcı ithalat vergileri dahil tüm masraf ve riskleri alıcı ülkesindeki varış yerine kadar üstlenir; alıcı için en az maliyetli teslim şeklidir (EXW ise alıcı için en ağırıdır).
2021,68,A,Dış Ticaret Politikası & Uluslararası Ticaret,İhracat Mevzuatı (Dış Ticaret),Bağlı muamele,Olumlu kök,Tanım / Kavram,Dış Ticaret Mevzuatı,,Kolay,,,,İhracat Yönetmeliği'ne göre ikiden fazla taraf arasındaki takas işleminin adı soruluyor.,İkiden fazla taraf arasında yapılan takas işlemi 'bağlı muamele' olarak adlandırılır.
2021,69,A,"Genel Hükümler, İşlemler & Meslek",Posta & Hızlı Kargo,Posta ihracat eşyasının antrepo süresi,Olumlu kök,Sayısal (süre-oran-tutar),Gümrük Yönetmeliği,,Orta,,,1 ay,Posta yoluyla ihraç edilecek ticari eşyanın antrepoda bekletilme süresi soruluyor.,"Posta yoluyla yurt dışına gönderilecek ticari eşya, antrepo beyannamesinin tescilinden itibaren posta idaresinin sorumluluğundaki genel antrepoda 1 ay bekletilebilir."
2021,70,C,"Genel Hükümler, İşlemler & Meslek",Posta & Hızlı Kargo,Posta antrepoları ve posta idaresi,Olumsuz kök (değildir / yanlıştır),Doğru/Yanlış Hüküm,Gümrük Yönetmeliği,,Kolay,,,,Posta gönderilerinin konulduğu yerler ve posta idaresinin yükümlülükleriyle ilgili yanlış ifade soruluyor.,"Posta yoluyla yurt dışına gönderilecek ticari eşya özel değil genel antrepolara konulur. Posta idaresi büro-mefruşat, ölçü aletleri ve tahlil cihazlarını bedelsiz karşılamakla yükümlüdür."
2021,71,B,Gümrük Rejimleri,Geçici İthalat,Kısmi muafiyette aylık vergi,Olumlu kök,Sayısal (süre-oran-tutar),4458 Gümrük Kanunu,,Kolay,,,%3,Kısmi muafiyetli geçici ithalatta her ay için alınacak vergi oranı soruluyor.,"Kısmi muafiyetle geçici ithal edilen eşyadan her ay için, tescil tarihinde serbest dolaşıma girseydi alınacak vergilerin %3'ü alınır."
2021,72,C,"Genel Hükümler, İşlemler & Meslek",Genel Hükümler & Tanımlar,Gümrük vergileri tanımı,Olumsuz kök (değildir / yanlıştır),Tanım / Kavram,4458 Gümrük Kanunu,GK md. 3,Kolay,,,,GK'daki gümrük vergileri tanımına girmeyen vergi soruluyor.,"GK'ya göre gümrük vergileri; ithalat ve ihracat gümrük vergileri, eş etkili vergiler ve işlenmiş tarım ürünlerine özel düzenlemelerle uygulanan vergileri kapsar; ÖTV bu tanıma girmez."
2021,73,E,Tarife & Sınıflandırma,Tarife Mevzuatı & BTB,Gümrük tarifesinin kabulü,Olumsuz kök (değildir / yanlıştır),Doğru/Yanlış Hüküm,4458 Gümrük Kanunu,,Orta,,,,Gümrük tarifesine ilişkin yanlış bilgi soruluyor.,Gümrük tarifesinin kapsadığı TGTC Bakanlıkça değil Cumhurbaşkanınca (önceden Bakanlar Kurulunca) kabul edilir. Vergiler yükümlülüğün başladığı tarihteki tarifeye göre hesaplanır.
2021,74,A,Gümrük Rejimleri,Transit Rejimi & TIR,Transitte teminattan muaf taşımalar,Olumsuz kök (değildir / yanlıştır),Kapsam & Şart,4458 Gümrük Kanunu,,Kolay,,,,Transitte kural olarak teminat aranmayan taşıma türlerinden olmayan soruluyor.,"Hava, deniz, demir yolu ve boru hattıyla yapılan transit taşımalarda yönetmelikle belirlenen hâller dışında teminat aranmaz; kara yolu taşımalarında teminat zorunludur."
2021,75,D,Dış Ticaret Politikası & Uluslararası Ticaret,"Teşvik, Yabancı Yatırım & Sınır Ticareti",Sınır ticaret merkezlerinin statüsü,Olumsuz kök (değildir / yanlıştır),Doğru/Yanlış Hüküm,4458 Gümrük Kanunu,,Orta,,,,GK'nın sınır ticareti düzenlemeleriyle ilgili yanlış ifade soruluyor.,"Sınır ticaret merkezleri gümrük işlemlerinin yürütülmesinde Türkiye Gümrük Bölgesi dışında addedilir. Kapsam, merkezlerin kuruluşu ve tek-maktu tarife konusunda Cumhurbaşkanı yetkilidir."
2021,76,C,"Genel Hükümler, İşlemler & Meslek","Muafiyetler (2009/15481, Geri Gelen Eşya)",Geri gelen eşyada süre,Olumlu kök,Sayısal (süre-oran-tutar),4458 Gümrük Kanunu,GK md. 168,Kolay,,,3 yıl,Serbest dolaşımdaki eşyanın ihraçtan sonra kaç yıl içinde geri gelirse muaf tutulacağı soruluyor.,"Serbest dolaşımdayken ihraç edilen eşya 3 yıl içinde yeniden serbest dolaşıma girerse, beyan sahibinin talebiyle ithalat vergilerinden muaf tutulur."
2021,77,A,"Vergi Alacağı, Ceza & Kaçakçılık",Gümrük Yükümlülüğü & Teminat,Kabul edilecek teminatlar,Olumlu kök,Kapsam & Şart,4458 Gümrük Kanunu,,Kolay,,,,Gümrük vergileri için kabul edilecek teminatların tabi olduğu kanun soruluyor.,Gümrük vergileri için kabul edilecek teminatlar ve bunların değerlendirilmesi 6183 sayılı Amme Alacaklarının Tahsil Usulü Hakkında Kanun hükümlerine tabidir.
2021,78,C,"Vergi Alacağı, Ceza & Kaçakçılık","Tahakkuk, Tahsil & Zamanaşımı",Dolaylı temsilciye tebligat yapılmayan hâller,Öncüllü (I-II-III),Kapsam & Şart,Gümrük Genel Tebliğleri,,Zor,,,,Tahsilat Tebliği'ne göre dolaylı temsilciye ayrıca tebligat yapılmayacak hâller soruluyor.,Asıl yükümlünün OKS belgesi veya YYS sertifikası bulunması (I) ya da adına alacağa yetecek teminat bulunması (II) hâlinde dolaylı temsilciye ayrıca tebligat yapılmaz; ek tahakkukun eşyanın tesliminden sonra tebliğ edilmesi (III) bu hâllerden değildir.
2021,79,B,"Vergi Alacağı, Ceza & Kaçakçılık",İdari Para Cezaları & Uzlaşma,İhracat vergili eşyada usulsüz çıkış,Olumlu kök,Sayısal (süre-oran-tutar),4458 Gümrük Kanunu,,Orta,,,2 katı,İhracat vergisine tabi eşyanın usulsüz çıkarılmasında vergilerin kaç katı ceza verileceği soruluyor.,"Gümrük vergileri ödenerek ihraç edilebilen eşyayı gümrük işlemine tabi tutmadan veya vergileri ödemeden TGB'den çıkaranlara, vergilerin yanı sıra bu vergilerin 2 katı idari para cezası verilir."
2021,80,E,"Genel Hükümler, İşlemler & Meslek",Serbest Bölge & Gümrüksüz Satış,Serbest bölgede yükümlülük ve kayıp eşya,Olumsuz kök (değildir / yanlıştır),Doğru/Yanlış Hüküm,4458 Gümrük Kanunu,,Orta,,,,Serbest bölgelerdeki gümrük yükümlülüğüne ilişkin yanlış ifade soruluyor.,"Serbest bölgede kaybolan ve tüketilmiş sayılan eşyanın vergilerini, eşyanın gümrük idarelerince bilinen son zilyedi öder; 'bilinen ilk kullanıcısı' ifadesi yanlıştır."
2021,81,A,"İç Vergiler, Kambiyo & Fonlar",KDV,Taşıyıcı ortamdaki yazılımın vergilendirilmesi,Olumlu kök,Hesaplama,KDV Kanunu,KDV K. md. 21; GY taşıyıcı ortam hükmü,Orta,KDV matrahı / KDV,,"182,98 USD",CD'ye kayıtlı yazılım ithalatında ödenecek gümrük vergisi ve KDV toplamı soruluyor.,"Yazılım ve taşıyıcı ortam faturada ayrı gösterildiğinden gümrük kıymeti yalnız taşıyıcı ortamdır (10 USD): GV = 10 × %10 = 1. KDV matrahı = 10 + 1 + 1.000 (yazılım bedeli) = 1.011; KDV = 181,98. Toplam 1 + 181,98 = 182,98 USD."
2021,82,B,"Vergi Alacağı, Ceza & Kaçakçılık",İdari Para Cezaları & Uzlaşma,Ek tahakkuk ve cezada uzlaşma tutarı,Olumlu kök,Hesaplama,4458 Gümrük Kanunu,"GK md. 234, 244",Zor,Uzlaşma,,22.944 ₺,Ödenmeyen kültür fonu nedeniyle doğan vergi farkı ve cezada uzlaşmaya konu tutar soruluyor.,"Kültür fonu (100.000 × 8 × %3 = 24.000 ₺) gümrük vergisi olmadığından uzlaşmaya konu edilmez, ancak ÖTV/KDV matrahını artırır: ÖTV farkı 24.000 × %5 = 1.200; KDV farkı (24.000 + 1.200) × %18 = 4.536; vergi farkı 5.736 + 3 kat ceza 17.208 = 22.944 ₺."
2021,83,A,"Vergi Alacağı, Ceza & Kaçakçılık",İdari Para Cezaları & Uzlaşma,"Beyan edilmeyen lisans ücreti, zamanaşımı",Olumlu kök,Hesaplama,4458 Gümrük Kanunu,"GK md. 27, 197, 234",Zor,Ceza / ek tahakkuk,,143.338 ₺,Beyan edilmeyen lisans ücretleri için zamanaşımı dikkate alınarak vergi ve ceza toplamı soruluyor.,"2018 ödemesi 3 yıllık zamanaşımı nedeniyle (1/7/2021 itibarıyla) aranamaz. 2019: 10.000 × 5 = 50.000; 2020: 14.000 × 7 = 98.000 → 148.000 ₺. GV %10 = 14.800; KDV (148.000 + 14.800) × %18 = 29.304; vergi 44.104. Ceza 3 kat = 132.312, peşin ödeme indirimiyle 3/4'ü 99.234. Toplam 143.338 ₺."
2021,84,C,Gümrük Kıymeti,Gümrük Kıymeti,"Komisyon, yardım ve lisans",Olumlu kök,Hesaplama,4458 Gümrük Kanunu,GK md. 27-28,Zor,Gümrük kıymeti,,328.000 ₺,"Komisyon, avans, lisans, bedelsiz aksam ve diğer giderler verilen ithalatta gümrük kıymeti soruluyor.","Fiyat 10.000 avans + 20.000 bakiye = 30.000 (CIF İstanbul); satış koşulu olan lisans ücreti 1.000 ve alıcının bedelsiz sağladığı elektronik aksam 10.000 eklenir → 41.000 USD × 8 = 328.000 ₺. Alım komisyonu, araştırma ve ilk dizayn taslağı gideri, kendi pazarlama gideri ve satıştan bağımsız tekrar satış hakkı ödemesi eklenmez."
2021,85,B,Gümrük Kıymeti,Gümrük Kıymeti,EXW teslimde ilave ve indirimler,Olumlu kök,Hesaplama,4458 Gümrük Kanunu,GK md. 27-28,Orta,Gümrük kıymeti,,214.000 ₺,EXW teslimli elektronik alet ithalatında ilave ve indirimlerle gümrük kıymeti soruluyor.,"1.000 × 25 = 25.000 + fabrika-ihraç limanı taşıması 500 + yükleme limanı demurajı 750 + satıcı garantisi için ödenen 500 = 26.750 USD × 8 = 214.000 ₺. Banka transfer masrafı, Mersin'deki demuraj ve boşaltma gideri, yurt içi nakliye ve ithalat sonrası bakım ücreti eklenmez."
2021,86,D,Gümrük Kıymeti,Gümrük Kıymeti,Hesaplanmış kıymet hesabı,Olumlu kök,Hesaplama,4458 Gümrük Kanunu,,Zor,Gümrük kıymeti,,31.335 USD,Üretici maliyet verilerinden hesaplanmış kıymet yöntemine göre gümrük kıymeti soruluyor.,CIF fiyat (yardım hariç) = malzemeler 18.000 + sabit gider 1.000 + ücret 2.000 + dış paketleme 700 + satış 400 + idari 100 + ihracatçı ülkede taşıma 100 + yurt dışı taşıma-sigorta 600 = 22.900; kâr %15 = 3.435; ithalatçının bedelsiz sağladığı fişler 5.000 eklenir → 31.335 USD. Yurt içi taşıma (1.000) eklenmez.
2021,87,C,"İç Vergiler, Kambiyo & Fonlar",KDV,Kolalı gazozda KDV matrahı,Olumlu kök,Hesaplama,KDV Kanunu,KDV K. md. 21,Zor,KDV matrahı / KDV,22,123.552 ₺,"Kolalı gazoz ithalatında GV, ÖTV ve KKDF dikkate alınarak KDV matrahı soruluyor.","Kıymet tescil tarihindeki kurla 10.000 × 8 = 80.000 ₺; GV %9,6 = 7.680; KKDF yalnız mal mukabili kısma: 8.000 × 8 = 64.000 × %6 = 3.840 (peşin kısma uygulanmaz); ÖTV matrahı 80.000 + 7.680 + 3.840 = 91.520, ÖTV %35 = 32.032; KDV matrahı 91.520 + 32.032 = 123.552 ₺."
2021,88,C,Gümrük Kıymeti,Gümrük Kıymeti,Aynı eşyanın satış bedeli yöntemi,Olumlu kök,Hesaplama,4458 Gümrük Kanunu,,Orta,Gümrük kıymeti,,6.000 USD,Miktar düzeltmesiyle aynı eşyanın satış bedeli yöntemine göre gümrük kıymeti soruluyor.,"Aynı ticari düzeyde fakat farklı miktarda (3.000 adet, 2,5 USD) yapılan satış fiyat listesine göre miktar yönünden düzeltilir: 2.500 adedin altındaki alımlarda birim fiyat 3 USD → 2.000 × 3 = 6.000 USD. Perakende fiyatı (3,5 USD) dikkate alınmaz."
2021,89,A,Gümrük Kıymeti,Gümrük Kıymeti,Satış bedeline ilaveler ve indirimler,Olumlu kök,Hesaplama,4458 Gümrük Kanunu,GK md. 27-28,Zor,Gümrük kıymeti,,2.552.000 ₺,Tekstil makinesi ithalatında ilave ve indirimler dikkate alınarak gümrük kıymeti soruluyor.,"300.000 (CIF Amsterdam) + Amsterdam-Kapıkule nakliye-sigorta 4.500 + satıcının borcunun ödenmesi 9.000 + ihraç limanı demurajı 500 + satış koşulu eğitim 2.000 + satış koşulu yazılım lisansı 3.000 = 319.000 USD × 8 = 2.552.000 ₺. Kapıkule-İstanbul nakliyesi, temettü, huzur hakkı, ithalat sonrası montaj, boşaltma limanı demurajı ve TL giderler eklenmez."
2021,90,B,"İç Vergiler, Kambiyo & Fonlar",KDV,KDV matrahına eklenecek giderler,Olumlu kök,Hesaplama,KDV Kanunu,KDV K. md. 21,Zor,KDV matrahı / KDV,,2.556.700 ₺,Aynı senaryoda diğer vergiler ihmal edilerek KDV matrahı soruluyor.,"Cevap anahtarına göre: gümrük kıymeti 2.552.000 + Kapıkule-İstanbul navlun-sigortası 500 USD (4.000 ₺) + tescil öncesi ardiye 600 ₺ + fazla mesai 100 ₺ = 2.556.700 ₺. Tescil sonrası ardiye, KDV dahil tahlil ve müşavirlik ücretleri ve montaj eklenmez; aynı tutardaki boşaltma limanı demurajı (ix) anahtarda matraha katılmamıştır."
2021,91,D,Tarife & Sınıflandırma,Tarife Sınıflandırma (GTİP),27. fasıl kapsamı,Olumsuz kök (değildir / yanlıştır),Tarife Sınıflandırma,"Tarife Cetveli, İzahname & GYK","28.04; 27.03, 27.05, 27.12, 27.16",Orta,,"27, 28",,TGTC 27. fasılda sınıflandırılamayan eşya soruluyor.,"Hidrojen gazı kimyasal element olarak 28.04'te sınıflandırılır. Havagazı 27.05, turba 27.03, elektrik enerjisi 27.16, vazelin 27.12 pozisyonundadır."
2021,92,D,Tarife & Sınıflandırma,Tarife Sınıflandırma (GTİP),93. fasıl silahlar,Olumsuz kök (değildir / yanlıştır),Tarife Sınıflandırma,"Tarife Cetveli, İzahname & GYK","93. fasıl not 1; 93.03, 93.07, 95.06",Kolay,,"93, 95",,TGTC 93. fasılda sınıflandırılmayan eşya soruluyor.,"Ok ve yaylar 93. fasıl notu gereği bu fasıl dışındadır ve 95. fasılda (95.06) sınıflandırılır. Av tüfeği 93.03'te; mızrak, süngü ve kılıç kınları 93.07'de yer alır."
2021,93,B,Tarife & Sınıflandırma,Tarife Sınıflandırma (GTİP),63.07 diğer hazır eşya,Olumsuz kök (değildir / yanlıştır),Tarife Sınıflandırma,"Tarife Cetveli, İzahname & GYK",96.19; 63.07,Orta,,"63, 96",,TGTC 63.07 pozisyonunda sınıflandırılamayan eşya soruluyor.,"Tek kullanımlık bebek bezleri, malzemesine bakılmaksızın 96.19'da sınıflandırılır. Tek kullanımlık tıbbi maske, emdirilmemiş toz ve yer bezi ile cankurtaran yeleği 63.07'dedir."
2021,94,C,Tarife & Sınıflandırma,Tarife Sınıflandırma (GTİP),GYK 3(b) perakende takım,Olumlu kök,Tarife Sınıflandırma,"Tarife Cetveli, İzahname & GYK",GYK 3(b); 19.02,Orta,,19,,GYK 3(b) anlamında perakende satışa hazır takım hâlindeki eşyaya uygun örnek soruluyor.,"Takım; farklı pozisyonlardaki, belirli bir ihtiyaç için bir araya getirilmiş ve doğrudan son kullanıcıya satılacak şekilde paketlenmiş eşyadır. Tek porsiyonluk makarna + rendelenmiş peynir + domates sosu seti buna uyar ve esas karakteri veren makarna (19.02) olarak sınıflandırılır; aynı tür bıçaklar, aynı pozisyondaki kozmetikler, kahve+fincan ve rastgele gıda kolisi takım değildir."
2021,95,B,Tarife & Sınıflandırma,Tarife Sınıflandırma (GTİP),96.03 fırçalar,Olumsuz kök (değildir / yanlıştır),Tarife Sınıflandırma,"Tarife Cetveli, İzahname & GYK",90.18; 96.03 izahnamesi,Orta,,"96, 90",,TGTC 96.03 pozisyonunda sınıflandırılamayan eşya soruluyor.,"Dişçilik tornalarında kullanılan fırçalar dişçilik aletlerinin aksesuarı olarak 90.18'de sınıflandırılır. Saç, elbise ve resim fırçaları ile badana rulosu 96.03'tedir."
2021,96,A,Tarife & Sınıflandırma,Tarife Sınıflandırma (GTİP),12.11 tıbbi ve aromatik bitkiler,Olumlu kök,Tarife Sınıflandırma,"Tarife Cetveli, İzahname & GYK",12.11; 09.03-09.10,Zor,,12,,Tümü 12.11 pozisyonunda sınıflandırılan bitki grubu soruluyor.,"Tonka fasulyesi, ginseng kökü ve nane 12.11'dedir. Vanilya, tarçın, karanfil, kişniş/kimyon/anason tohumu, zencefil, kekik ve paraguay çayı (mate) 9. fasıldaki baharat/çay pozisyonlarına girer."
2021,97,C,Tarife & Sınıflandırma,Tarife Sınıflandırma (GTİP),GYK uygulama örnekleri,Olumsuz kök (değildir / yanlıştır),Tarife Sınıflandırma,"Tarife Cetveli, İzahname & GYK",GYK 1 ve 6; 96.05,Zor,,96,,Verilen sınıflandırma örneklerinden hangisinde esas alınan GYK'nın yanlış gösterildiği soruluyor.,"Seyahat dikiş takımı 96.05 pozisyon metninde ('seyahat takımları') açıkça yer aldığından GYK 1 ve 6 ile sınıflandırılır, GYK 3(b) uygulanmaz. Demonte bisiklet GYK 2(a), mahfazasıyla fotoğraf makinesi GYK 5(a) ile doğru gösterilmiştir."
2021,98,A,Tarife & Sınıflandırma,Tarife Sınıflandırma (GTİP),30. fasıl eczacılık ürünleri,Olumlu kök,Tarife Sınıflandırma,"Tarife Cetveli, İzahname & GYK",30.06; 30. fasıl not 1,Orta,,30,,TGTC 30. fasılda sınıflandırılan eşya soruluyor.,"İlk yardım kutuları 30.06'da sınıflandırılır. Tıbbi sabun 34.01, B12 vitamini 29.36, akne giderici yüz bakım müstahzarı 33.04'tedir; sigarayı bırakmaya yardımcı bantlar 30. fasıl notuyla fasıl dışındadır."
2021,99,E,Tarife & Sınıflandırma,Tarife Sınıflandırma (GTİP),71. fasılda platin tanımı,Olumsuz kök (değildir / yanlıştır),Tarife Sınıflandırma,"Tarife Cetveli, İzahname & GYK",71. fasıl not 4(B),Kolay,,"71, 81",,71. fasıl anlamında 'platin' kapsamına girmeyen metal soruluyor.,"71. fasıl not 4(B)'ye göre 'platin'; platin, iridyum, osmiyum, paladyum, rodyum ve rutenyumu kapsar. Kadmiyum bu kapsamda değildir (81. fasıl)."
2021,100,E,Tarife & Sınıflandırma,Tarife Sınıflandırma (GTİP),Wonton ve çorba tozu seti,Olumlu kök,Tarife Sınıflandırma,"Tarife Cetveli, İzahname & GYK","GYK 1, 2(b), 3(b), 6; 1902.20; 16. fasıl not 2",Zor,,19,,Karidesli wonton ve çorba tozundan oluşan perakende setin sınıflandırması soruluyor.,"Set GYK 3(b) uyarınca esas karakteri veren wontona göre sınıflandırılır; doldurulmuş makarna 16. fasıl not 2'deki istisna gereği karides oranına bakılmaksızın 1902.20'de yer alır. Uygulanan kurallar GYK 1, 2(b), 3(b) ve 6'dır."
2022,1,A,"İç Vergiler, Kambiyo & Fonlar","Kambiyo (32 Sayılı Karar, TCMB)",Standart dışı işlenmemiş altın ithali,Olumlu kök,Kapsam & Şart,Kambiyo & Fon Mevzuatı,32 sayılı Karar md. 2,Orta,,,,Serbest dolaşıma girişte yalnızca KMB üyesi aracı kuruluşlarca ithal edilebilecek kıymetli maden hangisidir?,"Standart dışı işlenmemiş altının serbest dolaşıma giriş rejimi kapsamında ithalatı, TCMB ve kendi mevzuatları saklı kalmak kaydıyla yalnızca Kıymetli Madenler Borsası üyesi kıymetli maden aracı kuruluşlarınca yapılabilir."
2022,2,D,"İç Vergiler, Kambiyo & Fonlar",KKDF & DFİF,KKDF kesintisine tabi ithalat,Olumlu kök,Kapsam & Şart,Kambiyo & Fon Mevzuatı,88/12944 sayılı Karar; KKDF Tebliği,Orta,,,,Kambiyo mevzuatına göre hangi ithalat işleminde KKDF kesintisi yapılması zorunludur?,"Mal mukabili ödeme şekliyle yapılan taze muz ithalatı KKDF kesintisine tabidir; diğer seçeneklerdeki petrol, gübre, buğday ithalatı ile BİST'te işlem görecek standart işlenmemiş kıymetli madenler kesinti dışında/istisna kapsamındadır."
2022,3,D,"Vergi Alacağı, Ceza & Kaçakçılık","Tahakkuk, Tahsil & Zamanaşımı",Tahakkuk zamanaşımı ve dava etkisi,Olumsuz kök (değildir / yanlıştır),Doğru/Yanlış Hüküm,4458 Gümrük Kanunu,GK md. 197,Orta,,,,Tahakkuk zamanaşımı ve dava açılmasının etkilerine ilişkin hangi ifade yanlıştır?,"Cevap anahtarına göre D yanlıştır: tebliğ edilen gümrük vergilerine karşı dava açılması tahsil takibini durdurur. Tahakkuk zamanaşımı yükümlülüğün doğduğu tarihten itibaren 3 yıldır, idarece re'sen dikkate alınır ve dava açılması zamanaşımını durdurur."
2022,4,B,Dış Ticaret Politikası & Uluslararası Ticaret,"Teşvik, Yabancı Yatırım & Sınır Ticareti",Teşvik belgesi kapsamında ithalat,Olumlu kök,Doğru/Yanlış Hüküm,Dış Ticaret Mevzuatı,2012/3305 sayılı Karar,Zor,,,,2012/3305 sayılı Yatırımlarda Devlet Yardımları Kararı'na ilişkin hangi ifade doğrudur?,"Yatırım süresi içinde kambiyo mevzuatındaki ödeme şekillerinden biriyle ithalatına başlanmış veya bedeli ödenmiş ancak ithal edilememiş makine-teçhizatın ithaline, belge kapsamındaki destekler uygulanarak izin verilir. Teşvik belgesi diğer mevzuattaki izin/ruhsat yükümlülüğünü kaldırmaz."
2022,5,A,"İç Vergiler, Kambiyo & Fonlar",KKDF & DFİF,KKDF kesintisinde esas kur,Olumlu kök,Kapsam & Şart,Kambiyo & Fon Mevzuatı,KKDF 6 Sayılı Tebliğ,Zor,,,,"Kabul kredili, vadeli akreditif ve mal mukabili ithalatta KKDF kesintisi hangi kur üzerinden hesaplanır?","KKDF 6 Sayılı Tebliğ'e göre kabul kredili, vadeli akreditif ve mal mukabili ödeme şekillerindeki ithalatta KKDF kesintisi TCMB döviz alış kuru esas alınarak hesaplanır."
2022,6,E,"Vergi Alacağı, Ceza & Kaçakçılık",Gümrük Yükümlülüğü & Teminat,Götürü teminatın tutarı ve kapsamı,Olumlu kök,Doğru/Yanlış Hüküm,Gümrük Yönetmeliği,GK md. 213,Zor,,,,Gümrük mevzuatına göre toplu ve götürü teminata ilişkin hangi ifade doğrudur?,"Götürü teminat tutarı, başvuru ayının ilk gününden geriye dönük bir yıl içindeki işlemlerde teminata konu gümrük vergileri toplamının %10'u olarak belirlenir. Götürü teminat transit rejimi hariç işlemler için verilir ve yalnız YYS/OKS sahiplerine özgü değildir."
2022,7,C,"Genel Hükümler, İşlemler & Meslek",YYS & Onaylanmış Kişi,YYS talebe bağlı kolaylıklar,Olumlu kök,Kapsam & Şart,Kolaylaştırma Yönetmeliği,,Orta,,,,YYS sahiplerinin talebe ve ek şarta bağlı olarak yararlandığı kolaylık hangisidir?,"Basitleştirilmiş işlem kapsamında A.TR dolaşım belgesi düzenleme ve vize etme, YYS sahiplerinin talep ve ek şarta bağlı yararlandığı kolaylıktır; öncelikli belge kontrolü/muayene, azaltılmış verili özet beyan ve yeşil hat statüyle sağlanan kolaylıklardır."
2022,8,C,"Genel Hükümler, İşlemler & Meslek","Gemi-Uçak, İhrakiye & Kumanya",Geçici çıkarılan taşıtlarda süre uzatımı,Olumsuz kök (değildir / yanlıştır),Belge & Prosedür,Gümrük Genel Tebliğleri,GK md. 168; HİR-Geçici İhracat Tebliği (Seri No:1),Orta,,,,Geçici çıkarılan taşıtın 3 yıllık sürede getirilememesinde süre uzatımı dilekçesine eklenmeyecek belge hangisidir?,"Süre uzatımı mücbir sebep veya beklenmeyen hallere dayanmalıdır; kaza raporu, arıza-tamir belgesi, öğrenim belgesi, tutuklama/el koyma kararı eklenebilir, mücbir sebep sayılmayan aile bireyi hastalığı raporu ise kabul edilmez."
2022,9,C,Menşe & Tercihli Ticaret,STA & Tercihli Menşe Belgeleri,Gümrükçe vize edilmeyen menşe belgeleri,Öncüllü (I-II-III),Yetkili Merci,Uluslararası Anlaşmalar,,Orta,,,,Sayılan menşe ispat belgelerinden hangileri gümrük idarelerince vize edilmez?,"Cevap anahtarına göre Form A menşe belgesi ve menşe şahadetnamesi gümrük idarelerince vize edilmez (yetkili odalarca onaylanır); EUR.1, D-8 ve TR-AZ menşe ispat belgeleri gümrük idaresince vize edilir."
2022,10,D,Dış Ticaret Politikası & Uluslararası Ticaret,İhracat Mevzuatı (Dış Ticaret),Konsinye ihracat beyanname onayı,Boşluk doldurma,Belge & Prosedür,Dış Ticaret Mevzuatı,İhracat Yönetmeliği (konsinye ihracat),Orta,,,,"Konsinye ihracatta beyannamenin onaylatılacağı merci, ibraz süresi ve ibraz yeri nedir?",Konsinye ihracatta beyanname İhracatçı Birliği Genel Sekreterliğine onaylatılır ve onaydan itibaren en fazla 30 gün içinde gümrük müdürlüğüne ibraz edilir.
2022,11,E,Menşe & Tercihli Ticaret,STA & Tercihli Menşe Belgeleri,Menşe belgesi basım ve onay kuruluşları,Öncüllü (I-II-III),Yetkili Merci,Dış Ticaret Mevzuatı,,Orta,,,,"İhracatta menşe ispat ve dolaşım belgelerinin basım, dağıtım, satış ve onayından hangi kuruluşlar sorumludur?","İhracatta düzenlenen menşe ispat ve dolaşım belgelerinin basım, dağıtım, satış ve onayından TESK, TOBB ve TİM sorumludur; UND ve Türk Eximbank bu görevi üstlenmez."
2022,12,E,Dış Ticaret Politikası & Uluslararası Ticaret,"Damping, Sübvansiyon & Korunma",Geçici korunma önlemi teminatı,Olumsuz kök (değildir / yanlıştır),Doğru/Yanlış Hüküm,Dış Ticaret Mevzuatı,İthalatta Korunma Önlemleri Hakkında Karar,Orta,,,,Geçici korunma önlemine ilişkin hangi ifade yanlıştır?,Kesin korunma önlemi geçici önlemden daha yüksek belirlenirse aradaki fark tahsil edilmez; daha düşükse fark ilgiliye iade edilir. Önlem kararında teminata bağlanan tutar Hazineye irat kaydedilir.
2022,13,D,Dış Ticaret Politikası & Uluslararası Ticaret,"Uluslararası Ticaret, DTÖ & 1/95",Gümrük Birliği kapsamı ve STA'lar,Öncüllü (I-II-III),Doğru/Yanlış Hüküm,Uluslararası Anlaşmalar,1/95 OKK,Orta,,,,"STA, Gümrük Birliği kapsamı ve AKÇT ürünlerine ilişkin ifadelerden hangileri yanlıştır?",STA'lar üçüncü ülkelere ortak gümrük tarifesi uygulama yükümlülüğü doğurmaz (bu gümrük birliğine özgüdür); Türkiye-AB gümrük birliği işlenmiş tarım ürünlerini kapsar; AKÇT ürünleri ticaretinde A.TR değil EUR.1 kullanılır. Tarım ürünlerinde OGT uygulama zorunluluğu yoktur (III doğru).
2022,14,B,Gümrük Rejimleri,İhracat Rejimi (Gümrük İşlemleri),İhracat rejimi genel hükümleri,Öncüllü (I-II-III),Doğru/Yanlış Hüküm,Gümrük Yönetmeliği,,Orta,,,,Gümrük Yönetmeliği'ne göre ihracat rejimine ilişkin ifadelerden hangileri doğrudur?,"Yalnız IV doğrudur: dış seferdeki deniz/hava taşıtlarına serbest dolaşımdaki işletme ve donatım eşyası teslimi ihracat hükmündedir. İhraç eşyası geçici depolama yerinde süresiz kalamaz, deniz/hava yolunda fiili ihraç tarihi yükleme tarihi değildir ve 1 aylık kapatma süresi ifadesi hatalıdır."
2022,15,A,"Vergi Alacağı, Ceza & Kaçakçılık",Kaçakçılık (5607),Etkin pişmanlık indirim oranları,Olumlu kök,Doğru/Yanlış Hüküm,5607 Kaçakçılık Kanunu,5607 s. K. md. 5,Orta,,,,5607 sayılı Kanundaki etkin pişmanlık hükümlerine ilişkin hangi ifade doğrudur?,"Gümrüklenmiş değerin iki katı soruşturma evresi sona erinceye kadar ödenirse ceza yarı oranında, kovuşturmada hüküm verilinceye kadar ödenirse üçte bir oranında indirilir. İhtar soruşturma evresinde yapılır; mükerrirler ve örgüt faaliyeti çerçevesinde işlenen suçlarda uygulanmaz."
2022,16,B,Dış Ticaret Politikası & Uluslararası Ticaret,Teknik Düzenlemeler & TAREKS,Otomotiv ürünlerinde E işareti,Olumlu kök,Tanım / Kavram,Dış Ticaret Mevzuatı,Dış Ticarette Teknik Düzenlemeler ve Standardizasyon Yönetmeliği,Kolay,,,,1958 Cenevre Anlaşması kapsamında otomotiv ürünlerinin uygunluğunu gösteren işaret hangisidir?,1958 tarihli BM/ECE (Cenevre) Anlaşması kapsamında verilen onaylara dayanan ve otomotiv ürünlerinin uygunluğunu gösteren işaret büyük harfli 'E' işaretidir; küçük 'e' işareti AB tip onayı mevzuatına aittir.
2022,17,E,Dış Ticaret Politikası & Uluslararası Ticaret,Teknik Düzenlemeler & TAREKS,Tarım ve Orman Bakanlığı tebliği ekleri,Olumsuz kök (değildir / yanlıştır),Kapsam & Şart,Dış Ticaret Mevzuatı,Tarım ve Orman Bakanlığının Kontrolüne Tabi Ürünlerin İthalat Denetimi Tebliği (2022/5),Zor,,,,Tarım ve Orman Bakanlığı kontrolüne tabi ürünlerin ithalat denetimi tebliğinin eklerine ilişkin hangisi yanlıştır?,"Cevap anahtarına göre E yanlıştır: bitki koruma ürünleri ve hammaddeleri, çekici tuzaklar ve hidrolize protein içeren cezbediciler Ek-5'te değil tebliğin başka bir ekinde düzenlenmiştir. Ek-1/A ve Ek-1/B veteriner kontrollü ürünleri, Ek-2 bitkisel gıda/yem ve gıdayla temas eden maddeleri, Ek-3 çoğaltım materyallerini içerir."
2022,18,D,Dış Ticaret Politikası & Uluslararası Ticaret,İthalat Rejimi & Ek Mali Yükümlülük,Ek mali yükümlülük,Olumsuz kök (değildir / yanlıştır),Doğru/Yanlış Hüküm,Dış Ticaret Mevzuatı,3350 sayılı İthalat Rejimi Kararı,Orta,,,,İthalat Rejimi Kararı'na göre ek mali yükümlülüğe ilişkin hangi ifade yanlıştır?,"Yerleşim yerini TGB'ye nakleden gerçek kişilere ait, şartları taşıyan kullanılmış özel nakil vasıtaları ek mali yükümlülüğe tabi değildir. EMY gümrük yükümlülüğü doğduğunda tahsil edilir, gümrük vergisi usul ve hükümlerine tabidir, süresinde ödenmezse 6183 uygulanır."
2022,19,A,"İç Vergiler, Kambiyo & Fonlar","Kambiyo (32 Sayılı Karar, TCMB)",Türk parası ile ödeme belgeleri,Olumsuz kök (değildir / yanlıştır),Tanım / Kavram,Kambiyo & Fon Mevzuatı,32 sayılı Karar md. 1,Kolay,,,,32 sayılı Karar'da Türk parası ile ödemeyi sağlayan belgeler arasında sayılmayan hangisidir?,"Türk parası ile ödemeyi sağlayan belgeler kredi mektubu, kredi kartı ve Türk parası ile ödemeyi sağlayan ticari ve adi senetler gibi belgelerdir; efektif (yabancı banknot) bir ödeme belgesi değildir."
2022,20,B,"Vergi Alacağı, Ceza & Kaçakçılık",Kaçakçılık (5607),Kaçakçılıkta nitelikli haller,Olumsuz kök (değildir / yanlıştır),Doğru/Yanlış Hüküm,5607 Kaçakçılık Kanunu,5607 s. K. md. 4,Orta,,,,5607 sayılı Kanundaki nitelikli hallere ilişkin hangi ifade yanlıştır?,"Suçun üç veya daha fazla kişiyle birlikte işlenmesinde ceza iki kat değil yarı oranında artırılır; iki kat artırım örgüt faaliyeti çerçevesinde işlenmesi halidir. Görevlilerce veya meslek kolaylığıyla işlenmesinde ceza yarı oranında artırılır, göz yuman görevli müşterek fail sayılır."
2022,21,D,Dış Ticaret Politikası & Uluslararası Ticaret,İthalat Rejimi & Ek Mali Yükümlülük,İthalat Rejimi Kararı genel hükümleri,Öncüllü (I-II-III),Doğru/Yanlış Hüküm,Dış Ticaret Mevzuatı,3350 sayılı İthalat Rejimi Kararı,Orta,,,,3350 sayılı İthalat Rejimi Kararı'na göre verilen ifadelerden hangileri doğrudur?,"İthalat bedellerinin ödenmesi kambiyo mevzuatına tabidir ve eski, kullanılmış, yenileştirilmiş, kusurlu ve yatık eşyanın ithali izne tabidir. Kararın amacı ithalata ilişkin usul ve esasları düzenlemektir; ekli listelerde damping/sübvansiyon vergileri yer almaz."
2022,22,C,"Vergi Alacağı, Ceza & Kaçakçılık",Geri Verme / Kaldırma,Beyanname iptalinde geri verme süresi,Olumlu kök,Sayısal (süre-oran-tutar),Gümrük Yönetmeliği,GK md. 211,Zor,,,45 gün,Deniz yoluyla gelen eşyada geçici ithalat beyannamesi teslimden önce iptal edilirse geri verme başvuru süresi nedir?,"Cevap anahtarına göre deniz yoluyla gelen eşyada beyannamenin teslimden önce iptali halinde ödenmiş vergilerin geri verilmesi, özet beyan tarihinden itibaren 45 gün (deniz yolu geçici depolama süresi) içinde talep edilmelidir."
2022,23,C,Menşe & Tercihli Ticaret,STA & Tercihli Menşe Belgeleri,STA bulunan ülkeler,Olumsuz kök (değildir / yanlıştır),Olgu Bilgisi,Uluslararası Anlaşmalar,,Kolay,,,,Hangi ülke ile Türkiye arasında serbest ticaret anlaşması yoktur?,"Türkiye'nin Gürcistan, Morityus, Kuzey Makedonya ve Şili ile STA'sı vardır; İran ile yalnızca Tercihli Ticaret Anlaşması bulunmaktadır."
2022,24,E,Menşe & Tercihli Ticaret,Menşe Kuralları,Tekstilde tercihli olmayan menşe kuralı,Olumlu kök,Kapsam & Şart,Gümrük Yönetmeliği,GY 5 No.lu ek,Orta,,,,GY 5 no.lu ekte yer almayan tekstil ürününde tercihli olmayan menşe kazanma kuralı nedir?,"GY 5 no.lu ekte yer almayan tekstil ürünlerinde menşe, tarife pozisyonu (dört haneli pozisyon) değişikliğine yol açan işçilik veya işlemin yapıldığı ülke olarak belirlenir."
2022,25,B,"Genel Hükümler, İşlemler & Meslek",Genel Hükümler & Tanımlar,B sınıfı gümrük müdürlüğü yetkisi,Olumlu kök,Yetkili Merci,Gümrük Yönetmeliği,,Kolay,,,,B sınıfı gümrük müdürlüklerinin yetki alanı nedir?,B sınıfı gümrük müdürlükleri yalnızca yolcu ve yolcu beraberi eşya ile Bakanlıkça belirlenen gümrük işlemlerini yapmaya yetkilidir; her türlü gümrük işlemini yapma yetkisi A sınıfı müdürlüklere aittir.
2022,26,C,Dış Ticaret Politikası & Uluslararası Ticaret,"Damping, Sübvansiyon & Korunma",Damping şikâyetinde inceleme süresi,Olumlu kök,Sayısal (süre-oran-tutar),Dış Ticaret Mevzuatı,İthalatta Haksız Rekabetin Önlenmesi Hakkında Yönetmelik,Orta,,,45 gün,İthalat Genel Müdürlüğü soruşturma açılması teklifine esas incelemeyi azami kaç günde tamamlar?,İthalat Genel Müdürlüğü şikâyet üzerine veya re'sen yaptığı incelemeyi azami 45 gün içinde tamamlayarak soruşturma açılıp açılmaması konusunda İthalatta Haksız Rekabeti Değerlendirme Kuruluna teklifte bulunur.
2022,27,E,Dış Ticaret Politikası & Uluslararası Ticaret,Fikri ve Sınai Haklar,FSMH ihlalli eşyaya yasak işlemler,Öncüllü (I-II-III),Kapsam & Şart,Gümrük Yönetmeliği,GY md. 110,Kolay,,,,FSMH ihlali nedeniyle durdurulan/alıkonulan eşyaya GY md. 110 uyarınca hangi işlemlere izin verilmez?,"FSMH'yi ihlal ettiği gerekçesiyle işlemleri durdurulan veya alıkonulan eşyanın TGB'yi terk etmesine, serbest bölgeye konulmasına, yeniden ihracına ve şartlı muafiyet düzenlemesine tabi tutulmasına izin verilmez."
2022,28,A,Gümrük Rejimleri,Dahilde İşleme Rejimi,Dahilde işleme izninin şartları,Olumsuz kök (değildir / yanlıştır),Kapsam & Şart,4458 Gümrük Kanunu,GK md. 110-111,Orta,,,,Dahilde işleme izninin verilmesine ilişkin hangi ifade yanlıştır?,"DİR izni TGB'de yerleşik kişilere verilir; ancak ticari nitelikte olmayan ithalat için TGB dışında yerleşiklere de verilebilir. İzin, işleme faaliyetini yapan/yaptıran kişinin talebiyle, ithal eşyasının işlem görmüş üründe tespit edilebildiği ve ihracata en iyi imkânın yaratıldığı hallerde verilir."
2022,29,A,Dış Ticaret Politikası & Uluslararası Ticaret,Incoterms (Teslim Şekilleri),Deniz ve içsu taşımacılığı kuralları,Olumsuz kök (değildir / yanlıştır),Kapsam & Şart,Uluslararası Anlaşmalar,Incoterms 2020,Kolay,,,,Hangisi deniz ve içsu taşımacılığına özgü teslim şekillerinden değildir?,"Deniz ve içsu taşımacılığına özgü Incoterms kuralları FAS, FOB, CFR ve CIF'tir; FCA tüm taşıma türlerine uygulanabilen kurallar arasındadır."
2022,30,A,Dış Ticaret Politikası & Uluslararası Ticaret,"Teşvik, Yabancı Yatırım & Sınır Ticareti",Sınır ticareti ithalat uygunluk belgesi,Olumsuz kök (değildir / yanlıştır),Belge & Prosedür,Dış Ticaret Mevzuatı,4874 sayılı Karar,Zor,,,,Sınır ticaretinde İthalat Uygunluk Belgesine ilişkin hangi ifade yanlıştır?,"Cevap anahtarına göre 'Valilikçe düzenlenir' ifadesi yanlıştır: 4874 sayılı Karar md. 8'e göre İthalat Uygunluk Belgesi, il değerlendirme komisyonunca uygun bulunan başvurular üzerine il ticaret odası veya il ticaret ve sanayi odasınca düzenlenir. Belge her ürün için ayrı düzenlenir, hiçbir şekilde devredilemez, düzenlendiği tarihten itibaren 90 gün geçerlidir (uzatılamaz) ve devredildiği tespit edilirse Valilikçe iptal edilir."
2022,31,C,"Vergi Alacağı, Ceza & Kaçakçılık",Kaçakçılık (5607),Kaçakçılık davalarında görevli mahkeme,Öncüllü (I-II-III),Yetkili Merci,5607 Kaçakçılık Kanunu,5607 s. K. md. 17,Orta,,,,Kaçakçılık suçu davalarında görevli mahkemeye ilişkin ifadelerden hangileri doğrudur?,Kaçakçılık suçlarıyla bağlantılı resmi belgede sahtecilik halinde görevli mahkeme ağır ceza mahkemesidir. Davalar Adalet Bakanlığının teklifi üzerine Yargıtay değil HSK'ca belirlenen asliye ceza mahkemelerinde görülür; asliye ticaret mahkemesi görevli değildir.
2022,32,C,Gümrük Rejimleri,Geçici İthalat,Ticari kara taşıtlarına verilen süreler,Olumsuz kök (değildir / yanlıştır),Doğru/Yanlış Hüküm,Gümrük Genel Tebliğleri,Geçici İthal Edilen Kara Taşıtlarına İlişkin Tebliğ (Seri No:1),Zor,,,,Geçici ithal edilen ticari kara taşıtlarına verilen sürelere ilişkin hangi ifade yanlıştır?,"Cevap anahtarına göre sınır ticareti uygunluk belgesine istinaden ithal eşyası taşıyan taşıtlara 30 güne kadar süre verildiği ifadesi yanlıştır. Ticari taşıtlara 30 güne, toplu gezi otobüslerine ve 1 no.lu TTP'ye kayıtlı tüzel kişi taşıtlarına 90 güne kadar süre verilir; geçiş karnesinde karnedeki süre esastır."
2022,33,C,"Genel Hükümler, İşlemler & Meslek",Gümrük Müşavirliği & Asgari Ücret,Disiplin savunma süresi,Olumlu kök,Sayısal (süre-oran-tutar),Gümrük Yönetmeliği,,Orta,,,10 gün,Gümrük müşavirleri ve yardımcılarından istenecek disiplin savunması için verilecek asgari süre kaç gündür?,Gümrük müşavirleri ve yardımcıları hakkında disiplin cezası verilmeden önce yetkili disiplin kurulunca istenen savunma için verilecek süre 10 günden az olamaz.
2022,34,D,Menşe & Tercihli Ticaret,STA & Tercihli Menşe Belgeleri,GTS kapsamında Form A ülkeleri,Öncüllü (I-II-III),Olgu Bilgisi,Uluslararası Anlaşmalar,,Orta,,,,Türkiye'den ihracatta GTS kapsamında hangi ülkeler için Form A düzenlenebilir?,"Türkiye'yi GTS'den yararlanan ülke sayan Japonya, Yeni Zelanda ve Avustralya'ya ihracatta Form A düzenlenebilir; cevap anahtarına göre ABD ve Rusya bu kapsamda değildir."
2022,35,B,Dış Ticaret Politikası & Uluslararası Ticaret,İhracat Mevzuatı (Dış Ticaret),İhracı yasak mallar,Olumlu kök,Kapsam & Şart,Dış Ticaret Mevzuatı,96/31 sayılı Tebliğ,Orta,,,,96/31 sayılı Tebliğ'e göre ihracı yasak olan mal hangisidir?,96/31 sayılı İhracı Yasak ve Ön İzne Bağlı Mallara İlişkin Tebliğ'e göre tütün tohumunun ihracı yasaktır; diğer seçeneklerdeki mallar yasak listesinde değildir.
2022,36,E,Gümrük Rejimleri,Geçici İthalat,Geçici ithalatta sözlü beyan,Olumsuz kök (değildir / yanlıştır),Kapsam & Şart,Gümrük Yönetmeliği,,Orta,,,,Geçici ithalatta sözlü beyana tabi olmayan eşya hangisidir?,"Cevap anahtarına göre turistik reklam malzemesi sözlü beyana tabi eşya arasında sayılmaz. NATO üyesi olmayan ülkelerin eğitim eşyası, mevsim göçü hayvanları ve sınır bölgesi eşyası, organ nakli için mesleki teçhizat ve paletler sözlü beyanla geçici ithal edilebilir."
2022,37,A,Menşe & Tercihli Ticaret,STA & Tercihli Menşe Belgeleri,A.TR'nin sonradan verilmesi,Olumsuz kök (değildir / yanlıştır),Kapsam & Şart,Uluslararası Anlaşmalar,2006/10895 sayılı Karar,Orta,,,,2006/10895 sayılı Karar'a göre A.TR'nin sonradan verilebileceği durumlardan olmayan hangisidir?,"A.TR'nin çalınması, kaybolması veya hasar görmesi halinde sonradan verme değil ikinci nüsha (duplikata) düzenlenir. Hata/ihmal nedeniyle düzenlenmemesi, teknik nedenle kabul edilmemesi ve varış ülkesi değişikliği sonradan verme halleridir."
2022,38,E,Dış Ticaret Politikası & Uluslararası Ticaret,Fikri ve Sınai Haklar,FSMH başvurusunda koruma süresi,Olumlu kök,Sayısal (süre-oran-tutar),Gümrük Yönetmeliği,,Orta,,,1 yıl,FSMH başvurusunda hak sahibinin gümrüğün harekete geçmesini istediği süre en fazla ne kadardır?,FSMH ihlali şüphesiyle işlemlerin durdurulması/alıkonulması başvurusunda gümrük idaresinin harekete geçmesi istenen süre en fazla 1 yıl olabilir.
2022,39,C,Dış Ticaret Politikası & Uluslararası Ticaret,Teknik Düzenlemeler & TAREKS,Teknik düzenleme ihlali müeyyideleri,Olumsuz kök (değildir / yanlıştır),Doğru/Yanlış Hüküm,Dış Ticaret Mevzuatı,Teknik Düzenlemeler Rejimi Kararı,Orta,,,,Teknik Düzenlemeler Rejimi Kararı'na aykırılıkta uygulanabilecek müeyyidelerle ilgili hangisi yanlıştır?,Teknik Düzenlemeler Rejimi Kararı'na aykırılıkta firma sözlü değil yazılı olarak uyarılır. Muafiyetlerden süreli/süresiz men ile ihracat/ithalatın süreli/süresiz durdurulması da uygulanabilir.
2022,40,D,Dış Ticaret Politikası & Uluslararası Ticaret,İhracat Mevzuatı (Dış Ticaret),Bedelsiz ihracat,Öncüllü (I-II-III),Doğru/Yanlış Hüküm,Dış Ticaret Mevzuatı,İhracat Yönetmeliği,Orta,,,,Bedelsiz ihracata ilişkin ifadelerden hangileri yanlıştır?,"Cevap anahtarına göre II ve IV yanlıştır: standardizasyon kontrolüne tabi eşyanın bedelsiz ihracında kontrol belgesi aranmaz, hane nakli suretiyle gönderilen mal ve taşıtlarda ihracatçı birliğine üyelik şartı yoktur. İhracı yasak eşya bedelsiz de ihraç edilemez ve bedelsiz ihracat desteklerden yararlanamaz."
2022,41,C,Gümrük Rejimleri,Antrepo Rejimi,Antrepo götürü teminatı hesabı,Olumlu kök,Hesaplama,Gümrük Yönetmeliği,GY md. 527 (2020 metni),Zor,Antrepo teminatı,,5.000.000 TL,2.200 m² açık ve 6.000 m² kapalı alanlı antrepo için götürü teminat tutarı nedir?,"2022'de yürürlükteki GY md. 527: ilk 1.000 m² için 1.000.000 TL, sonraki her 1.000 m² ve kesri için 500.000 TL (üst sınır 20.000.000 TL). Antrepo alanı 2.200 + 6.000 = 8.200 m² (saha alanı değil) → 1.000.000 + 8 × 500.000 = 5.000.000 TL."
2022,42,C,Gümrük Rejimleri,Dahilde İşleme Rejimi,Telafi edici vergi,Öncüllü (I-II-III),Doğru/Yanlış Hüküm,Gümrük Genel Tebliğleri,DİR Tebliği (TEV hükümleri),Zor,,,,DİR kapsamında telafi edici vergiye ilişkin ifadelerden hangileri yanlıştır?,Cevap anahtarına göre ilk iki ifade yanlıştır: TEV ihracat vergisi değil ithalat vergisi niteliğindedir ve serbest bölgeye ihracatta yükümlülüğün başlangıcına ilişkin ifade hatalıdır. Geri ödeme sisteminden yararlanan eşyada TEV doğmaz ve TEV eşya TGB'den çıkana kadar ödenmelidir.
2022,43,A,Gümrük Kıymeti,Gümrük Kıymeti,İlişkinin fiyatı etkilemediğinin tespiti,Olumsuz kök (değildir / yanlıştır),Kapsam & Şart,Gümrük Yönetmeliği,GK md. 24,Orta,,,,İlişkili firmalar arası ithalatta hangi durum fiyatın ilişkiden etkilenmediğini göstermez?,"Beyan edilen fiyatın faturadaki fiyatla uyumlu olması ilişkinin fiyatı etkilemediğini göstermez. İlişki yokmuş gibi alım-satım, sektördeki normal fiyat uygulamasına uygunluk, müstakil alıcılara uygulanan fiyatla uyum ve tüm giderler ile temsili kârı karşılaması bunu gösterir."
2022,44,C,Gümrük Rejimleri,İhracat Rejimi (Gümrük İşlemleri),İhracat beyannamesi nüshaları,Olumlu kök,Belge & Prosedür,Gümrük Yönetmeliği,,Kolay,,,,İhracat işlemleri tamamlandıktan sonra beyannamenin hangi nüshası yükümlüye iade edilir?,İhracat işlemleri tamamlandıktan sonra ihracat beyannamesinin 3 numaralı nüshası yükümlüye iade edilir.
2022,45,B,Dış Ticaret Politikası & Uluslararası Ticaret,İhracat Mevzuatı (Dış Ticaret),"Kayda bağlı, konsinye ve takas ihracat",Öncüllü (I-II-III),Doğru/Yanlış Hüküm,Dış Ticaret Mevzuatı,İhracat Yönetmeliği,Orta,,,,"Kayda bağlı, konsinye, bağlı muamele ve ticari kiralama yoluyla ihracata ilişkin hangi ifadeler doğrudur?",Cevap anahtarına göre yalnız IV doğrudur: ticari kiralama yoluyla ihracat gümrük mevzuatı hükümlerine tabidir. Kayda bağlı ihracatta beyanname ihraçtan önce kayda alınır; konsinye kesin satış süresi ve bağlı muamele tanımına ilişkin ifadeler hatalıdır.
2022,46,C,Gümrük Rejimleri,Transit Rejimi & TIR,TIR karnesinin düzenlenmesi,Olumsuz kök (değildir / yanlıştır),Belge & Prosedür,Gümrük Genel Tebliğleri,TIR İşlemleri Tebliği (Seri No:1),Zor,,,,TIR İşlemleri Tebliği'ne göre TIR karnesine ilişkin hangi ifade yanlıştır?,"Cevap anahtarına göre yurt dışındaki hareket idaresince tam doldurulmamış TIR karnesinin giriş idaresince kabul edilmeyeceği ifadesi yanlıştır. Her taşıt/konteyner için tek karne, taşıt dizisi için tek karne, ağır-havaleli eşya için ayrı karne düzenlenir; transit, ihracat ve mahrece iade eşyası aynı karneyle taşınabilir."
2022,47,E,Dış Ticaret Politikası & Uluslararası Ticaret,Teknik Düzenlemeler & TAREKS,GY 181 kontrollerinin zamanı,Olumsuz kök (değildir / yanlıştır),Kapsam & Şart,Gümrük Yönetmeliği,GY md. 181,Orta,,,,GY md. 181'e göre izin/uygunluk belgesine tabi eşyanın kontrollerine ilişkin hangisi yanlıştır?,"GY md. 181'e göre bu kontroller risk esaslı olarak TGB'ye girişte, beyanname tescilinden önce veya gümrük yükümlülüğü sona erdikten sonra yapılabilir; eşya TGB'ye girmeden önce yapılamaz."
2022,48,A,Gümrük Kıymeti,Gümrük Kıymeti,İstisnai kıymetle beyan halleri,Olumsuz kök (değildir / yanlıştır),Kapsam & Şart,Gümrük Yönetmeliği,,Orta,,,,Hangi durumda istisnai kıymetle beyanda bulunulamaz?,"İstisnai kıymetle beyan; kıymet unsurları yükümlülük başladıktan sonra belli olacak eşya, fiyat revizyonu hükmü içeren sözleşmeler, boru hattıyla sürekli akış halindeki eşya ve gaza dönüştürülerek boru hattına verilen LNG için yapılabilir. Satış bedeli yöntemiyle kıymeti belirlenemeyen eşyada diğer yöntemlere geçilir."
2022,49,A,Gümrük Kıymeti,Gümrük Kıymeti,İstisnai kıymette tamamlayıcı beyan gecikmesi,Olumlu kök,Doğru/Yanlış Hüküm,Gümrük Yönetmeliği,GK md. 241/1,Orta,,,,İstisnai kıymette tamamlayıcı beyan süresinde verilmezse zamanında ödenmeyen vergiler için ne uygulanır?,İstisnai kıymet beyanında tamamlayıcı beyanın süresinde verilmemesi nedeniyle zamanında ödenmeyen gümrük vergileri için gecikme faizi tahsil edilir ve ayrıca GK md. 241/1 usulsüzlük cezası uygulanır.
2022,50,A,"İç Vergiler, Kambiyo & Fonlar",KDV,Ziynet ve sikke altında KDV matrahı,Olumlu kök,Kapsam & Şart,KDV Kanunu,KDV K. md. 23/e,Kolay,,,,Altın ziynet eşyası ve sikke altınların teslim ve ithalinde KDV matrahı nedir?,"KDV K. md. 23/e'ye göre altından mamul veya altın içeren ziynet eşyası ile sikke altınların teslim ve ithalinde matrah, külçe altın bedeli düşüldükten sonra kalan tutardır."
2022,51,D,Gümrük Rejimleri,Transit Rejimi & TIR,Teminat mektubunun iadesi koşulları,Öncüllü (I-II-III),Kapsam & Şart,Gümrük Genel Tebliğleri,Transit Rejimi Tebliği (Seri No:4),Zor,,,,Ortak transitte sisteme tanımlı teminat mektubunun iadesi için hangi koşullar birlikte gerçekleşmelidir?,"Teminat mektubunun iadesi için kapsamındaki tüm transit beyannamelerinin nihai statüye getirilmesi, tahsili gereken vergi/faiz/zam bulunmaması, kapsamlı teminat sertifikalarının iadesi ve GRN'nin kullanıma kapatılmasından itibaren 10 ay geçmesi birlikte aranır; idari para cezası bulunmaması şartı aranmaz."
2022,52,A,Gümrük Kıymeti,Gümrük Kıymeti,Satış bedeli yönteminin uygulanabilirliği,Olumlu kök,Kapsam & Şart,Gümrük Yönetmeliği,,Orta,,,,Hangi işleme konu eşyanın kıymeti koşullar sağlanırsa satış bedeli yöntemiyle belirlenebilir?,"Tek acente (münhasır temsilci) tarafından yapılan ithalat bir satış işlemi olduğundan koşullar sağlanırsa satış bedeli yöntemi uygulanabilir. Bedelsiz numuneler, konsinye eşya, satın almayan aracıların ithalatı ve kira yoluyla ithalatta Türkiye'ye ihraç satışı bulunmaz."
2022,53,E,"İç Vergiler, Kambiyo & Fonlar",ÖTV,İlk iktisap tanımı,Olumsuz kök (değildir / yanlıştır),Tanım / Kavram,ÖTV Kanunu,ÖTV K. md. 2,Orta,,,,ÖTV (II) sayılı listedeki mallar için hangisi ilk iktisap sayılmaz?,"Motorlu araç ticareti yapanlarca ticari amaçla (satış için) ithal edilmesi ilk iktisap sayılmaz. Kayıt-tescil edilmemiş aracın kullanılmak üzere ithali, araç ticareti yapanlardan iktisabı ve araç ticareti yapanlarca kullanılmaya başlanması/aktife alınması ilk iktisaptır."
2022,54,D,"Genel Hükümler, İşlemler & Meslek",Genel Hükümler & Tanımlar,Belge saklama süresi,Olumlu kök,Sayısal (süre-oran-tutar),4458 Gümrük Kanunu,GK md. 13,Zor,,,5 yıl (31.12.2027),Gümrük Kanunu'na göre belge saklama süresine ilişkin hangi ifade doğrudur?,GK md. 13'e göre belgeler 5 yıl saklanır; serbest dolaşıma giriş/ihracatta süre beyannamenin tescil edildiği yılı izleyen takvim yılı başından başlar. 1 Mart 2022'de tescilli beyanname için süre 31 Aralık 2027 mesai bitiminde sona erer.
2022,55,A,"İç Vergiler, Kambiyo & Fonlar",ÖTV,(I) sayılı liste mallarının ithali,Olumlu kök,Belge & Prosedür,ÖTV Kanunu,,Orta,,,,ÖTV (I) sayılı listedeki malların ithalinde gümrük idaresince ÖTV yönünden ne yapılır?,ÖTV (I) sayılı listedeki malların (akaryakıt ürünleri vb.) ithalinde ÖTV tahsil edilmez; ödenecek ÖTV'ye karşılık teminat alınır.
2022,56,E,"Genel Hükümler, İşlemler & Meslek",Gümrük Müşavirliği & Asgari Ücret,Asgari ücret tarifesi indirim oranları,Boşluk doldurma,Sayısal (süre-oran-tutar),Gümrük Genel Tebliğleri,GM ve YGM Asgari Ücret Tarifesi Tebliği,Orta,,,%35 / %50,Sektörel dış ticaret şirketi beyanname sayısı 1.000 ve 2.500'ü aşınca asgari ücretteki indirim oranları nedir?,"Bir takvim yılında aynı müşavirlikten hizmet alınarak sektörel dış ticaret şirketi adına tescil edilen ihracat beyannamesi sayısı 1.000'i aşınca sonraki beyannamelerde %35, 2.500'ü aşınca %50 indirim uygulanabilir."
2022,57,A,"İç Vergiler, Kambiyo & Fonlar",ÖTV,(III) sayılı liste (A) cetveli,Olumlu kök,Kapsam & Şart,ÖTV Kanunu,ÖTV K. md. 12,Orta,,,,ÖTV (III) sayılı listenin (A) cetvelindeki mallarda ÖTV nasıl uygulanır?,(III) sayılı listenin (A) cetvelindeki mallarda (alkollü içkiler vb.) asgari maktu vergi tutarından az olmamak üzere yalnızca nispi vergi uygulanır; (B) cetvelinde (tütün mamulleri) nispi vergiyle birlikte maktu vergi de uygulanır.
2022,58,E,"Genel Hükümler, İşlemler & Meslek","Özet Beyan, Geçici Depolama, Beyan & Basitleştirmeler",Geçici depolama yeri açılış şartları,Öncüllü (I-II-III),Doğru/Yanlış Hüküm,Gümrük Yönetmeliği,,Zor,,,,Geçici depolama yerlerinin açılmasına ilişkin ifadelerden hangileri yanlıştır?,"Cevap anahtarına göre beş ifadenin tamamı yanlıştır: izin başvurusunda adli sicilin yanında tapu/kira, ticaret sicili gazetesi, plan, ruhsat vb. belgeler istenir; ön izin başvurusunda ise adli sicil ve ticaret sicili gazetesi verilir (tapu/kira değil). Ekonomik ihtiyaç değerlendirmesini gümrük müdürlüğü değil bölge müdürlüğü yapar, ön izni Bakanlık verir; gümrük idaresi bulunan liman içinde (Ambarlı) veya gümrük müdürlüğüne bitişik yerlerde ön izin ve 3.000/10.000 m² alan şartı aranmaz, taşıt depolanacak yerde kapalı alan şartı da aranmaz."
2022,59,C,"Genel Hükümler, İşlemler & Meslek","Özet Beyan, Geçici Depolama, Beyan & Basitleştirmeler",Geçici depolama yeri sayılan yer,Olumsuz kök (değildir / yanlıştır),Kapsam & Şart,Gümrük Yönetmeliği,,Orta,,,,Geçici depolama yeri bulunmayan bir yerin bu amaçla kabul edilmesine ilişkin hangisi yanlıştır?,Başvuru gümrük müdürlüğünce değil bölge müdürlüğünce sonuçlandırılır. Eşyanın hacim/ağırlık nedeniyle sevkinin masraflı veya mevcut yere konulmasının imkânsız olması gerekir; harç alınır ve muaf eşyada teminat yerine taahhütname alınır.
2022,60,B,Gümrük Rejimleri,Antrepo Rejimi,Antrepo açma şartları,Olumsuz kök (değildir / yanlıştır),Kapsam & Şart,Gümrük Yönetmeliği,,Zor,,,,Antrepo açma ve işletme izni şartlarına ilişkin hangi ifade yanlıştır?,Cevap anahtarına göre C tipi antrepo için gümrük müdürlüğüne mutat yolla en fazla 50 km mesafe şartı ifadesi yanlıştır. Antrepo izinleri süresizdir; soğuk hava tertibatlı A tipi ve havalimanı içi kargo antrepolarında alan şartı esnektir; ifadedeki şirketin C tipi akaryakıt antreposu yatırım iznine tabidir.
2022,61,C,Gümrük Rejimleri,Transit Rejimi & TIR,GRN tanımı,Olumlu kök,Tanım / Kavram,Gümrük Genel Tebliğleri,Transit Rejimi Tebliği (Seri No:4),Kolay,,,,Transit rejiminde GRN neyi ifade eder?,"GRN, teminat gümrük idaresince kabul edilen teminat (kapsamlı teminat mektubu) için sistemce verilen teminat referans numarasıdır; LRN yerel referans, MRN ana referans numarasıdır, NCTS ise sistemin adıdır."
2022,62,B,"Genel Hükümler, İşlemler & Meslek",YYS & Onaylanmış Kişi,OKS belgesi geçerlilik süresi,Olumlu kök,Sayısal (süre-oran-tutar),Gümrük Genel Tebliğleri,OKS Tebliği (Sıra No:1),Orta,,,2 yıl,Onaylanmış kişi statü belgesinin geçerlilik süresi kaç yıldır?,Cevap anahtarına göre Onaylanmış Kişi Statüsü Tebliği (Sıra No:1) uyarınca statü belgesi 2 yıl süreyle geçerlidir.
2022,63,D,Gümrük Rejimleri,Transit Rejimi & TIR,Demiryolu basitleştirme izni bilgileri,Olumsuz kök (değildir / yanlıştır),Belge & Prosedür,Gümrük Genel Tebliğleri,Transit Rejimi Tebliği (Seri No:6),Zor,,,,Seri No:6 Tebliğ'e göre basitleştirme izni kapsamında hangi bilgi elektronik ortamda iletilmez?,"Seri No:6 Tebliğ kapsamındaki basitleştirme izniyle demiryolu taşımalarında vagon numarası, CIM taşıma belgesi numarası, planlanan sevkiyat tarihi ve varış gümrük idaresi elektronik ortamda iletilir; transit gümrük idaresi bilgisi iletilmez."
2022,64,B,"Genel Hükümler, İşlemler & Meslek","Muafiyetler (2009/15481, Geri Gelen Eşya)",Muaf eşyanın devir ve satışı,Olumlu kök,Doğru/Yanlış Hüküm,2009/15481 Karar,,Orta,,,,2009/15481 sayılı Karar'a göre muaf eşyanın devri ve satışına ilişkin hangi ifade doğrudur?,Muafen ithal edilen özel tertibatlı araçların engelli kişi tarafından başka bir engelliye devri süre kısıtı olmaksızın ve vergi aranmadan yapılabilir; engellinin vefatında aracın varise intikalinde de gümrük vergileri aranmaz.
2022,65,A,Dış Ticaret Politikası & Uluslararası Ticaret,Incoterms (Teslim Şekilleri),Tüm taşıma türlerine uygun kurallar,Olumsuz kök (değildir / yanlıştır),Kapsam & Şart,Uluslararası Anlaşmalar,Incoterms 2020,Kolay,,,,Incoterms 2020'de hangisi tüm taşıma türlerini kapsayan teslim şekillerinden değildir?,"Incoterms 2020'de tüm taşıma türlerine uygulanan kurallar EXW, FCA, CPT, CIP, DAP, DPU ve DDP'dir; CFR yalnızca deniz ve içsu taşımacılığına özgüdür."
2022,66,B,Gümrük Rejimleri,Transit Rejimi & TIR,Kapsamlı teminat ve teminat idaresi,Olumsuz kök (değildir / yanlıştır),Doğru/Yanlış Hüküm,Gümrük Genel Tebliğleri,Transit Rejimi Tebliği (Seri No:4),Zor,,,,Transit Rejimi Tebliği (Seri No:4)'e göre hangi ifade yanlıştır?,"Cevap anahtarına göre teminat mektubunun kabulden itibaren 12 ay geçmedikçe iadesinin istenemeyeceği ifadesi yanlıştır; iade, beyannamelerin kapatılması ve GRN'nin kullanıma kapatılmasından itibaren 10 ay geçmesi gibi koşullara bağlıdır. İndirim yoksa kapsamlı teminat referans tutara eşittir, bireysel teminatta teminat idaresi hareket idaresidir."
2022,67,C,Gümrük Rejimleri,Antrepo Rejimi,İzin geri alınanlara yasak süresi,Olumlu kök,Sayısal (süre-oran-tutar),Gümrük Yönetmeliği,,Orta,,,5 yıl,Antrepo izni geri alınan şirketin %10'dan fazla paylı ortaklarına kaç yıl yeniden izin verilmez?,"Antrepo izni geri alınan şirketin sermayesinde %10'dan fazla paya sahip gerçek kişi ortaklarına, iznin geri alındığı tarihten itibaren 5 yıl süreyle yeniden antrepo açma izni verilmez."
2022,68,D,Gümrük Rejimleri,Antrepo Rejimi,Yaygın götürü teminat,Olumsuz kök (değildir / yanlıştır),Doğru/Yanlış Hüküm,Gümrük Yönetmeliği,GY md. 527,Zor,,,,Antrepo işleticilerinin verdiği götürü teminata ilişkin hangi ifade yanlıştır?,"Antrepolar farklı bölge müdürlüklerine bağlıysa yaygın götürü teminat başvurusu, işleticinin en fazla antreposunun bulunduğu bölge müdürlüğüne; bu şekilde belirlenemiyorsa (sayılar eşitse) şirket merkezinin bulunduğu ilin bağlı olduğu bölge müdürlüğüne (örnekte İstanbul) yapılır, 'herhangi birine' yapılamaz. 2022 metnine göre bir antrepo için hesaplanan teminatın 20.000.000 TL'yi aşan kısmı dikkate alınmaz; 5 ve üzeri antreposu olan işletici toplamın %75'i kadar yaygın götürü teminat verebilir."
2022,69,E,"Genel Hükümler, İşlemler & Meslek","Muafiyetler (2009/15481, Geri Gelen Eşya)",Geri gelen eşyada süre başlangıcı,Olumlu kök,Kapsam & Şart,Gümrük Yönetmeliği,GK md. 168,Orta,,,,Deniz yoluyla ihraç edilen eşyada geri gelen eşya için 3 yıllık süre ne zaman başlar?,Geri gelen eşya hükümlerindeki 3 yıllık süre fiili ihraç tarihinden başlar; deniz yoluyla ihracatta fiili ihraç tarihi geminin hareket ettiği tarihtir.
2022,70,D,"Genel Hükümler, İşlemler & Meslek",Posta & Hızlı Kargo,Posta/hızlı kargoda tek ve maktu vergi,Olumlu kök,Kapsam & Şart,2009/15481 Karar,,Zor,,,,2009/15481 sayılı Karar'a göre posta ve hızlı kargo ile gelen eşyaya ilişkin hangi ifade doğrudur?,"2022'de yürürlükteki hükümlere göre posta/hızlı kargo ile gerçek kişiye gelen, ticari mahiyette olmayan ve 1.500 Avro'yu geçmeyen ilaç cinsi eşyaya, geldiği ülkeye göre değişen oranlarda tek ve maktu vergi uygulanır."
2022,71,B,"Genel Hükümler, İşlemler & Meslek","Muafiyetler (2009/15481, Geri Gelen Eşya)",Yerleşim yeri naklinde taşıt muafiyeti,Öncüllü (I-II-III),Kapsam & Şart,2009/15481 Karar,,Orta,,,,Bedelsiz araç ithalinde muafiyetten yararlanma şartlarına ilişkin ifadelerden hangileri doğrudur?,"Cevap anahtarına göre aracın kişi adına kaydının yapıldığı yıl itibarıyla 3 yaşından eski olmaması gerekir ve ticari araçlar bu kapsamda muafen ithal edilemez. Kayıt süresi, karı-koca için ayrı ayrı uygulama ve satış yasağına ilişkin ifadeler yanlıştır."
2022,72,D,"Genel Hükümler, İşlemler & Meslek",Posta & Hızlı Kargo,Basitleştirilmiş beyanname kapsamı,Olumsuz kök (değildir / yanlıştır),Kapsam & Şart,2009/15481 Karar,2009/15481 Karar md. 126,Orta,,,,Posta/hızlı kargo operatörlerince basitleştirilmiş beyannameyle beyan edilemeyecek eşya hangisidir?,"Basitleştirilmiş beyannameyle 22 Avro'yu geçmeyen eşya, diplomatik eşya, önemsiz değerdeki numuneler ve 300 kg/15.000 Avro'yu geçmeyen ihracat eşyası beyan edilebilir; gerçek kişiye gelen 150 Avro'yu aşan (ör. 500 Avro) eşya detaylı beyana tabidir."
2022,73,E,"Genel Hükümler, İşlemler & Meslek",Posta & Hızlı Kargo,Posta ve hızlı kargoda detaylı beyan,Olumsuz kök (değildir / yanlıştır),Belge & Prosedür,Gümrük Genel Tebliğleri,Posta ve Hızlı Kargo Tebliği (Seri No:1),Orta,,,,Operatörlerce detaylı beyana konu edilecek posta/hızlı kargo eşyasına ilişkin hangi ifade yanlıştır?,"Cevap anahtarına göre operatörün YKTS'ye kaydının zorunlu olduğu ifadesi yanlıştır. 150-1.500 Avro arası, ticari mahiyette olmayan eşya BİLGE'de BS20 koduyla detaylı beyana konu edilir ve genel hükümlere göre vergileri ödenerek işlem yapılır."
2022,74,A,Gümrük Kıymeti,Gümrük Kıymeti,İlişkide aynı ailenin üyeleri,Olumsuz kök (değildir / yanlıştır),Tanım / Kavram,Gümrük Yönetmeliği,,Orta,,,,Kıymet mevzuatında 'aynı ailenin üyeleri' kapsamında sayılmayan akraba hangisidir?,"Cevap anahtarına göre elti 'aynı ailenin üyeleri' arasında sayılmaz; görümce (kayın hısımı), yeğen, teyze ve torun ilişkinin tespitinde aynı ailenin üyeleri kapsamındadır."
2022,75,E,Tarife & Sınıflandırma,Tarife Sınıflandırma (GTİP),52. fasıl pamuk,Olumlu kök,Tarife Sınıflandırma,"Tarife Cetveli, İzahname & GYK","XI. Bölüm, 52. fasıl",Kolay,,52,,TGTC 52. faslında yer alan bir eşya için hangisi söylenebilir?,"52. fasıl pamuğu (lif, iplik, dokuma) kapsar ve XI. Bölüm'dedir; pamuk ipliği bu fasıldadır. Viskoz ve sentetik/suni filamentler 54-55. fasıllarda, keten döküntüleri 53. fasıldadır."
2022,76,D,Tarife & Sınıflandırma,Tarife Sınıflandırma (GTİP),Kameralı dronların sınıflandırılması,Olumlu kök,Tarife Sınıflandırma,"Tarife Cetveli, İzahname & GYK",88.06 (HS 2022),Orta,,88,,Dijital kameralı uzaktan kumandalı drone/quadcopter 2022 TGTC'de hangi pozisyonda sınıflandırılır?,2022 HS değişikliğiyle insansız hava taşıtları için 88.06 pozisyonu oluşturulmuş; dijital kameralı dronlar da 88.06'da sınıflandırılır (2022 öncesinde 85.25'te sınıflandırılıyordu).
2022,77,C,"Genel Hükümler, İşlemler & Meslek",Tasfiye,Tahlilden arta kalan numuneler,Olumlu kök,Sayısal (süre-oran-tutar),4458 Gümrük Kanunu,GK md. 66,Kolay,,,1 ay,Tahlilden arta kalan numuneler bildirimden sonra ne kadar sürede alınmazsa gümrüğe terk edilmiş sayılır?,"GK md. 66'ya göre tahlilden arta kalan numuneler, tahlil sonuçlarının ilgilisine bildiriminden itibaren 1 ay içinde alınmazsa gümrüğe terk edilmiş sayılır."
2022,78,D,Tarife & Sınıflandırma,Tarife Sınıflandırma (GTİP),39.26 kapsamı plastik eşya,Olumsuz kök (değildir / yanlıştır),Tarife Sınıflandırma,"Tarife Cetveli, İzahname & GYK","39.24, 39.26",Orta,,39,,Plastikten mamul hangi eşya 39.26 pozisyonunda yer almaz?,"Plastikten biberonlar 39.24 (sofra, mutfak, ev ve tuvalet eşyası) pozisyonunda sınıflandırılır; küçük heykel ve süs eşyası, okul-büro malzemeleri, emzikler ve diş kaşıyıcılar 39.26'dadır."
2022,79,E,Tarife & Sınıflandırma,Tarife Sınıflandırma (GTİP),İnsan tüketimine uygun olmayan böcekler,Olumlu kök,Tarife Sınıflandırma,"Tarife Cetveli, İzahname & GYK",05.11; 04.10 (HS 2022),Orta,,05,,İnsan tüketimine uygun olmayan cansız böcekler hangi pozisyonda sınıflandırılır?,2022 HS değişikliğiyle yenilebilir böcekler 04.10'da yer alır; insan tüketimine uygun olmayan cansız böcekler ise başka yerde belirtilmeyen hayvansal ürünler olarak 05.11'de sınıflandırılır.
2022,80,C,Tarife & Sınıflandırma,Tarife Sınıflandırma (GTİP),Fasıl-ürün eşleştirmesi,Olumsuz kök (değildir / yanlıştır),Tarife Sınıflandırma,"Tarife Cetveli, İzahname & GYK",52. ve 53. fasıl,Kolay,,52,,2022 TGTC'ye göre fasıl-eşya eşleştirmelerinden hangisi yanlıştır?,"Pamuk 53. fasılda değil 52. fasılda yer alır (53. fasıl diğer bitkisel dokumaya elverişli liflerdir); hububat 10., gübre 31., cam 70., saat 91. fasıldadır."
2022,81,C,Tarife & Sınıflandırma,Tarife Sınıflandırma (GTİP),GYK'nın uygulanma sırası,Olumlu kök,Tarife Sınıflandırma,"Tarife Cetveli, İzahname & GYK",GYK 1-6,Orta,,,,Genel Yorum Kurallarına ilişkin hangi ifade doğrudur?,"GYK'ler sırasıyla uygulanır; dört haneli pozisyon 3 no.lu kurala göre belirlendiyse 4 no.lu kurala geçilmez. 6 no.lu kural alt pozisyon tespitine ilişkindir; bölüm/fasıl başlıkları yalnızca kolaylık içindir, yasal sınıflandırma pozisyon metinleri ve notlara göre yapılır."
2022,82,A,Tarife & Sınıflandırma,Tarife Sınıflandırma (GTİP),GTİP yapısı ve bölüm bilgisi,Olumsuz kök (değildir / yanlıştır),Tarife Sınıflandırma,"Tarife Cetveli, İzahname & GYK","IX. Bölüm, 46.02",Orta,,46,,4602.11.00.10.00 GTİP'li eşya için hangisi söylenemez?,"46.02 (bambudan hasırcı/sepetçi eşyası) IX. Bölüm'dedir; X. Bölüm kâğıt-kartonu (47-49) kapsar. Bu GTİP'te KN (7-8. haneler) ve istatistik (11-12. haneler) açılımı yapılmamış, milli alt açılım (9-10. haneler) yapılmıştır."
2022,83,C,Tarife & Sınıflandırma,Tarife Sınıflandırma (GTİP),3. fasıl kapsamı,Olumsuz kök (değildir / yanlıştır),Tarife Sınıflandırma,"Tarife Cetveli, İzahname & GYK",3. fasıl not 1(a),Orta,,"01, 03",,Hangi canlı TGTC'nin 3. faslında sınıflandırılmaz?,"Balina bir memeli olduğundan 3. fasılda değil, canlı ise 01.06'da sınıflandırılır (3. fasıl notu 01.06'daki memelileri kapsam dışı bırakır); alabalık, köpek balığı, deniz kulağı ve deniz hıyarı 3. fasıldadır."
2022,84,D,Tarife & Sınıflandırma,Tarife Mevzuatı & BTB,BTB düzenleyen bölge müdürlükleri,Öncüllü (I-II-III),Yetkili Merci,Gümrük Genel Tebliğleri,Tarife Tebliği (Seri No:14),Orta,,,,Tarife Tebliği (Seri No:14)'e göre hangi bölge müdürlükleri bağlayıcı tarife bilgisi düzenler?,Cevap anahtarına göre Tarife Tebliği (Seri No:14) uyarınca Uludağ ve Doğu Marmara Gümrük ve Dış Ticaret Bölge Müdürlükleri BTB düzenler; Doğu Akdeniz bu bölge müdürlükleri arasında değildir.
2022,85,E,Tarife & Sınıflandırma,Tarife Sınıflandırma (GTİP),64. fasıl ayakkabı kapsamı,Olumsuz kök (değildir / yanlıştır),Tarife Sınıflandırma,"Tarife Cetveli, İzahname & GYK",64. fasıl not 1,Orta,,"64, 90",,Hangisi TGTC 64. faslında yer alan eşyalardan değildir?,"Ortopedik ayakkabılar 64. fasıl notu gereği kapsam dışıdır ve 90.21'de sınıflandırılır; güreş, bisiklet, kar sörfü ve koşu ayakkabıları 64. fasıldadır."
2022,86,D,Tarife & Sınıflandırma,Tarife Sınıflandırma (GTİP),E-sigara ve tütün ürünleri pozisyonları,Boşluk doldurma,Tarife Sınıflandırma,"Tarife Cetveli, İzahname & GYK","85.43, 24.04, 24.02, 48.13",Orta,,"24, 48, 85",,"E-sigara, kartuşu, tütün içeren sigara ve sigara kâğıdının tarife pozisyonları nelerdir?","2022 TGTC'de elektronik sigaralar 85.43'te (8543.40), bunlarda kullanılan kartuşlar 24.04'te, tütün içeren sigaralar 24.02'de, sigara kâğıdı 48.13'te sınıflandırılır."
2022,87,D,Tarife & Sınıflandırma,Tarife Sınıflandırma (GTİP),Mamul olduğu maddeye göre sınıflandırma,Olumlu kök,Tarife Sınıflandırma,"Tarife Cetveli, İzahname & GYK","39.24, 44.19, 69.11-69.12, 70.13, 73.23, 76.15",Orta,,"39, 44, 69, 70, 73, 76",,Hangi eşya mamul olduğu maddeye göre sınıflandırılır?,"Tabak gibi sofra/mutfak eşyası mamul olduğu maddeye göre (plastik 39.24, ahşap 44.19, seramik 69.11-69.12, cam 70.13, demir-çelik 73.23, alüminyum 76.15) sınıflandırılır; baston (66.02), şemsiye (66.01), diş fırçası (96.03) ve antika (97.06) maddesine bakılmaksızın kendi pozisyonlarındadır."
2022,88,A,Tarife & Sınıflandırma,Tarife Sınıflandırma (GTİP),İlk yardım setlerinde GYK,Olumlu kök,Tarife Sınıflandırma,"Tarife Cetveli, İzahname & GYK",GYK 1 ve 6; 30. fasıl not 4,Orta,,30,,3006.50'de sınıflandırılan ilk yardım setinin sınıflandırılmasında hangi GYK'ler uygulanmıştır?,"İlk yardım kutuları 30.06 pozisyon metni ve 30. fasıl 4 no.lu notunda açıkça sayıldığından pozisyon GYK 1 ile, 3006.50 alt pozisyonu GYK 6 ile belirlenir; GYK 3(b) set kuralına başvurulmaz."
2022,89,A,Gümrük Kıymeti,Gümrük Kıymeti,Kıymete ilave ve indirimler,Olumlu kök,Hesaplama,4458 Gümrük Kanunu,"GK md. 24, 27, 28",Zor,Gümrük kıymeti,,105.500 TL,Ortak senaryodaki ithalatta ticari işlemin gümrük kıymeti kaç TL'dir?,"80.000 − 1.000 (sonradan iade edilen ihraç ülkesi dahili vergisi) + 20.000 (satıcının borcunun ödenmesi, dolaylı ödeme) + 500 (fabrika-liman nakliyesi) + 900 navlun + 100 sigorta + 3.000 satış komisyonu + 500 ihraç limanı demurajı + 1.500 bedelsiz sağlanan kumanda paneli = 105.500 TL. Eğitim, ithalat sonrası montaj, varış limanı demurajı, ardiye, fazla mesai, müşavirlik ve yurt içi nakliye eklenmez."
2022,90,A,"İç Vergiler, Kambiyo & Fonlar",KDV,İthalde KDV matrahı,Olumlu kök,Hesaplama,KDV Kanunu,KDV K. md. 21,Zor,KDV matrahı / KDV,,107.000 TL,Ortak senaryoda diğer vergiler ihmal edildiğinde ithalde KDV matrahı kaç TL'dir?,"KDV matrahı = gümrük kıymeti 105.500 + beyanname tescilinden önceki giderler (varış limanı demurajı 500 + tescil öncesi ardiye 500 + tescil öncesi fazla mesai 500) = 107.000 TL. Tescil sonrası ardiye, müşavirlik ücreti, montaj ve yurt içi nakliye eklenmez."
2022,91,B,Gümrük Kıymeti,Gümrük Kıymeti,Diplomatik kullanılmış taşıt kıymeti,Olumlu kök,Hesaplama,Gümrük Genel Tebliğleri,,Zor,Gümrük kıymeti,,31.500 Euro,Diplomatik indirimle alınmış 2020 model aracın 2022 ithalinde vergiye esas kıymeti kaç Euro'dur?,"KDV dahil 55.000 ÷ 1,10 = 50.000 Euro; %10 diplomatik indirim düşülür → 45.000 Euro. Eski model taşıtta ilk yıl %20, sonraki yıllar %10 amortisman: 2020 model 2022 ithalinde %30 → 45.000 × 0,70 = 31.500 Euro."
2022,92,A,Gümrük Kıymeti,Gümrük Kıymeti,"Royalti, montaj ve reklam giderleri",Olumlu kök,Hesaplama,4458 Gümrük Kanunu,GK md. 27-28,Kolay,Gümrük kıymeti,,509.000 USD,"FOB bedel, royalti, navlun, sigorta, montaj ve reklam verilerine göre gümrük kıymeti kaç USD'dir?","FOB 500.000 + navlun 8.000 + sigorta 1.000 = 509.000 USD; Türkiye'de çoğaltma hakkı için royalti, ithalat sonrası ayrıca faturalanan montaj ve alıcının kendi hesabına yaptığı reklam gideri eklenmez."
2022,93,E,"İç Vergiler, Kambiyo & Fonlar",ÖTV,Sigarada nispi ve maktu ÖTV,Olumlu kök,Hesaplama,ÖTV Kanunu,ÖTV K. md. 11-12; (III) sayılı liste (B) cetveli,Orta,ÖTV,24,18.900 TL,Verilen oranlarla 1.000 paket sigaranın toplam ÖTV tutarı kaç TL'dir?,"Nispi ÖTV perakende satış fiyatı üzerinden hesaplanır: 1.000 paket × 30 TL × %60 = 18.000 TL. Asgari maktu vergiye göre hesaplanan tutar bundan düşüktür (adet başına uygulanırsa 0,80 × 20 × 1.000 = 16.000 TL, B şıkkı), bu yüzden nispi vergi esas alınır. Buna maktu vergi eklenir (cevap anahtarına göre paket başına 0,90 TL × 1.000 = 900 TL) → 18.900 TL; CIF kıymet ve GV hesaba girmez."
2022,94,D,Dış Ticaret Politikası & Uluslararası Ticaret,İthalat Rejimi & Ek Mali Yükümlülük,İthalatta toplam vergi hesabı,Olumlu kök,Hesaplama,4458 Gümrük Kanunu,GK md. 27; ÖTV K. md. 11; KDV K. md. 21,Zor,Diğer,,466.200 TL,"Assist, plan, komisyon ve müşavirlik verilerine göre ithalatta ödenecek toplam vergi kaç TL'dir?","Cevap anahtarına göre 466.200 TL. Standart kurguda kıymet = CIF 90.000 + bedelsiz gönderilen üretim malzemesi 10.000 = 100.000 USD = 1.000.000 TL (Türkiye'de alınan planlar, satın alma komisyonu ve müşavirlik ücreti eklenmez); GV 100.000 + ÖTV %20×1.100.000 = 220.000 + KDV %10×1.320.000 = 132.000 → 452.000 TL (B) bulunur; anahtardaki tutara tutarlı bir kurguyla ulaşılamamıştır."
2022,95,C,"Vergi Alacağı, Ceza & Kaçakçılık",İdari Para Cezaları & Uzlaşma,Kendiliğinden bildirimde KDV cezası,Olumlu kök,Hesaplama,4458 Gümrük Kanunu,GK md. 234/1 ve 234/3,Orta,Ceza / ek tahakkuk,,3.000 TL,İdarece tespitten önce kendiliğinden bildirilen 10.000 TL noksan KDV için ceza ne kadardır?,İthalde KDV farkı için GK md. 234/1 uyarınca farkın 3 katı (30.000 TL) ceza öngörülür; idarece tespitten önce kendiliğinden bildirimde bu ceza GK md. 234/3 uyarınca %10 oranında uygulanır (oran 2019'da 7190 s. K. ile %15'ten %10'a indirilmiştir; D şıkkı eski %15 oranıdır) → 30.000 × %10 = 3.000 TL.
2022,96,D,Gümrük Kıymeti,Gümrük Kıymeti,Assist ve taşıma bedeli,Olumlu kök,Hesaplama,4458 Gümrük Kanunu,GK md. 27/1(b),Orta,Gümrük kıymeti,,60.000 USD,"FOB bedel, navlun, bedelsiz gönderilen aksam ve reklam verilerine göre gümrük kıymeti kaç USD'dir?",FOB 500 × 100 = 50.000 + navlun ve sigorta 5.000 + alıcının bedelsiz sağladığı aksam 4.000 + bu aksamın üreticiye taşıma gideri 1.000 = 60.000 USD; alıcının kendi hesabına yaptığı reklam gideri (500) eklenmez.
2022,97,B,"İç Vergiler, Kambiyo & Fonlar",ÖTV,Alkollü içkide asgari maktu ÖTV,Olumlu kök,Hesaplama,ÖTV Kanunu,ÖTV K. md. 12; (III) sayılı liste (A) cetveli,Orta,ÖTV,22,180 TL,"0,75 litrelik %40 alkollü bir şişe viskinin ÖTV tutarı kaç TL'dir?","Nispi ÖTV: 10 USD × 10 = 100 TL × %50 = 50 TL. Asgari maktu: 0,75 lt × %40 = 0,30 lt saf alkol × 600 TL = 180 TL. (A) cetvelinde vergi asgari maktu tutardan az olamayacağından ÖTV = 180 TL."
2022,98,B,Gümrük Kıymeti,Gümrük Kıymeti,Royalti ve montaj giderleri,Olumlu kök,Hesaplama,4458 Gümrük Kanunu,GK md. 27/1(c),Orta,Gümrük kıymeti,,850 USD,"Demonte makinelerde royalti, montaj ve üretim hakkı ödemelerine göre gümrük kıymeti kaç USD'dir?",CIF 750 USD + satış koşulu olarak üçüncü ülkedeki patent sahibine ödenen royalti 10 × 10 = 100 → 850 USD. İthalat sonrası montaj teknisyeni ücreti (500) ve Türkiye'de üretim için plan/tasarım royaltisi (1.000) eklenmez.
2022,99,C,Dış Ticaret Politikası & Uluslararası Ticaret,İthalat Rejimi & Ek Mali Yükümlülük,Asgari-azami GV ve İGV hesabı,Olumlu kök,Hesaplama,Dış Ticaret Mevzuatı,İthalat Rejimi Kararı (91.02),Orta,Gümrük vergisi / İGV,91,2.500 EUR,Asgari ve azami maktu sınırlı GV ile %10 İGV'ye tabi saatlerin toplam GV+İGV tutarı nedir?,"Nispi GV 10.000 × %4,5 = 450 EUR (adet başı 0,09 EUR) asgari 0,3 EUR/adet sınırının altında kaldığından GV = 5.000 × 0,3 = 1.500 EUR; İGV = 10.000 × %10 = 1.000 EUR; toplam 2.500 EUR."
2022,100,D,Gümrük Kıymeti,Gümrük Kıymeti,Marka lisansı ve dağıtım hakkı,Olumlu kök,Hesaplama,4458 Gümrük Kanunu,GK md. 27/1(c),Orta,Gümrük kıymeti,,8.000 USD,"Marka lisansı, dağıtım hakkı ve çoğaltma hakkı ödemelerine göre spor çantaların gümrük kıymeti kaç USD'dir?",CIF 5 × 1.000 = 5.000 + satış koşulu olan marka lisans ücreti 2.000 + satış koşulu olan dağıtım ve tekrar satış hakkı ücreti 1.000 = 8.000 USD; eşyanın Türkiye'de çoğaltılması hakkı için ödenen 5.000 USD eklenmez.
2023,1,B,"Vergi Alacağı, Ceza & Kaçakçılık",Kaçakçılık (5607),Kaçakçılık suçlarında hapis alt sınırları,Olumlu kök,Sayısal (süre-oran-tutar),5607 Kaçakçılık Kanunu,5607 s. K. md. 3,Zor,,,Bandrol taklidi imali (alt sınır en yüksek),5607 md. 3'teki suçlardan hapis cezası alt sınırı en yüksek olanı soruluyor.,"Cevap anahtarına göre tütün mamulü ambalajlarına uygulanan bandrollerin taklitlerini imal etme suçu, seçeneklerdeki suçlar arasında hapis cezası alt sınırı en yüksek olandır."
2023,2,A,"Vergi Alacağı, Ceza & Kaçakçılık",Kaçakçılık (5607),5607'de düzenlenen kurumlar,Olumsuz kök (değildir / yanlıştır),Kapsam & Şart,5607 Kaçakçılık Kanunu,5607 s. K.,Orta,,,,5607 sayılı Kanunda düzenlenmeyen kavram soruluyor.,"Mülkiyetin kamuya geçirilmesi 5607'de değil, idari yaptırım olarak Gümrük Kanunu ve Kabahatler Kanununda düzenlenir; müsadere, tasfiye, kontrollü teslimat ve kriminal laboratuvar 5607'de yer alır."
2023,3,E,"Vergi Alacağı, Ceza & Kaçakçılık",Kaçakçılık (5607),Etkin pişmanlık hükümleri,Olumlu kök,Doğru/Yanlış Hüküm,5607 Kaçakçılık Kanunu,5607 s. K. md. 5,Orta,,,,5607'deki etkin pişmanlık hükümlerine ilişkin doğru ifade soruluyor.,"Etkin pişmanlık hükümleri mükerrirler hakkında da uygulanabilir; diğer seçeneklerdeki kısıtlamalar (yalnız haber alınmadan önce uygulanma, faillerin yakalanması şartı, iştirak ve yasak eşya istisnası) Kanunda yer almaz."
2023,4,E,Tarife & Sınıflandırma,Tarife Sınıflandırma (GTİP),Ahşap eşya ve 42.02 bavul,Olumlu kök,Tarife Sınıflandırma,"Tarife Cetveli, İzahname & GYK",42.02 pozisyon metni,Orta,,"42, 44",,Ahşap ürünlerden farklı fasılda sınıflandırılanı soruluyor.,"Ahşap bavul, 42.02'nin ilk kısmındaki sandık/bavul/valizler her türlü maddeden olabildiğinden 42. fasıldadır; odun kömürü (44.02), yonga levha (44.10), kontrplak (44.12) ve ahşap merdiven 44. fasıldadır."
2023,5,D,Tarife & Sınıflandırma,Tarife Sınıflandırma (GTİP),20.08 alt açılım kriterleri,Olumsuz kök (değildir / yanlıştır),Tarife Sınıflandırma,"Tarife Cetveli, İzahname & GYK",20.08 alt pozisyonları,Zor,,20,,20.08 eşyasının nihai GTİP belirlenmesinde kullanılmayan kriter soruluyor.,"20.08'de alt açılımlar net ağırlık (ambalaj), şeker oranı, ilave alkol içerip içermeme ve alkol derecesine göre yapılır; Brix değeri 20.09 (meyve suları) için kullanılır."
2023,6,A,Tarife & Sınıflandırma,Tarife Sınıflandırma (GTİP),70. fasıl cam eşya kapsamı,Olumsuz kök (değildir / yanlıştır),Tarife Sınıflandırma,"Tarife Cetveli, İzahname & GYK",70.07; 86.07 izahnamesi,Zor,,"70, 86",,70. fasılda sınıflandırılmayan cam eşya soruluyor.,"Cevap anahtarına göre ısıtma tertibatlı lokomotif ön camı 70.07 emniyet camı olarak değil, taşıt aksamı olarak (86.07) sınıflandırılır; çerçevesiz ön cam (70.07), cam ayna (70.09), far camı (70.14) ve cam tülü (70.19) 70. fasıldadır."
2023,7,C,Tarife & Sınıflandırma,Tarife Sınıflandırma (GTİP),66. fasıl şemsiye ve bastonlar,Olumlu kök,Tarife Sınıflandırma,"Tarife Cetveli, İzahname & GYK",66.01; 66.02,Orta,,66,,Diğerlerinden farklı tarife pozisyonunda yer alan eşya soruluyor.,"Şemsiye 66.01'de; baston, iskemle baston, kamçı ve kırbaç 66.02'de sınıflandırılır."
2023,8,E,Tarife & Sınıflandırma,Tarife Sınıflandırma (GTİP),İnce hayvan kılı tanımı,Olumsuz kök (değildir / yanlıştır),Tanım / Kavram,"Tarife Cetveli, İzahname & GYK",51. fasıl not 1(b),Orta,,51,,İnce hayvan kılı elde edilemeyen hayvan soruluyor.,"51. fasıl not 1(b)'ye göre ince hayvan kılı alpaka, lama, vikunya, deve, yak, Ankara/Tibet/Kaşmir keçisi, tavşan, kunduz, nutria, misk faresi vb. kıllarıdır; katır bu listede yer almaz."
2023,9,C,Tarife & Sınıflandırma,Tarife Sınıflandırma (GTİP),95. fasıl gezici sergiler ve oyuncaklar,Olumlu kök,Tarife Sınıflandırma,"Tarife Cetveli, İzahname & GYK",95.03; 95.08,Orta,,95,,Gezici hayvan sergileriyle aynı fasılda yer alan eşya soruluyor.,"Gezici hayvan sergileri 95.08'de, çocuk üç tekerlekli bisikleti 95.03'te (95. fasıl); kamp çadırı 63.06, orijinal heykel 97.03, tiyatro dekoru 59.07, zooloji koleksiyonu 97.05'tedir."
2023,10,D,Tarife & Sınıflandırma,Tarife Sınıflandırma (GTİP),Farklı maddeden conta takımları,Olumlu kök,Tarife Sınıflandırma,"Tarife Cetveli, İzahname & GYK",84.84,Orta,,84,,"Plastik, kauçuk ve çelik contalardan oluşan poşetli takımın pozisyonu soruluyor.","Farklı bileşimdeki contaların poşet, zarf vb. ambalaj içinde takım halinde sunulması 84.84 pozisyonunda sınıflandırılır."
2023,11,A,Tarife & Sınıflandırma,Tarife Sınıflandırma (GTİP),Kültivatörün sınıflandırılması,Olumlu kök,Tarife Sınıflandırma,"Tarife Cetveli, İzahname & GYK",84.32,Kolay,,84,,Kültivatörün tarife pozisyonu soruluyor.,"Kültivatör, toprak hazırlama/işleme tarım makinesi olarak 84.32'de sınıflandırılır."
2023,12,A,Tarife & Sınıflandırma,Tarife Sınıflandırma (GTİP),GYK 2(a) uygulanmayan bölümler,Olumsuz kök (değildir / yanlıştır),Kapsam & Şart,"Tarife Cetveli, İzahname & GYK",GYK 2(a) açıklama notu,Zor,,,,GYK 2(a)'nın uygulanmadığı bölüm soruluyor.,GYK 2(a) açıklama notlarına göre I-VI. Bölümlerdeki pozisyonların kapsamı nedeniyle kural bu bölümlerdeki eşyaya genellikle uygulanmaz; seçeneklerden yalnız VI. Bölüm bu kapsamdadır.
2023,13,C,Tarife & Sınıflandırma,Tarife Sınıflandırma (GTİP),Cep tipi hesap makinesi ölçüleri,Olumlu kök,Tarife Sınıflandırma,"Tarife Cetveli, İzahname & GYK",84. fasıl not 9,Orta,,84,,Ölçüleri verilen hesap makinelerinden hangisinin cep tipi sayılacağı soruluyor.,84. fasıl notuna göre cep tipi makinelerin boyutları 170 mm x 100 mm x 45 mm'yi geçmemelidir; yalnız 168x100x44 mm bu sınırlar içindedir.
2023,14,D,Tarife & Sınıflandırma,Tarife Sınıflandırma (GTİP),42.02 pozisyon metni kapsamı,Olumsuz kök (değildir / yanlıştır),Tarife Sınıflandırma,"Tarife Cetveli, İzahname & GYK",42.02 pozisyon metni,Orta,,42,,42.02 pozisyon metnine göre bu pozisyonda yer alamayacak eşya soruluyor.,"42.02'nin noktalı virgülden önceki kısmındaki eşya (bavul, gözlük kılıfı, tabanca mahfazası vb.) her maddeden olabilir; sigara kutusu ikinci kısımda yer aldığından deri, plastik yaprak, dokumaya elverişli madde, vulkanize lif veya kartonla sınırlıdır, metal sigara kutusu 42.02'ye giremez."
2023,15,D,Tarife & Sınıflandırma,Tarife Sınıflandırma (GTİP),Farklı fasıllardaki eşya karşılaştırması,Olumlu kök,Tarife Sınıflandırma,"Tarife Cetveli, İzahname & GYK",84.06; 85.18; 85.23; 85.39,Orta,,"84, 85",,Aynı fasılda yer almayan eşya içeren seçenek soruluyor.,"Mikrofon (85.18), boş CD (85.23) ve LED ampul (85.39) 85. fasılda iken buhar türbini 84.06 ile 84. fasıldadır; diğer seçeneklerdeki eşya sırasıyla 90, 21, 84 ve 12. fasılda toplanır."
2023,16,D,Tarife & Sınıflandırma,Tarife Sınıflandırma (GTİP),XV. Bölüm çubuk ve tel tanımı,Olumlu kök,Tanım / Kavram,"Tarife Cetveli, İzahname & GYK",XV. Bölüm not 9,Orta,,,,XV. Bölüm notlarına göre çubuk ile tel arasındaki fark soruluyor.,"XV. Bölüm not 9'a göre çubuklar rulo halinde olmayan, teller ise rulo halinde sunulan ürünlerdir; ayırt edici ölçüt rulo halinde olup olmamasıdır."
2023,17,D,Tarife & Sınıflandırma,Tarife Sınıflandırma (GTİP),Elektrikli lehim ve kaynak makineleri,Olumlu kök,Tarife Sınıflandırma,"Tarife Cetveli, İzahname & GYK",84.68; 85.15,Orta,,"84, 85",,84.68'deki makinenin elektrikli olması halindeki pozisyonu soruluyor.,"Gazla çalışan lehim/kaynak makineleri 84.68'de, elektrikli lehim ve kaynak makineleri 85.15'te sınıflandırılır."
2023,18,E,Tarife & Sınıflandırma,Tarife Sınıflandırma (GTİP),Binek otomobille ilgili pozisyonlar,Olumsuz kök (değildir / yanlıştır),Tarife Sınıflandırma,"Tarife Cetveli, İzahname & GYK",87.10,Orta,,87,,Binek otomobiliyle ilgili ürünün sınıflandırılmadığı pozisyon soruluyor.,"87.10 tanklar ve zırhlı savaş araçlarıdır; 68.13 fren balataları, 84.07 kıvılcım ateşlemeli motorlar, 85.07 aküler ve 85.12 taşıt aydınlatma/sinyal cihazları otomobillerle ilgilidir."
2023,19,D,Tarife & Sınıflandırma,Tarife Sınıflandırma (GTİP),87.02 midibüs GTİP tespiti,Olumlu kök,Tarife Sınıflandırma,"Tarife Cetveli, İzahname & GYK",87.02 alt açılımları,Orta,,87,,"Kullanılmış, yalnız dizel, 2500 cm3 midibüsün GTİP'i soruluyor.",Silindir hacmi tam 2500 cm3 olan araç '2500 cm3'ü geçmeyenler' grubundadır; yalnız dizel ve kullanılmış olduğundan 8702.10.99.12.00'da sınıflandırılır.
2023,20,D,Tarife & Sınıflandırma,Tarife Sınıflandırma (GTİP),"22. fasıl kapsamı, deniz suyu",Olumsuz kök (değildir / yanlıştır),Tarife Sınıflandırma,"Tarife Cetveli, İzahname & GYK",22. fasıl not 1; 25.01,Orta,,"22, 25",,22. fasılda sınıflandırılmayan eşya soruluyor.,"Seçenekteki 'Deniz' (deniz suyu) 22. fasıl kapsamı dışında olup 25.01'de sınıflandırılır; sirke (22.09), kar (22.01), bal şarabı (22.06) ve alkolsüz bira (22.02) 22. fasıldadır."
2023,21,D,Tarife & Sınıflandırma,Tarife Sınıflandırma (GTİP),"84.18 kapsamı, ısı değiştiriciler",Olumsuz kök (değildir / yanlıştır),Tarife Sınıflandırma,"Tarife Cetveli, İzahname & GYK",84.18; 84.19,Orta,,84,,84.18'de sınıflandırılmayan eşya soruluyor.,"Isı değiştiriciler (eşanjörler) 84.19'da sınıflandırılır; dondurucular, ev tipi soğutucular ve ısı pompaları (84.15 hariç) 84.18'dedir."
2023,22,B,Gümrük Rejimleri,İhracat Rejimi (Gümrük İşlemleri),Ticari kiralama yoluyla geçici ihracat,Öncüllü (I-II-III),Doğru/Yanlış Hüküm,Gümrük Yönetmeliği,,Zor,,,,Ticari kiralama kapsamında geçici ihracata ilişkin doğru ifadeler soruluyor.,"Ticari kiralamada eşya yurt dışında azami 3 yıl kalabilir, süre bitmeden başvuruyla sözleşme süresi kadar uzatılabilir ve gümrük müdürlüğünün geçici ihracat beyannamesini onaylaması izin hükmündedir; TPS üzerinden ayrıca izin aranmaz, finansal kiralamayla edinilen eşya da geçici ihraç edilebilir."
2023,23,C,Gümrük Rejimleri,Geçici İthalat,Yabancı Taşıtlar Geçici Giriş Karnesi,Olumlu kök,Belge & Prosedür,Gümrük Genel Tebliğleri,Kara Taşıtları Tebliği (Seri No:1),Orta,,,,"Görevli, öğrenci ve emekli yabancıların taşıtları için kefil kuruluş teminat belgesi soruluyor.","Türkiye'de görev/öğrenim amacıyla bulunanlar ile geçici oturma izinli emekli yabancıların kişisel taşıtları için kefil kuruluşlarca verilen, yalnız Türkiye'de geçerli teminat belgesi Yabancı Taşıtlar Geçici Giriş Karnesidir."
2023,24,C,Gümrük Rejimleri,Geçici İthalat,Geçici ithalatta teminat aranan eşya,Olumlu kök,Kapsam & Şart,Gümrük Yönetmeliği,,Orta,,,,Tam muafiyetli geçici ithalatta teminat aranan eşya soruluyor.,"Test, deneme veya tanıtım amacıyla gönderilen eşyada ithalat vergileri tutarında teminat aranır; kriz yardım malzemesi, taşımacılık şirketlerinin işaretli malzemesi, gemi adamı ihtiyaç malzemesi ve yabancı yayın kuruluşu teçhizatında aranmaz."
2023,25,C,"Genel Hükümler, İşlemler & Meslek","Gemi-Uçak, İhrakiye & Kumanya",İhraç eşyası/ihrakiye fiili ihraç tarihi,Olumlu kök,Vaka / Senaryo,Gümrük Yönetmeliği,,Zor,,,,Mersin'de yüklenen ihraç eşyası ile Aliağa'da alınan ihrakiyenin fiili ihraç tarihleri soruluyor.,"Gemiyle ihracatta fiili ihraç tarihi geminin yükleme limanından hareket ettiği tarih (15 Haziran), ihrakiyede ise teslimin yapıldığı tarihtir (17 Haziran)."
2023,26,C,"Vergi Alacağı, Ceza & Kaçakçılık",İdari Para Cezaları & Uzlaşma,Akaryakıt-kumanya tamamlayıcı beyan gecikmesi,Olumlu kök,Kapsam & Şart,Gümrük Yönetmeliği,GK md. 241/1; GY Ek-82,Orta,,,,İhrakiye/kumanya beyannamesinin süresinde verilmemesinin hangi beyanın gecikmesi olduğu soruluyor.,İhracat hükmünde teslim edilen akaryakıt ve kumanya basitleştirilmiş usulle teslim edildiğinden sonradan verilen beyanname tamamlayıcı beyandır; fiil tamamlayıcı beyanın gecikmesinden doğar ve GK 241/1 usulsüzlük cezası gerektirir.
2023,27,C,"Genel Hükümler, İşlemler & Meslek","Muafiyetler (2009/15481, Geri Gelen Eşya)",Geri gelen eşyada ispat şartı,Olumlu kök,Kapsam & Şart,Gümrük Yönetmeliği,GK md. 168,Zor,,,,Kesin ihraç sonrası geri gelen eşyada ispat şartları aranmayan eşya soruluyor.,"Cevap anahtarına göre yolcu otobüsü, kesin ihracı yapıldıktan sonra geri geldiğinde ispata ilişkin şartlar aranmaksızın geri gelen eşya muafiyetinden yararlandırılır."
2023,28,D,"Genel Hükümler, İşlemler & Meslek","Gemi-Uçak, İhrakiye & Kumanya",Uçaklarda vergisiz yakıt kullanımı,Öncüllü (I-II-III),Vaka / Senaryo,4458 Gümrük Kanunu,GK md. 176,Zor,,,,Hangi uçuşlarda GK 176 kapsamında vergisiz yakıt kullanılamayacağı soruluyor.,Yurt dışından gelen uçağın dış hat yükünü iç havalimanına taşıması (II) veya ihraç yükü almak için boş/kısmen yüklü uçuşu (III) dış sefer sayılır; iç seferden sonra ihraç yükü almaya gidiş (I) ve iç hat yükü taşıma (IV) iç sefer olduğundan vergisiz yakıt kullanılamaz.
2023,29,E,"Genel Hükümler, İşlemler & Meslek","Gemi-Uçak, İhrakiye & Kumanya",Türk bayraklı gemilerde dış sefer,Boşluk doldurma,Sayısal (süre-oran-tutar),Gümrük Yönetmeliği,,Orta,,,Ağırlık itibarıyla yarısından fazlası,Dış sefer halini bozmadan serbest dolaşım eşyası taşınabilmesi için yük oranı soruluyor.,Yükün ağırlık itibarıyla yarısından fazlası ihraç veya transit eşyası ise Türk bayraklı geminin rotasındaki Türk limanına serbest dolaşımdaki eşya taşıması dış sefer halini bozmaz.
2023,30,B,"Genel Hükümler, İşlemler & Meslek","Gemi-Uçak, İhrakiye & Kumanya",İhrakiye tamamlayıcı beyan süresi,Olumlu kök,Sayısal (süre-oran-tutar),Gümrük Yönetmeliği,,Orta,,,Teslimi izleyen ayın ilk 7 iş günü,Basitleştirilmiş usulle yapılan yakıt teslimine ait tamamlayıcı beyanın süresi soruluyor.,"Basitleştirilmiş usulle yapılan serbest dolaşımdaki yakıt (ihrakiye) teslimlerinde tamamlayıcı beyan, teslimin yapıldığı ayı izleyen ayın ilk 7 iş günü içinde verilir (20 Haziran teslimi için Temmuz'un ilk 7 iş günü)."
2023,31,C,Dış Ticaret Politikası & Uluslararası Ticaret,"Teşvik, Yabancı Yatırım & Sınır Ticareti",Sınır ticaret merkezlerinde valilik görevleri,Olumsuz kök (değildir / yanlıştır),Yetkili Merci,Dış Ticaret Mevzuatı,4874 s. Karar,Orta,,,,Sınır Ticaret Merkezlerinde Valiliklerin görev alanı dışında kalan iş soruluyor.,"STM'nin teknik ve fiziki altyapısının kurulması, ana yol bağlantısını sağlayan yolların inşaatı, iç ve çevre güvenliğinin sağlanması, işletilmesi ve mağazaların kiralanması Valiliklerin görevidir; STM faaliyetine geçici süreliğine ara verilmesi ise Karar'da Valiliklerin görevleri arasında sayılmamıştır."
2023,32,E,Dış Ticaret Politikası & Uluslararası Ticaret,İhracat Mevzuatı (Dış Ticaret),İzne bağlı ihracatta başlamış işlem,Olumlu kök,Tanım / Kavram,Dış Ticaret Mevzuatı,,Orta,,,,İzne bağlı ihracatta 'başlamış işlem'in ne olduğu soruluyor.,İzne bağlı ihracatta ihracat izninin verilmiş olması başlamış işlem sayılır.
2023,33,A,"İç Vergiler, Kambiyo & Fonlar","Kambiyo (32 Sayılı Karar, TCMB)",İhracat bedeli getirme istisnası ülkeleri,Olumlu kök,Olgu Bilgisi,Kambiyo & Fon Mevzuatı,,Zor,,,,İhracat bedellerinin yurda getirilmesinde istisna tanınan ülke soruluyor.,Cevap anahtarına göre ihracat bedellerinin yurda getirilmesi zorunluluğunda istisna tanınan ülkelerden biri Belarus'tur.
2023,34,E,"İç Vergiler, Kambiyo & Fonlar","Kambiyo (32 Sayılı Karar, TCMB)",İhracat bedellerinin yurda getirilme süreleri,Öncüllü (I-II-III),Sayısal (süre-oran-tutar),Kambiyo & Fon Mevzuatı,TCMB İhracat Genelgesi,Zor,,,Fuar: bitimden sonra 180 gün; kredili/kiralama: vadeyi izleyen 90 gün; geçici ihracat satışı: 90 gün,İhracat bedellerinin yurda getirilmesine ilişkin doğru ifadeler soruluyor.,"Fuar/sergide satılan malların bedeli fuar bitimini izleyen 180 gün, kredili veya kiralama yoluyla ihracatta vade tarihlerini izleyen 90 gün, geçici ihracatta kesin satış tarihinden itibaren 90 gün içinde getirilir; yurt dışı müteahhit firmalarca yapılan ihracat için 180 gün zorunluluğu yoktur (II yanlış)."
2023,35,D,"Genel Hükümler, İşlemler & Meslek","Muafiyetler (2009/15481, Geri Gelen Eşya)",Yolcu beraberi eşya ve tek-maktu vergi,Olumsuz kök (değildir / yanlıştır),Doğru/Yanlış Hüküm,2009/15481 Karar,2009/15481 s. Karar (yolcu beraberi eşya),Zor,,,,Yolcu beraberi eşya muafiyeti ve tek-maktu vergiye ilişkin yanlış ifade soruluyor.,"Cevap anahtarına göre Japonya'dan gelen yolcunun Ek-9 dışı 630 Avro'luk eşyasının tamamına %30 uygulanarak 189 Avro vergi hesaplanması yanlıştır. Ek-9(A) eşyası yalnız beraberde, (B) eşyası gelişten 1 ay önce/3 ay sonra getirilebilir; tütün-alkol muafiyeti 18 yaş üstüne tanınır; ÖTV (IV) listesindeki eşyada %30'a ek %20 tek ve maktu vergi alınır."
2023,36,B,"Genel Hükümler, İşlemler & Meslek","Muafiyetler (2009/15481, Geri Gelen Eşya)",İşyeri nakli muafiyet şartları,Öncüllü (I-II-III),Kapsam & Şart,2009/15481 Karar,2009/15481 s. Karar (işyeri nakli),Orta,,,,İşyeri nakli muafiyetine ilişkin yanlış ifadeler soruluyor.,"İşyeri naklinde eşyanın faaliyet sona ermeden önce en az 12 ay (24 ay değil) fiilen kullanılmış olması ve faaliyetin sona erdiği tarihten itibaren 12 ay içinde getirilmesi gerekir; ham, yarı mamul, mamul madde stokları ve akaryakıtlar muafiyet kapsamı dışındadır."
2023,37,D,"Genel Hükümler, İşlemler & Meslek","Muafiyetler (2009/15481, Geri Gelen Eşya)",Standart depo muafiyeti kullanım sınırı,Boşluk doldurma,Kapsam & Şart,2009/15481 Karar,2009/15481 s. Karar (standart depo),Orta,,,,"Standart depo muafiyetinde taşıt kapsamı, kullanım sınırı ve aşımda alınacak vergi boşlukları soruluyor.",Standart depo muafiyeti (AB'den girişler hariç) hususi ve ticari tescilli yerli ve yabancı plakalı otomobiller ile hususi minibüs/kamyonetler için ayda en fazla dört defa kullandırılır; aşan her girişte tüm depodaki akaryakıt için litre başına ÖTV tutarında tek ve maktu vergi alınır.
2023,38,E,"Genel Hükümler, İşlemler & Meslek","Muafiyetler (2009/15481, Geri Gelen Eşya)",Muafen ithal eşyada devir kısıtları,Olumsuz kök (değildir / yanlıştır),Sayısal (süre-oran-tutar),2009/15481 Karar,2009/15481 s. Karar,Orta,,,İşyeri nakli: 12 ay (3 yıl değil),Muafiyetle ithal edilen eşyanın devir ve satış kısıt sürelerine ilişkin yanlış ifade soruluyor.,"İşyeri nakli kapsamında muafen ithal edilen sermaye malları için devir/satış kısıtı üç yıl değil 12 aydır; ev eşyasında 1 yıl, engelli araçlarında 10 yıl (vefatta varis için 5 yıl), hibe ambulanslarda 5/10 yıllık kısıtlar doğrudur."
2023,39,D,"Genel Hükümler, İşlemler & Meslek",Posta & Hızlı Kargo,Posta ve hızlı kargoda beyan türü,Öncüllü (I-II-III),Belge & Prosedür,2009/15481 Karar,2009/15481 s. Karar (posta ve hızlı kargo),Zor,,,,Posta/hızlı kargo operatörlerince yapılacak beyan işlemlerine ilişkin doğru önermeler soruluyor.,Cevap anahtarına göre II-V doğrudur: diplomatik eşyaya kıymet/ağırlık sınırı uygulanmaz; gerçek kişiye gelen 600 Avro'luk ayakkabı için detaylı beyan yapılır; tüzel kişiye gelen 22 Avro'yu ve kişisel kitap/basılı yayında 150 Avro'yu aşmayan gönderiler için basitleştirilmiş beyanname verilir. Parfüm için basitleştirilmiş beyanname (I) doğru kabul edilmemiştir.
2023,40,D,Dış Ticaret Politikası & Uluslararası Ticaret,"Teşvik, Yabancı Yatırım & Sınır Ticareti","Teşvik belgesinde yedek parça, kullanılmış makine",Öncüllü (I-II-III),Kapsam & Şart,Dış Ticaret Mevzuatı,2012/3305 s. Karar,Zor,,,,Yatırım teşvik belgesi eki ithal makine listesindeki eşyanın gümrük işlemlerine ilişkin doğru ifadeler soruluyor.,Makine-teçhizat bedelinin %5'ine kadar yedek parça GV muafiyeti uygulanmaksızın ithal edilip sabit yatırıma dahil edilebilir (I); Ek-8'deki kullanılmış komple tesis kapsamındaki kullanılmış/yenileştirilmiş makine KDV istisnası ve GV muafiyeti olmaksızın ithal edilip sabit yatırıma dahil edilebilir (III); II ve IV yanlıştır.
2023,41,A,"Vergi Alacağı, Ceza & Kaçakçılık","Tahakkuk, Tahsil & Zamanaşımı","Tahakkuk, tebliğ, ödeme ve itiraz",Olumsuz kök (değildir / yanlıştır),Doğru/Yanlış Hüküm,4458 Gümrük Kanunu,,Orta,,,,"Gümrük vergilerinin tahakkuk, tebliğ ve ödenmesine ilişkin yanlış ifade soruluyor.","Tebliğ edilen gümrük vergilerine itiraz edilmesi ödeme süresini durdurmaz; vergiler tahakkuktan hemen sonra tebliğ edilir, süre bitmeden ödenebilir, dava açılması zamanaşımını durdurur ve süresinde ödenmeyen vergiler 6183'e göre takip edilir."
2023,42,B,"Genel Hükümler, İşlemler & Meslek","Özet Beyan, Geçici Depolama, Beyan & Basitleştirmeler",Yerinde gümrüklemede güvenli depolama kayıtları,Olumsuz kök (değildir / yanlıştır),Belge & Prosedür,Kolaylaştırma Yönetmeliği,,Zor,,,,İthalatta yerinde gümrüklemede güvenli depolama alanına girişte tutulacak kayıtlarda yer almayan bilgi soruluyor.,"Güvenli depolama alanına girişte taşıma aracının mühür numarası, giriş tarih ve saati, varsa sipariş numaraları ve ilişkili transit beyanı tarihi kaydedilir; aracı kullanan sürücü bilgisi zorunlu kayıtlar arasında değildir."
2023,43,A,"Genel Hükümler, İşlemler & Meslek","Özet Beyan, Geçici Depolama, Beyan & Basitleştirmeler",Eksik beyana konu belgeler,Öncüllü (I-II-III),Belge & Prosedür,Gümrük Yönetmeliği,,Orta,,,,Eksik beyan usulüne konu olamayacak belge soruluyor.,"Fatura, menşe ispat belgeleri ve işlenmiş tarım ürünleri analiz sonuç raporu eksik beyan usulüne konu olabilir; Kıymet Bildirim Formu eksik beyana konu olamaz."
2023,44,D,Gümrük Rejimleri,Serbest Dolaşım & Nihai Kullanım,Mükerrer kullanılabilen eşyada nihai kullanım,Olumsuz kök (değildir / yanlıştır),Kapsam & Şart,Gümrük Genel Tebliğleri,,Zor,,,,Mükerrer kullanılabilen eşyanın nihai kullanıma geçiş anına ilişkin yanlış ifade soruluyor.,"Doğrudan güverte teslimi yapılan donatım amaçlı eşya yurt dışı siparişinin verilmesiyle nihai kullanıma geçmiş sayılmaz; uçak bakım-onarım malzemesi ilk tahsisle, sivil hava taşıtları resmi kayda tescille, montaj parçaları ve sivil hava taşıtı eşyası devir veya sahibine tekrar kullanıma verilmeyle nihai kullanıma geçmiş sayılır."
2023,45,D,Menşe & Tercihli Ticaret,Menşe Kuralları,Menşe şahadetnamesinin arandığı haller,Öncüllü (I-II-III),Kapsam & Şart,Gümrük Yönetmeliği,,Orta,,,,Ticaret politikası önlemine tabi ülkeden ithalatta menşe şahadetnamesinin arandığı durumlar soruluyor.,"Eşyanın birden fazla ticaret politikası önlemine veya İGV, EMY gibi mali yükümlülüklere tabi olması (I) ya da aynı düzenlemede ülkelere göre farklı oranlar belirlenmiş olması (II) hallerinde menşe şahadetnamesi aranır; tercihli menşe belgesi ibrazı (III) bu hallerden değildir."
2023,46,E,"Genel Hükümler, İşlemler & Meslek","Özet Beyan, Geçici Depolama, Beyan & Basitleştirmeler",Beyannameye eklenecek zorunlu belgeler,Öncüllü (I-II-III),Belge & Prosedür,Gümrük Yönetmeliği,,Orta,,,,Eksik beyan saklı kalmak üzere beyannameye eklenmesi zorunlu belgeler soruluyor.,"Tercihli tarife ve vergi avantajı sağlayan belgeler, kanun/uluslararası düzenleme gereği ibrazı zorunlu belgeler, ithalat rejimi kararındaki ticaret politikası önlemlerine ilişkin belgeler ve tescil öncesi temin edilen ayniyat tespiti belgelerinin tamamı beyannameye eklenir."
2023,47,C,Menşe & Tercihli Ticaret,STA & Tercihli Menşe Belgeleri,Anlaşmalara göre menşe belgeleri,Olumsuz kök (değildir / yanlıştır),Olgu Bilgisi,Uluslararası Anlaşmalar,,Orta,,,,Anlaşma ile kullanılan menşe belgesi eşleştirmelerinden yanlış olanı soruluyor.,"Cevap anahtarına göre Türkiye-İran Tercihli Ticaret Anlaşması ile 'Menşe Belgesi' eşleştirmesi yanlıştır; Gürcistan STA ve Venezuela anlaşmasında EUR.1, GTS'de Form A, Azerbaycan TTA'da TR-AZ Menşe İspat Belgesi kullanılır."
2023,48,B,Menşe & Tercihli Ticaret,STA & Tercihli Menşe Belgeleri,"Tedarikçi beyanının düzenlenmesi, sorgulanması",Olumsuz kök (değildir / yanlıştır),Belge & Prosedür,Uluslararası Anlaşmalar,,Orta,,,,Tedarikçi beyanına ilişkin yanlış ifade soruluyor.,"Tedarikçi beyanı eşyayı tedarik eden kişi veya ihracatçı tarafından düzenlenir, gümrük idaresince onaylanmaz; doğruluğundan şüphe edilirse INF 4 bilgi formuyla ilgili ülkeden sorgulanır."
2023,49,A,"İç Vergiler, Kambiyo & Fonlar","Kambiyo (32 Sayılı Karar, TCMB)",32 sayılı Karar'da kıymetli taşlar,Olumsuz kök (değildir / yanlıştır),Tanım / Kavram,Kambiyo & Fon Mevzuatı,32 s. Karar (tanımlar),Orta,,,,32 sayılı Karar'a göre kıymetli taş sayılmayan taş soruluyor.,"32 sayılı Karar'a göre kıymetli taşlar elmas, pırlanta, yakut, zümrüt, topaz, safir, zebercet ve incidir; ametist bu tanımda yer almaz."
2023,50,B,"İç Vergiler, Kambiyo & Fonlar","Kambiyo (32 Sayılı Karar, TCMB)",İşlenmemiş kıymetli maden ithali,Olumsuz kök (değildir / yanlıştır),Doğru/Yanlış Hüküm,Kambiyo & Fon Mevzuatı,32 s. Karar,Orta,,,,İşlenmemiş kıymetli madenlerin ithaline ilişkin yanlış ifade soruluyor.,"Yurt dışından serbest bölgelere standart ve standart dışı işlenmemiş kıymetli maden getirilmesi yasak değildir (B yanlış). Serbest dolaşıma giriş rejiminde standart ve standart dışı, DİR kapsamında ise yalnız standart işlenmemiş kıymetli maden ithali ile standart/standart dışı işlenmemiş kıymetli madenlerin gümrük antrepolarına konulması yalnız kıymetli madenler aracı kuruluşlarınca yapılabilir; DİR kapsamında standart dışı işlenmemiş kıymetli maden ithali serbesttir."
2023,51,D,"İç Vergiler, Kambiyo & Fonlar","Kambiyo (32 Sayılı Karar, TCMB)",Ticari ithali serbest olmayan kıymetliler,Olumsuz kök (değildir / yanlıştır),Kapsam & Şart,Kambiyo & Fon Mevzuatı,32 s. Karar,Orta,,,,Serbest dolaşıma girişte ticari ithali serbest olmayan kalem soruluyor.,"Serbest dolaşıma giriş rejimi kapsamında standart dışı işlenmemiş kıymetli maden ithali yalnız kıymetli madenler aracı kuruluşlarınca yapılabildiğinden serbest değildir; Türk parası, döviz, DİR kapsamında standart dışı işlenmemiş ve işlenmiş kıymetli maden ithali serbesttir."
2023,52,E,"İç Vergiler, Kambiyo & Fonlar",KKDF & DFİF,Kıymetli maden ithalinde KKDF,Olumlu kök,Sayısal (süre-oran-tutar),Kambiyo & Fon Mevzuatı,2004/7668 s. KKDF Kararı,Orta,,,%0 (kesinti yapılmaz),Borsa İstanbul'da işlem görecek standart işlenmemiş kıymetli maden ithalinde KKDF oranı soruluyor.,Borsa İstanbul'da işlem görmek üzere ithal edilen standart işlenmemiş kıymetli madenlerde KKDF kesintisi yapılmaz.
2023,53,A,Dış Ticaret Politikası & Uluslararası Ticaret,Teknik Düzenlemeler & TAREKS,Ürün güvenliği denetim aşamaları,Olumsuz kök (değildir / yanlıştır),Belge & Prosedür,Gümrük Yönetmeliği,GY md. 181,Orta,,,,GY 181'e göre denetime tabi eşya grubu ile denetim aşamasının yanlış eşleştirmesi soruluyor.,"GY md. 181'e göre oyuncak, telsiz ekipmanı ve tıbbi cihazlar beyanname tescili öncesinde, atıklar TGB'ye girişte denetlenir; bazı tekstil, konfeksiyon ve deri ürünlerinin denetimi gümrük yükümlülüğünün sona ermesinden sonra yapılmaz."
2023,54,B,Menşe & Tercihli Ticaret,STA & Tercihli Menşe Belgeleri,Gümrükçe vize edilmeyen menşe belgeleri,Öncüllü (I-II-III),Yetkili Merci,Uluslararası Anlaşmalar,,Orta,,,,Gümrük idarelerince vize edilmeyen menşe ispat belgeleri soruluyor.,"Menşe şahadetnamesi odalarca, Form A ise lehdar ülkenin yetkili makamlarınca düzenlenip onaylandığından gümrük idarelerince vize edilmez; D-8 ve Malezya menşe belgeleri gümrük idarelerince vize edilir."
2023,55,A,Menşe & Tercihli Ticaret,STA & Tercihli Menşe Belgeleri,A.TR ikinci nüsha düzenlenmesi,Olumlu kök,Belge & Prosedür,Uluslararası Anlaşmalar,2006/10895 s. Karar,Orta,,,,A.TR dolaşım belgesinin ikinci nüsha olarak düzenlenebileceği durum soruluyor.,"A.TR'nin çalınması, kaybolması veya hasar görmesi halinde ikinci nüsha düzenlenir; ihracat sırasında düzenlenmemişse veya teknik nedenlerle kabul edilmemişse 'sonradan verilmiştir' kaydıyla düzenlenir."
2023,56,C,Dış Ticaret Politikası & Uluslararası Ticaret,Fikri ve Sınai Haklar,FSMH'de durdurulan eşyanın akıbeti,Öncüllü (I-II-III),Kapsam & Şart,Gümrük Yönetmeliği,GK md. 57; GY,Orta,,,,FSMH ihlali nedeniyle durdurulan eşyaya izin verilmeyecek işlemler soruluyor.,"FSMH ihlali gerekçesiyle işlemleri durdurulan/alıkonulan eşyanın TGB'yi terk etmesine, serbest bölgeye konulmasına ve şartlı muafiyet düzenlemesine tabi tutulmasına izin verilmez; risk ve masrafı hak sahibine ait olmak üzere gümrük gözetiminde depolanabilir."
2023,57,E,Menşe & Tercihli Ticaret,STA & Tercihli Menşe Belgeleri,Sonradan kontrol süreleri (Seri No:10),Olumsuz kök (değildir / yanlıştır),Sayısal (süre-oran-tutar),Gümrük Genel Tebliğleri,Gümrük Genel Tebliği (Uluslararası Anlaşmalar) Seri No:10,Zor,,,10 ay (Singapur için yanlış),Belge türü-ülke-sonradan kontrol süresi eşleştirmelerinden yanlış olanı soruluyor.,"Cevap anahtarına göre Singapur menşe beyanı için 10 aylık sonradan kontrol süresi yanlıştır; AB A.TR, Birleşik Krallık ve Güney Kore menşe beyanı ile Gürcistan EUR.1 için süre 10 aydır."
2023,58,B,Menşe & Tercihli Ticaret,STA & Tercihli Menşe Belgeleri,Menşe belgelerinin ibraz süreleri,Olumlu kök,Sayısal (süre-oran-tutar),Uluslararası Anlaşmalar,,Orta,,,10 ay,Menşe ispat ve dolaşım belgelerinin ibraz/geçerlilik sürelerine ilişkin doğru ifade soruluyor.,"Form A menşe belgesi ihracatçı ülkede düzenlendiği tarihten itibaren 10 ay geçerlidir; A.TR (ilk, ikinci nüsha, sonradan verilen) ve Malezya belgesine ilişkin seçeneklerdeki süreler hatalıdır."
2023,59,E,"İç Vergiler, Kambiyo & Fonlar",ÖTV,ÖTV'de ithalat tanımı,Olumlu kök,Tanım / Kavram,ÖTV Kanunu,ÖTV K. md. 2,Orta,,,,ÖTV Kanunu uygulamasında 'ithalat' kavramının anlamı soruluyor.,"ÖTV Kanunu uygulamasında ithalat, listelerdeki malların Türkiye Cumhuriyeti Gümrük Bölgesine girişini ifade eder."
2023,60,E,"İç Vergiler, Kambiyo & Fonlar",ÖTV,ÖTV (IV) sayılı liste kapsamı,Olumsuz kök (değildir / yanlıştır),Kapsam & Şart,ÖTV Kanunu,ÖTV K. (IV) sayılı liste,Orta,,,,ÖTV (IV) sayılı listede yer almayan ürün soruluyor.,"Cevap anahtarına göre çerçeveli cam ayna ÖTV (IV) sayılı listede yer almaz; çalar saatli radyo, kristal avize, tırnak makası ve kızılötesi uzaktan kumanda (IV) sayılı listededir."
2023,61,C,Dış Ticaret Politikası & Uluslararası Ticaret,"Uluslararası Ticaret, DTÖ & 1/95",Gümrük Kıymeti Komitesi,Olumlu kök,Olgu Bilgisi,Uluslararası Anlaşmalar,DTÖ Gümrük Kıymeti Anlaşması md. 18,Kolay,,,,Gümrük Kıymeti Komitesinin bünyesinde bulunduğu kuruluş soruluyor.,Gümrük Kıymeti Komitesi Dünya Ticaret Örgütü bünyesindedir; Dünya Gümrük Örgütü bünyesinde ise Gümrük Kıymeti Teknik Komitesi bulunur.
2023,62,A,Dış Ticaret Politikası & Uluslararası Ticaret,"Uluslararası Ticaret, DTÖ & 1/95",CISG'nin bilinen adı,Olumlu kök,Olgu Bilgisi,Uluslararası Anlaşmalar,CISG,Kolay,,,,Milletlerarası mal satımına ilişkin BM antlaşmasının bilinen adı soruluyor.,Milletlerarası Mal Satımına İlişkin Sözleşmeler Hakkında BM Antlaşması (CISG) Viyana Satım Sözleşmesi olarak bilinir.
2023,63,E,"İç Vergiler, Kambiyo & Fonlar",KDV,KDV'de vergi sorumlusu,Olumlu kök,Tanım / Kavram,KDV Kanunu,KDV K. md. 9,Kolay,,,,Türkiye'de ikametgâhı/işyeri olmayan mükellef yerine vergiyi ödemekle sorumlu kişi soruluyor.,"Mükellefin Türkiye'de ikametgâhı, işyeri, kanuni ve iş merkezi bulunmaması halinde vergi alacağının emniyeti için verginin ödenmesinden sorumlu tutulan kişi vergi sorumlusudur."
2023,64,A,Dış Ticaret Politikası & Uluslararası Ticaret,Incoterms (Teslim Şekilleri),Teslim şekillerinin yükümlülük sırası,Eşleştirme / Sıralama,Kapsam & Şart,Uluslararası Anlaşmalar,Incoterms 2020,Orta,,,,Teslim şekillerinin alıcıya yükümlülük açısından çoktan aza sıralaması soruluyor.,"Alıcıya en fazla yükümlülük getirenden en aza sıralama EXW - CFR - CIF - DAP - DDP'dir; EXW'de alıcı, DDP'de satıcı azami yükümlülük üstlenir."
2023,65,C,Dış Ticaret Politikası & Uluslararası Ticaret,Incoterms (Teslim Şekilleri),Karayolunda navlun dahil teslim,Olumlu kök,Vaka / Senaryo,Uluslararası Anlaşmalar,Incoterms 2020,Orta,,,,Karayoluyla mal bedeli ve nakliye toplamı üzerinden satışta uygun teslim şekli soruluyor.,"Mal bedeli ve navlunu kapsayan, sigortasız satışta her taşıma türüne uygun CPT kullanılır; CFR ve CIF yalnız deniz ve iç su yolu taşımacılığına özgüdür."
2023,66,E,Gümrük Kıymeti,Gümrük Kıymeti,Aynı ve benzer eşyada üretim ülkesi,Olumlu kök,Vaka / Senaryo,Gümrük Yönetmeliği,GK md. 25-26; GY (aynı/benzer eşya tanımı),Orta,,,,Farklı ülkede üretilen aynı teknik özellikli eşyanın aynı/benzer eşya sayılıp sayılmayacağı soruluyor.,"Aynı veya benzer eşya sayılabilmek için eşyanın, kıymeti belirlenen eşyanın üretildiği ülkede üretilmiş olması gerekir; Çin'de üretilen MNO markalı makine, Japonya'da üretilen XYZ için aynı veya benzer eşya sayılmaz."
2023,67,E,Gümrük Kıymeti,Gümrük Kıymeti,Bonus ödemelerinin kıymete eklenmesi,Olumlu kök,Kapsam & Şart,4458 Gümrük Kanunu,GK md. 27/1-d,Orta,,,,Yeniden satış hasılatından satıcıya intikal eden bonusun kıymete hangi hükümle ekleneceği soruluyor.,İthal eşyasının yeniden satışından elde edilen hasılattan doğrudan veya dolaylı olarak satıcıya intikal eden bonus vb. ödemeler GK md. 27/1-d (hasıla) kapsamında kıymete eklenir.
2023,68,E,"Vergi Alacağı, Ceza & Kaçakçılık",İdari Para Cezaları & Uzlaşma,Uzlaşılan cezada peşin ödeme indirimi,Olumlu kök,Hesaplama,4458 Gümrük Kanunu,GK md. 244; Gümrük Uzlaşma Yönetmeliği,Orta,Uzlaşma,,60.000 TL,Uzlaşılan 60.000 TL idari para cezasında peşin ödeme indirimi talebiyle ödenecek tutar soruluyor.,Uzlaşılan idari para cezası tutarına Kabahatler Kanunu md. 17/6 peşin ödeme indirimi uygulanmaz; ödenecek tutar uzlaşılan 60.000 TL'dir.
2023,69,E,"Vergi Alacağı, Ceza & Kaçakçılık",İdari Para Cezaları & Uzlaşma,Kıymet noksanlığında GK 234 cezası,Olumlu kök,Hesaplama,4458 Gümrük Kanunu,"GK md. 234/1, 234/3",Zor,Ceza / ek tahakkuk,,75.000 TL,Tespitten sonra başka gümrük müdürlüğüne yapılan kendiliğinden beyan başvurusunda uygulanacak ceza soruluyor.,"Aynı ticari işleme ait kıymet noksanlığı (X) Gümrük Müdürlüğünce zaten tespit edildiğinden (Y)'ye sonradan yapılan başvuru GK 234/3 kapsamında değerlendirilemez; ceza eksik vergi 25.000 TL'nin 3 katı, 75.000 TL'dir."
2023,70,C,"Genel Hükümler, İşlemler & Meslek",YYS & Onaylanmış Kişi,YYS'ye talepsiz tanınan yetkiler,Olumsuz kök (değildir / yanlıştır),Kapsam & Şart,Kolaylaştırma Yönetmeliği,GİK Yönetmeliği,Orta,,,,YYS sahiplerine ayrıca talep aranmaksızın tanınmayan yetki soruluyor.,"Eksik beyan, kısmi teminat, öncelikli kontrol/muayene ve yeşil hat YYS sahiplerine ayrıca talep gerekmeksizin tanınır; götürü teminat yetkisi ayrı başvuru gerektirir."
2023,71,A,Dış Ticaret Politikası & Uluslararası Ticaret,Incoterms (Teslim Şekilleri),Incoterms'i hazırlayan kuruluş,Olumlu kök,Olgu Bilgisi,Uluslararası Anlaşmalar,Incoterms 2020,Kolay,,,,Incoterms teslim şekillerini hazırlayan kuruluş soruluyor.,Incoterms teslim şekilleri Milletlerarası Ticaret Odası (ICC) tarafından hazırlanır.
2023,72,A,Gümrük Kıymeti,Gümrük Kıymeti,EXW alımda kıymete eklenen giderler,Olumlu kök,Hesaplama,4458 Gümrük Kanunu,"GK md. 24, 27/1-e",Orta,Gümrük kıymeti,,5.070.000 TL,"EXW alınan tıbbi cihazların taşıma, test, antrepo ve yurt içi giderleriyle gümrük kıymeti soruluyor.","Kıymet = EXW bedel + fabrikadan ihraç limanına taşıma + Mersin'e kadar navlun ve sigorta; satıcıdan bağımsız test ücreti, Mersin antrepo ücreti ve Mersin-Ankara nakliyesi eklenmez. Not: metindeki tutarlarla 500.000+2.000+5.000=507.000 çıkar; şıklar tüm USD tutarları 10 kat alınarak (5.000.000+20.000+50.000) kurulmuş, anahtar (A) bu ölçekle tutarlıdır."
2023,73,D,"İç Vergiler, Kambiyo & Fonlar",KDV,İthalde KDV matrahı ve antrepo gideri,Olumlu kök,Hesaplama,KDV Kanunu,KDV K. md. 21,Zor,KDV matrahı / KDV,,5.095.000 TL,Soru 72 verilerine göre ithalde KDV matrahı soruluyor.,"Cevap anahtarına göre KDV matrahı 5.095.000 TL'dir (tutarlar 72. sorudaki gibi şıklarda 10 kat ölçekte). Standart hesap: gümrük kıymeti 5.070.000 + antreponun tescil öncesi kısmı 15.000 = 5.085.000 (C); tescil sonrası antrepo (5.000) ve Mersin-Ankara nakliyesi eklenmez. Anahtardaki D'ye, satıcıdan bağımsız ödenen test ücretinin (10.000) KDV K. md. 21/c'deki 'tescil tarihine kadar yapılan diğer giderler' sayılıp matraha eklenmesiyle ulaşılır; 82. soruda benzer kontrol ücreti matraha eklenmediğinden anahtar tartışmalıdır."
2023,74,D,Gümrük Kıymeti,Gümrük Kıymeti,Kendi gücüyle gelen geminin kıymeti,Olumlu kök,Hesaplama,4458 Gümrük Kanunu,GK md. 27/1-e,Orta,Gümrük kıymeti,,5.131.000 USD,Kendi kendini taşıyarak Türkiye'ye getirilen geminin gümrük kıymeti soruluyor.,Kıymet = 5.000.000 bedel + yolculuk akaryakıtı 100.000 + personel gideri 30.000 + liman hizmeti 1.000 = 5.131.000 USD; teslimden sonra yaptırılan bakım-servis (10.000) taşıma gideri sayılmayıp eklenmez.
2023,75,B,Gümrük Kıymeti,Gümrük Kıymeti,Serbest bölgeden satışta kıymet,Olumlu kök,Hesaplama,4458 Gümrük Kanunu,GK md. 24,Orta,Gümrük kıymeti,,14.500 USD,Serbest bölgede satın alınan eşyanın (B) firmasınca ithalinde gümrük kıymeti soruluyor.,"Kıymet, (B)'nin serbest bölgede yaptığı alımın 15.500 USD bedelinden faturada ayrıca gösterilen serbest bölge depolama gideri (1.000) düşülerek 14.500 USD'dir; (A)'nın Tayvan'daki alış bedeli, navlunu ve ödediği komisyon dikkate alınmaz."
2023,76,C,Dış Ticaret Politikası & Uluslararası Ticaret,"Damping, Sübvansiyon & Korunma",Gözetim değeriyle vergi hesabı,Olumlu kök,Hesaplama,Dış Ticaret Mevzuatı,İthalatta gözetim; KDV K. md. 21,Zor,Diğer,,1.270 TL,Gözetim değeri üzerinden beyan edilen eşya için vergiler dahil toplam ödeme soruluyor.,Satıcıya ödenen 950 (10×95) + GV 100 (beyan edilen 1.000 kıymetin %10'u) + KDV 220 ((1.000+100)×%20) = 1.270 TL.
2023,77,A,Gümrük Kıymeti,Gümrük Kıymeti,Yardımlar ve dolaylı ödemeler,Olumlu kök,Hesaplama,4458 Gümrük Kanunu,"GK md. 24, 27/1-b",Zor,Gümrük kıymeti,,5.032.000 USD,Tekstil makinesi ithalinde ilave ve indirim kalemleriyle gümrük kıymeti soruluyor.,"Kıymet = CIF bedel 5.000.000 + alıcının girdi için satıcıya ödediği 15.000 + bedelsiz verilen Tayvan'dan alınmış kontrol panelleri 10.000 + alıcının ödediği teknik donanım 7.000 = 5.032.000 USD; Türkiye'de geliştirilen yazılım, satıcının ödediği yazılım, reklam, ithal sonrası montaj ve test eklenmez."
2023,78,C,"İç Vergiler, Kambiyo & Fonlar",ÖTV,Distribütör araç ithalinde vergiler,Olumlu kök,Hesaplama,ÖTV Kanunu,ÖTV K. (II) sayılı liste - ilk iktisap,Zor,Gümrük vergisi / İGV,87,22.000 TL,Distribütörün satmak üzere ithal ettiği otomobilde ödenecek gümrük vergileri toplamı soruluyor.,Motorlu araç ticareti yapanların satış amacıyla ithal ettiği araçta ÖTV ithalatta değil ilk iktisapta doğar; GV 5.000 + İGV 5.000 + KDV 12.000 ((50.000+10.000)×%20) = 22.000 TL.
2023,79,C,Gümrük Kıymeti,Gümrük Kıymeti,Faiz ve önceki yıl indirimi,Olumlu kök,Hesaplama,Gümrük Yönetmeliği,GY (kıymet: faiz ve indirimler),Orta,Gümrük kıymeti,,100.000 USD,Ayrıca gösterilen faiz ve önceki satışlara ait indirim varken gümrük kıymeti soruluyor.,Yazılı anlaşmayla ayrıca gösterilen ve cari oranı aşmayan finansman faizi (1.500) kıymete dahil edilmez; önceki yıl satışlarına ait özel indirim (10.000) bu eşyanın bedelinden düşülmez; kıymet 100.000 USD'dir.
2023,80,C,Gümrük Kıymeti,Gümrük Kıymeti,Satıcıya intikal eden kâr payı,Olumlu kök,Hesaplama,4458 Gümrük Kanunu,GK md. 27/1-d,Orta,Gümrük kıymeti,,11.700 TL,Net kârın %25'i satıcıya gönderilen tarım ürününün gümrük kıymeti soruluyor.,CIF 11.000 (FOB 10.000 + navlun-sigorta 1.000) + hasıla payı: net kâr 15.000-(11.000+200+500+500)=2.800'ün %25'i olan 700; kıymet 11.700 TL.
2023,81,C,Gümrük Kıymeti,Gümrük Kıymeti,Kıymete eklenen ve eklenmeyen giderler,Olumlu kök,Hesaplama,4458 Gümrük Kanunu,"GK md. 24, 27",Zor,Gümrük kıymeti,,630.500 TL,Hindistan'dan alınan markalı spor kıyafetlerinin gümrük kıymeti soruluyor.,"500.000 bedel + fabrika-liman nakliyesi 500 + deniz navlunu/sigorta 5.000 + ihracat kota ücreti 50.000 + ambalaj 50.000 + lisans ücreti 25.000 = 630.500 TL; alıcının kendi hesabına yaptırdığı kontrol, yurt içi nakliye, tahlil, tahliye ve memur yolluğu eklenmez."
2023,82,D,"İç Vergiler, Kambiyo & Fonlar",KDV,İthalde KDV matrahına eklenen giderler,Olumlu kök,Hesaplama,KDV Kanunu,KDV K. md. 21,Zor,KDV matrahı / KDV,,634.500 TL,Soru 81 verilerine göre ithalde KDV matrahı soruluyor.,KDV matrahı = gümrük kıymeti 630.500 + tescil öncesi tahliye ücreti 1.000 + memur yolluğu 3.000 = 634.500 TL; anahtara göre tahlil ücreti (2.000) ve İstanbul-Ankara taşıması (2.500) matraha eklenmemiştir.
2023,83,C,Gümrük Kıymeti,Gümrük Kıymeti,Aynı eşya yönteminde miktar düzeltmesi,Olumlu kök,Hesaplama,4458 Gümrük Kanunu,GK md. 25,Orta,Gümrük kıymeti,,19.500 USD,Aynı eşya fiyatına miktar düzeltmesi yapılarak 300 adet eşyanın kıymeti soruluyor.,Aynı eşya yönteminde 200 adetlik 70 USD fiyatına satıcının fiyat listesine göre miktar düzeltmesi yapılır; 300 adet (201 ve üstü kademe) için birim 65 USD: 300×65 = 19.500 USD.
2023,84,D,Gümrük Kıymeti,Gümrük Kıymeti,Kesin dönüşte kullanılmış araç kıymeti,Olumlu kök,Hesaplama,Gümrük Genel Tebliğleri,,Orta,Gümrük kıymeti,,7.000 USD,Kesin dönüş nedeniyle ithal edilen kullanılmış aracın kıymeti soruluyor.,"Anahtardaki 7.000 USD, fatura kıymetinden alım (2020) ile ithal (2023) arasındaki 3 yıl için yıllık %10 indirimle bulunur: 10.000×0,70 = 7.000 USD; model yılı (2018) esas alınmaz."
2023,85,B,Dış Ticaret Politikası & Uluslararası Ticaret,"Uluslararası Ticaret, DTÖ & 1/95",1/95 OKK gümrük kodu konuları,Olumsuz kök (değildir / yanlıştır),Kapsam & Şart,Uluslararası Anlaşmalar,1/95 OKK md. 28,Orta,,,,1/95 OKK'ya göre Topluluk Gümrük Kodu temelli konular arasında yer almayan soruluyor.,"1/95 OKK md. 28'e göre Türkiye menşe, gümrük değeri, beyanname, serbest dolaşım, gümrük borcu ve itiraz hakkı gibi Topluluk Gümrük Kodu konularındaki hükümleri kabul eder; uzlaşma hakkı bu konular arasında değildir."
2023,86,C,Gümrük Rejimleri,Transit Rejimi & TIR,Transit sonlandırmanın alternatif kanıtı,Olumsuz kök (değildir / yanlıştır),Belge & Prosedür,Gümrük Genel Tebliğleri,Transit Tebliği (Seri No:4),Orta,,,,Transit rejiminin sonlandırılmasının alternatif kanıtı olamayacak belge soruluyor.,"Alternatif kanıt olarak TRB fotokopisi, 5 no.lu nüsha fotokopisi, MRN belirtilmiş boşaltma kaydı/konşimento fotokopisi ve onaylanmış işlemi gösteren gümrük belgesi kullanılabilir; LRN bilgisini içeren TRB çıktısı kullanılamaz."
2023,87,C,Gümrük Rejimleri,Transit Rejimi & TIR,Basitleştirme izin sahibi yükümlülükleri,Olumsuz kök (değildir / yanlıştır),Kapsam & Şart,Gümrük Genel Tebliğleri,Transit Tebliği (Seri No:5),Orta,,,,Transit basitleştirme izin sahibinin yükümlülüklerine ilişkin yanlış ifade soruluyor.,"Kayıtlarda eşyanın menşeine ilişkin ayrım sağlamak izin sahibinin yükümlülüğü değildir; havalimanı değişikliklerini 15 gün önce bildirmek, manifestolara 3 yıl erişim sağlamak, ayniyet tedbirlerini almak ve rejim hak sahibi yükümlülüklerini yerine getirmek izin sahibinin yükümlülükleridir."
2023,88,D,Gümrük Rejimleri,Transit Rejimi & TIR,Transitte usulsüz çıkarmada sorumlular,Öncüllü (I-II-III),Kapsam & Şart,Gümrük Genel Tebliğleri,Transit Tebliği (Seri No:4),Orta,,,,Eşyanın transit rejiminden usulsüz çıkarılmasında gümrük yükümlülüğünden sorumlu kişiler soruluyor.,"Rejim hak sahibi, eşyayı çıkaran kişi, çıkarmaya bilerek iştirak edenler ve eşyayı bilerek edinen/bulunduranlar sorumludur; kefil bu sayımda yer almaz."
2023,89,D,Gümrük Rejimleri,İhracat Rejimi (Gümrük İşlemleri),İhracatta ilk başvurulacak idare,Olumlu kök,Yetkili Merci,Gümrük Yönetmeliği,,Kolay,,,,Türkiye'den Almanya'ya karayolu ihracatında ilk başvurulacak gümrük idaresi soruluyor.,"İhracat işlemleri için ilk başvuru, ihracat beyannamesinin verildiği ihracat gümrük idaresine yapılır; çıkış gümrük idaresi eşyanın TGB'den çıktığı idaredir."
2023,90,B,Gümrük Rejimleri,Transit Rejimi & TIR,Boru hattıyla transit taşıma,Olumlu kök,Kapsam & Şart,Gümrük Yönetmeliği,,Orta,,,,Boru hattı taşımalarında transit rejimi hükümlerinin uygulanacağı aşama soruluyor.,"GY'ye göre boru hattıyla taşımalarda transit rejimi hükümleri, Türkiye Gümrük Bölgesinde bulunan eşyanın boru hattına girişinde uygulanır."
2023,91,B,Gümrük Rejimleri,Transit Rejimi & TIR,Transit beyanı düzenleme esasları,Olumlu kök,Doğru/Yanlış Hüküm,Gümrük Genel Tebliğleri,Transit Tebliği (Seri No:4),Orta,,,,Transit rejimine ilişkin doğru ifade soruluyor.,Aynı taşıma aracında farklı varış idarelerine gidecek eşya varsa her varış idaresi için ayrı transit beyanı düzenlenir.
2023,92,E,Gümrük Rejimleri,Transit Rejimi & TIR,Demiryolu basitleştirmesinde CIM listesi,Olumsuz kök (değildir / yanlıştır),Belge & Prosedür,Gümrük Genel Tebliğleri,Transit Tebliği (Seri No:5),Orta,,,,CIM taşıma belgesi listesinde yer verilmesi zorunlu olmayan bilgi soruluyor.,"Demiryolu basitleştirme izin sahibinin ibraz ettiği listede her CIM belgesi için alıcı, gönderici, kap adedi ve ticari tanım yer alır; net ağırlık zorunlu bilgiler arasında değildir."
2023,93,B,Gümrük Rejimleri,Transit Rejimi & TIR,Normal TIR karnesiyle taşınabilecek alkol,Öncüllü (I-II-III),Kapsam & Şart,Uluslararası Anlaşmalar,TIR Sözleşmesi Ek 6 (not 0.8.3),Orta,,,,Normal TIR karnesiyle taşınabilecek alkol türleri soruluyor.,Denatüre edilmemiş etil alkol (2207.10) ve tafia gibi alkollü içkiler (22.08) ancak 'Tütün/Alkol' ibareli TIR karnesiyle taşınabilir; denatüre etil alkol ve metil alkol normal TIR karnesiyle taşınabilir.
2023,94,E,Dış Ticaret Politikası & Uluslararası Ticaret,Teknik Düzenlemeler & TAREKS,7223 sayılı Kanun temel hükümleri,Öncüllü (I-II-III),Doğru/Yanlış Hüküm,Dış Ticaret Mevzuatı,7223 s. K.,Orta,,,,7223 sayılı Kanuna göre yanlış ifadeler soruluyor.,"Uygunluk değerlendirmesi tanımı (I) doğrudur; ürünlerin hem güvenli hem teknik düzenlemesine uygun olması zorunludur (II yanlış), ithalatçının yükümlülüğü beyannamenin tescili ile sona ermez (III yanlış); IV de anahtara göre yanlıştır."
2023,95,D,"Genel Hükümler, İşlemler & Meslek",Serbest Bölge & Gümrüksüz Satış,Gümrüksüz satış mağazası açma şartları,Öncüllü (I-II-III),Kapsam & Şart,Dış Ticaret Mevzuatı,Gümrüksüz Satış Mağazaları Yönetmeliği,Zor,,,,Gümrüksüz satış mağazası açma izni başvurusuna ilişkin yanlış ifadeler soruluyor.,"Cevap anahtarına göre III, IV ve V yanlıştır; ödenmiş sermaye ve ihtiyatları 50 milyon TL olan A.Ş. için iki yıllık faaliyet şartı aranmaz ve gümrük mevzuatından vadesi geçmiş vergi/ceza borcu bulunmaması şarttır."
2023,96,E,"Genel Hükümler, İşlemler & Meslek","Özet Beyan, Geçici Depolama, Beyan & Basitleştirmeler",Geçici depolama yeri açma şartları,Öncüllü (I-II-III),Doğru/Yanlış Hüküm,Gümrük Yönetmeliği,,Zor,,,,Geçici depolama yerlerine ilişkin yanlış ifadeler soruluyor.,"Cevap anahtarına göre dört ifadenin tamamı yanlıştır; soruşturma nedeniyle başvurunun reddi, İstanbul Havalimanı için 10.000.000 TL teminat, liman işleticisi için 20 km mesafe ve 20 günlük depolama izni ifadeleri GY'deki şartlarla örtüşmez."
2023,97,C,Gümrük Rejimleri,Antrepo Rejimi,TİO adına antrepo beyannamesi,Olumsuz kök (değildir / yanlıştır),Vaka / Senaryo,Gümrük Yönetmeliği,,Zor,,,,Taşıma işleri organizatörünün antrepo beyannamesi verdiği eşyaya ilişkin yanlış ifade soruluyor.,"TİO'nun antrepo beyannamesi verdiği eşyada antrepo kullanıcısı TİO olup tasarruf yetkisi sınırlıdır; elleçleme talep edebilir, yurt dışına transit beyanında işlemler 30 günde bitirilir; eşyanın GKAİ rejimine tabi tutulmasına izin verilmez."
2023,98,A,Gümrük Rejimleri,Antrepo Rejimi,Antrepoda orta kusur yaptırımı,Olumlu kök,Belge & Prosedür,Gümrük Yönetmeliği,,Orta,,,,Antrepoda orta kusur tespitinde gümrük idaresince yapılacak işlem soruluyor.,Orta kusur tespitinde işleticiye ilk tebligat tarihinden itibaren 1 ay süre verilir ve bu süre içinde antrepoya eşya girişine izin verilir.
2023,99,A,Gümrük Rejimleri,Antrepo Rejimi,Tank antreposunda götürü teminat,Olumlu kök,Hesaplama,Gümrük Yönetmeliği,GY (antrepo götürü teminatı),Zor,Antrepo teminatı,,4.000.000 TL,Üç tanktan oluşan sıvı gübre antreposu için götürü teminat tutarı soruluyor.,"Cevap anahtarına göre götürü teminat 4.000.000 TL'dir; tutar GY'deki alan ve tank kapasitesine bağlı götürü teminat kademelerine göre belirlenir (tanklar toplamı 13.000 m³, saha 10.000 m²)."
2023,100,C,Menşe & Tercihli Ticaret,STA & Tercihli Menşe Belgeleri,TPS-OIC menşe kuralları tarafları,Olumsuz kök (değildir / yanlıştır),Olgu Bilgisi,Uluslararası Anlaşmalar,TPS-OIC Menşe Kuralları Anlaşması,Orta,,,,TPS-OIC menşe kuralları anlaşmasına taraf olmayan ülke soruluyor.,"TPS-OIC menşe kuralları anlaşmasına Umman, Fas, Bangladeş ve Katar taraftır; Irak taraf değildir."
2024,1,E,Dış Ticaret Politikası & Uluslararası Ticaret,Incoterms (Teslim Şekilleri),Tüm taşıma türlerine uygun kurallar,Olumsuz kök (değildir / yanlıştır),Kapsam & Şart,Uluslararası Anlaşmalar,Incoterms 2020,Kolay,,,,Incoterms 2020'de tüm taşıma türlerine uygun kurallar arasında yer almayan teslim şekli soruluyor.,"Tüm taşıma türlerine uygun kurallar EXW, FCA, CPT, CIP, DAP, DPU ve DDP'dir; FAS, FOB, CFR ve CIF yalnızca deniz ve iç su yolu taşımacılığına özgüdür."
2024,2,B,Tarife & Sınıflandırma,Tarife Sınıflandırma (GTİP),Yenilebilir böcekler (04.10),Olumlu kök,Tarife Sınıflandırma,"Tarife Cetveli, İzahname & GYK",GYK 1; 04.10 pozisyon metni,Orta,,04,,İnsan tüketimine uygun kurutulmuş ve tuzlanmış çekirgenin tarife pozisyonu soruluyor.,"HS 2022 değişikliğiyle insan tüketimine uygun böcekler (taze, kurutulmuş, tuzlanmış vb.) 04.10 pozisyonunda ('böcekler ve başka yerde belirtilmeyen yenilebilir hayvansal ürünler') sınıflandırılır; kurutma ve tuzlama 16. fasıl anlamında hazırlama sayılmaz, tüketime uygun olmayanlar 05.11'e girer."
2024,3,D,Menşe & Tercihli Ticaret,STA & Tercihli Menşe Belgeleri,AKÇT ürünlerinde dolaşım belgesi,Olumlu kök,Belge & Prosedür,Uluslararası Anlaşmalar,Türkiye-AKÇT STA menşe protokolü,Kolay,,,,Türkiye-AB arasında AKÇT ürünleri ticaretinde tercihli rejim için ibraz edilen belge soruluyor.,"AKÇT ürünleri Gümrük Birliği kapsamı dışında olup Türkiye-AKÇT Serbest Ticaret Anlaşmasına tabidir; bu nedenle A.TR değil, tercihli menşeyi gösteren EUR.1 dolaşım belgesi kullanılır."
2024,4,A,Dış Ticaret Politikası & Uluslararası Ticaret,İthalat Rejimi & Ek Mali Yükümlülük,Özel nitelikli eşya tanımı,Olumlu kök,Tanım / Kavram,Dış Ticaret Mevzuatı,,Kolay,,,,3350 sayılı İthalat Rejimi Kararına göre özel nitelikli eşyanın tanımı soruluyor.,"İthalat Rejimi Kararına göre eski, kullanılmış, yenileştirilmiş, kusurlu (defolu) ve yatık (zamanla dayanıklılığını yitirmiş) eşya özel nitelikli eşyadır; bakanlık kontrolüne tabi eşya ayrı bir kategoridir."
2024,5,E,"İç Vergiler, Kambiyo & Fonlar","Kambiyo (32 Sayılı Karar, TCMB)",Kıymetli maden kapsamı,Öncüllü (I-II-III),Tanım / Kavram,Kambiyo & Fon Mevzuatı,32 sayılı Karar (tanımlar),Orta,,,,"32 sayılı Karara göre hangi altın, gümüş ve platin türlerinin kıymetli maden sayıldığı soruluyor.","32 sayılı Karar uygulamasında standart ve standart dışı, işlenmiş veya işlenmemiş altın, gümüş ve platin kıymetli maden olarak değerlendirilir; öncüllerin tamamı kıymetli madendir."
2024,6,B,Menşe & Tercihli Ticaret,Menşe Kuralları,56.01 için tercihsiz menşe kuralı,Olumlu kök,Kapsam & Şart,Gümrük Yönetmeliği,GY 5 no.lu ek,Zor,,56,,56.01 pozisyonundaki eşyanın tercihsiz menşe kurallarına göre Türk menşei kazanma şartı soruluyor.,GY 5 no.lu ekteki liste kurallarına göre 56.01 pozisyonundaki eşyada (vatka vb.) menşe kazanılması için liflerden imalat şartı aranır.
2024,7,C,"Genel Hükümler, İşlemler & Meslek","Muafiyetler (2009/15481, Geri Gelen Eşya)",2009/15481 muafiyet hükümleri,Olumlu kök,Doğru/Yanlış Hüküm,2009/15481 Karar,,Zor,,,,2009/15481 sayılı Karardaki muafiyet hükümlerine ilişkin doğru ifade soruluyor.,"Gümrük kapılarında standart depo fazlası olarak tespit edilen petrol ürünlerinden, litre başına uygulanan ÖTV tutarının %50 fazlası tutarında vergi tek ve maktu vergi olarak tahsil edilir; diğer şıklardaki muafiyet ve tanımlar Karardaki hükümlerle uyuşmaz."
2024,8,D,"İç Vergiler, Kambiyo & Fonlar",KDV,KDV (I) sayılı liste (A) bölümü,Olumsuz kök (değildir / yanlıştır),Kapsam & Şart,KDV Kanunu,2007/13033 BKK (I) sayılı liste (A),Zor,,24,,2007/13033 sayılı Kararın (I) sayılı liste (A) bölümünde yer almayan fasıl soruluyor.,"Cevap anahtarına göre (I) sayılı listenin (A) bölümünde 21, 22, 23 ve 25. fasıllara ait eşya yer alırken 24. fasıl (tütün ve tütün mamulleri) eşyası bulunmaz."
2024,9,D,Gümrük Kıymeti,Gümrük Kıymeti,Satış bedeline ilaveler (fabrika teslimi),Olumlu kök,Hesaplama,4458 Gümrük Kanunu,"GK md. 24, 27",Zor,Gümrük kıymeti,,54.750 TL,Fabrika teslim alınan el çantalarının çeşitli giderlerle birlikte gümrük kıymeti hesaplatılıyor.,"Fiyat 50.000 + fabrika-ihraç limanı nakliyesi 250 + navlun ve sigorta 500 + ihraç limanındaki demuraj 500 + satış komisyonu 500 + alıcının bedelsiz sağladığı kılıflar 2.000 + satış şartı lisans ücreti 1.000 = 54.750 TL; Türkiye'deki demuraj, Mersin-Ankara taşıması, tahlil, tahliye ve ardiye giderleri kıymete eklenmez."
2024,10,A,"İç Vergiler, Kambiyo & Fonlar",KDV,İthalde KDV matrahı,Olumlu kök,Hesaplama,KDV Kanunu,KDV K. md. 21,Zor,KDV matrahı / KDV,,57.350 TL,Aynı senaryoda diğer vergiler ihmal edilerek ithalde KDV matrahı hesaplatılıyor.,"Gümrük kıymeti 54.750 + giriş limanına gelişten sonraki demuraj 600 + tescilden önce ödenen tahliye ücreti 1.000 + tescilden önceki ardiye 1.000 = 57.350 TL; tescil sonrası ardiye (2.000), Mersin-Ankara taşıması ve tescil sonrası doğan tahlil ücreti matraha katılmaz."
2024,11,E,Dış Ticaret Politikası & Uluslararası Ticaret,"Uluslararası Ticaret, DTÖ & 1/95",Gümrük Kıymeti Komitesi,Olumlu kök,Olgu Bilgisi,Uluslararası Anlaşmalar,Kıymet Anlaşması md. 18,Kolay,,,,Gümrük Kıymeti Komitesinin hangi anlaşmayla kurulduğu soruluyor.,"Gümrük Kıymeti Komitesi, DTÖ'nün 1994 GATT VII. Maddesinin Uygulanmasına İlişkin Anlaşması (Gümrük Kıymeti Anlaşması) ile kurulmuştur."
2024,12,E,"Vergi Alacağı, Ceza & Kaçakçılık",İdari Para Cezaları & Uzlaşma,Uzlaşma kapsamı,Olumsuz kök (değildir / yanlıştır),Kapsam & Şart,4458 Gümrük Kanunu,GK md. 244,Orta,,,,GK 244 kapsamında uzlaşmaya konu edilemeyen alacak soruluyor.,GK 244 uyarınca tebliğ edilen gümrük vergileri ile GK ve diğer kanunlara göre gümrük idaresince düzenlenen idari para cezaları uzlaşmaya konu edilebilir; matraha giren ancak aslı gümrük idaresince takip ve tahsil edilmeyen vergi ve mali yükler uzlaşma kapsamı dışındadır.
2024,13,B,Gümrük Kıymeti,Gümrük Kıymeti,Royalti ve lisans ücretleri,Olumsuz kök (değildir / yanlıştır),Doğru/Yanlış Hüküm,Gümrük Yönetmeliği,GK md. 27/1-c,Zor,,,,Royalti ve lisans ücretlerinin gümrük kıymetine dahil edilmesine ilişkin yanlış ifade soruluyor.,"Marka kullanımına ilişkin royaltinin fiyata eklenmesi, ödemenin ithalattan önce yapılmış olmasına bağlı değildir; ödeme zamanı belirleyici olmayıp ödemenin ithal eşyasıyla ilgili ve satış şartı olması aranır."
2024,14,E,"İç Vergiler, Kambiyo & Fonlar",KKDF & DFİF,KKDF kesintisi yapılmayan haller,Olumsuz kök (değildir / yanlıştır),Kapsam & Şart,Kambiyo & Fon Mevzuatı,,Zor,,,,"DİR, geçici ithalat ve istisnai kıymet hallerinde KKDF kesintisi yapılmayan durum soruluyor.","İstisnai kıymet yoluyla beyanda istisnai kıymete ilişkin ödeme, tamamlayıcı beyanın verilmesi gereken süreden önce yapılmışsa KKDF kesintisi yapılmaz; diğer şıklardaki beyanname tescilinden sonra ödeme hallerinde kesinti yapılır."
2024,15,E,Gümrük Kıymeti,Gümrük Kıymeti,Royalti ve lisans ücreti kapsamı,Olumsuz kök (değildir / yanlıştır),Kapsam & Şart,Gümrük Genel Tebliğleri,Gümrük Kıymeti Tebliği (Seri No:2),Kolay,,,,Kıymet Tebliğine (Seri No:2) göre royalti ve lisans ücreti kapsamında sayılmayan hak soruluyor.,"Patent, know-how, marka ve telif hakları royalti ve lisans ücretleri kapsamındadır; reklamasyon (ayıplı mal nedeniyle şikayet/tazmin) bir fikri mülkiyet hakkı değildir."
2024,16,B,"İç Vergiler, Kambiyo & Fonlar",ÖTV,(IV) sayılı liste malları,Olumsuz kök (değildir / yanlıştır),Kapsam & Şart,ÖTV Kanunu,ÖTV K. (IV) sayılı liste,Orta,,,,ÖTV Kanunu (IV) sayılı listede yer almayan mal soruluyor.,"Havyar, parfüm, saç spreyi ve tırnak makası ÖTV (IV) sayılı listede yer alır; sade gazoz bu listede bulunmaz."
2024,17,E,"İç Vergiler, Kambiyo & Fonlar",ÖTV,Tarife değişikliklerinin ÖTV listelerine etkisi,Boşluk doldurma,Kapsam & Şart,ÖTV Kanunu,,Orta,,,,TGTC'deki tarife numarası/tanım değişikliklerinin ÖTV uygulamasına etkisine ilişkin boşluk dolduruluyor.,ÖTV listelerindeki mallar TGTC'de tanımlanan eşyalardır; bu malların tarife numaralarında veya tanımlarında ÖTV listeleri dışında yapılan değişiklikler ÖTV Kanununun uygulanmasında hüküm ifade etmez.
2024,18,B,Gümrük Kıymeti,Gümrük Kıymeti,İlişkili kişide dolaylı ödemeler,Olumlu kök,Hesaplama,4458 Gümrük Kanunu,GK md. 24,Orta,Gümrük kıymeti,,1.500 ABD Doları,Sonradan kontrolde tespit edilen transferler dikkate alınarak torna makinesinin gümrük kıymeti hesaplatılıyor.,Fiilen ödenen fiyat: CIF fatura bedeli 1.000 + satıcının üçüncü kişiye olan borcu için yapılan dolaylı ödeme 500 = 1.500 ABD Doları; diğer ithalatlara ait transferler (2.000) ve temettü (1.000) bu eşyanın kıymetine girmez.
2024,19,B,Gümrük Kıymeti,Gümrük Kıymeti,Satın alma komisyonu ve sigorta,Olumlu kök,Hesaplama,4458 Gümrük Kanunu,GK md. 27,Kolay,Gümrük kıymeti,,50.100 ABD Doları,"CFR teslim spor ayakkabıların komisyon, sigorta ve reklam giderleriyle gümrük kıymeti hesaplatılıyor.",CFR bedel 5.000 × 10 = 50.000 + nakliye sigortası 100 = 50.100 ABD Doları; ithalatçının ödediği 500 ABD Doları satın alma komisyonu ve kendi hesabına yaptığı pazarlama/reklam gideri kıymete eklenmez.
2024,20,E,"İç Vergiler, Kambiyo & Fonlar","Damga V., Transfer Fiyatlandırması & Diğer Vergiler",İhracatta damga vergisi istisnası,Olumsuz kök (değildir / yanlıştır),Kapsam & Şart,Diğer Vergi Kanunları,488 sayılı DVK (2) sayılı tablo,Orta,,,,İhracata ilişkin olarak damga vergisinden müstesna tutulmayan işlem soruluyor.,"İhracat karşılığı ödemeler, ihracat bağlantı anlaşmaları, transit ticaret alım-satımları ve DİİB kapsamında süresinde yapılan ithalat damga vergisinden müstesnadır; ihraç eşyasının geri gelmesine ilişkin belgeler istisna kapsamında sayılmamıştır."
2024,21,A,"Genel Hükümler, İşlemler & Meslek","Muafiyetler (2009/15481, Geri Gelen Eşya)",Kesin dönüşte taşıt muafiyeti,Öncüllü (I-II-III),Kapsam & Şart,2009/15481 Karar,,Zor,,,,Kesin dönüşte muafen getirilen kullanılmış taşıtlara ilişkin doğru öncüller soruluyor.,"Cevap anahtarına göre yalnız I doğrudur: taşıtın, kişi adına kaydının yapıldığı yıl itibarıyla kayıt ve model yılı dahil üç yıldan eski olmaması gerekir; gümrüğe sunuluş tarihi esası, son girişten bir yıl önce kayıt ve 1600 cc şartı Kararda bu şekilde yer almaz."
2024,22,B,Gümrük Kıymeti,Gümrük Kıymeti,Kullanılmış taşıt kıymeti,Olumlu kök,Hesaplama,Gümrük Genel Tebliğleri,,Orta,Gümrük kıymeti,,6.000 Avro,Kesin dönüşte getirilen 2015 alımlı otomobilin 2024'teki gümrük kıymeti hesaplatılıyor.,Cevap anahtarına göre kullanılmış taşıtın kıymeti ilk alış faturasından kullanım yılları için amortisman düşülerek bulunur; 2015-2024 arasında indirim azami orana (%80) ulaştığından 30.000 × %20 = 6.000 Avro olur.
2024,23,A,Gümrük Kıymeti,Gümrük Kıymeti,Royalti noksanlığı ve zamanaşımı,Olumlu kök,Hesaplama,4458 Gümrük Kanunu,GK md. 27; GK md. 197,Zor,Gümrük kıymeti,,10.000 ABD Doları,Sonradan kontrolde tespit edilen royalti ödemelerinden kıymete eklenecek toplam noksanlık hesaplatılıyor.,"İnceleme 2024'te yapıldığından yalnızca 31/1/2024 tarihli ticari marka royaltisi (10.000) kıymete eklenir; Türkiye'de çoğaltma hakkı bedeli (8.000) kıymete dahil edilmez, 2020 ve 2018 tarihli beyannamelere ilişkin ödemeler 3 yıllık zamanaşımı nedeniyle istenemez."
2024,24,B,Dış Ticaret Politikası & Uluslararası Ticaret,İthalat Rejimi & Ek Mali Yükümlülük,Asgari-azami maktu GV hesabı,Olumlu kök,Hesaplama,Dış Ticaret Mevzuatı,İthalat Rejimi Kararı (I) sayılı liste,Orta,Gümrük vergisi / İGV,91,110 Avro,Asgari ve azami maktu sınırlı gümrük vergisi oranıyla iki kalem kol saati için GV hesaplatılıyor.,"Her kalem ayrı hesaplanır: 1. kalem 10.000 × %4,5 = 450, azami 100 × 0,8 = 80 ile sınırlanır; 2. kalem 500 × %4,5 = 22,5, asgari 100 × 0,3 = 30'a tamamlanır; toplam 80 + 30 = 110 Avro."
2024,25,C,"İç Vergiler, Kambiyo & Fonlar",KDV,İthalde KDV tutarı hesabı,Olumlu kök,Hesaplama,KDV Kanunu,KDV K. md. 21,Zor,KDV matrahı / KDV,33,2.835 ABD Doları,"Royalti, ambalaj, reklam ve müşavirlik giderleri verilen tıraş köpüğü ithalatında KDV tutarı hesaplatılıyor.","Kıymet: CIF 8.500 + royalti 1.000 + koruyucu ambalaj 500 = 10.000 (reklam ve müşavirlik ücreti hariç); GV %10 = 1.000, İGV %25 = 2.500, ÖTV (10.000+1.000+2.500) × %5 = 675; KDV matrahı 14.175 × %20 = 2.835 ABD Doları."
2024,26,D,Gümrük Kıymeti,Gümrük Kıymeti,Bedelsiz sağlanan girdiler ve işleme ücreti,Olumlu kök,Hesaplama,4458 Gümrük Kanunu,GK md. 27,Zor,Gümrük kıymeti,,119.500 ABD Doları,Alıcının bedelsiz sağladığı kamyonlara Kanada'da ekipman eklenmesi işleminde gümrük kıymeti hesaplatılıyor.,Alıcının bedelsiz sağladığı kamyonlar 100.000 + işleme ücreti 10.000 + bedelsiz sağlanan elektronik donanım/yazılım 6.000 + satıcının komisyoncusuna ödenen satış komisyonu 1.000 + navlun ve sigorta 2.500 = 119.500 ABD Doları; Türkiye'deki limanda geç tahliye bedeli (500) eklenmez.
2024,27,C,Gümrük Kıymeti,Gümrük Kıymeti,Kurulum bedeli ve patent ücreti,Olumlu kök,Hesaplama,4458 Gümrük Kanunu,GK md. 27,Orta,Gümrük kıymeti,,77.000 ABD Doları,"Kurulum, patent ve ayrı anlaşmayla ödenen bedel verilen makine ithalatında gümrük kıymeti hesaplatılıyor.",CIF bedel 5 × 15.000 = 75.000 + ithal makinelere ilişkin patent kullanım bedeli 2.000 = 77.000 ABD Doları; ithalattan sonraki kurulum bedeli (1.000) ve ayrı anlaşmayla sağlanan üretim süreçleri için ödenen tutar (1.000) eklenmez.
2024,28,A,Gümrük Kıymeti,Gümrük Kıymeti,Teyit komisyonu tanımı,Olumlu kök,Tanım / Kavram,Genel bilgi,,Orta,,,,İhracatçının ödeme riskini üstlenen bankaya ödediği ücretin adı soruluyor.,"Teyit komisyonu, ihracatçının alıcının ödememe riskine karşı akreditife teyit vererek riski üstlenen bankaya kendi hesabına ödediği ücrettir; satın alma komisyonu ise alıcıyı temsil eden acenteye ödenir."
2024,29,B,"İç Vergiler, Kambiyo & Fonlar",KDV,Gözetim farkı KDV'sinin indirimi,Olumlu kök,Hesaplama,KDV Kanunu,KDV K. md. 29,Zor,KDV matrahı / KDV,,19.800 TL,Gözetim kıymetine ulaşmak için yükseltilmiş beyanda indirilebilecek KDV tutarı hesaplatılıyor.,Cevap anahtarına göre indirilebilecek KDV gerçek fatura bedeline isabet eden KDV'dir: (90.000 + %10 GV 9.000) × %20 = 19.800 TL; gözetim için eklenen 10.000 TL ve buna isabet eden GV üzerinden ödenen 2.200 TL KDV indirilemez.
2024,30,B,Gümrük Rejimleri,Antrepo Rejimi,Antrepodan geri gönderme süresi,Olumlu kök,Sayısal (süre-oran-tutar),Gümrük Yönetmeliği,GK md. 70/2,Orta,,,30 gün,Antrepoya alınmış eşyanın beyan sahibince geri gönderilme süresi soruluyor.,"Beyannamesi tescil edilip antrepoya alınmış eşya, muayenede beyana uygunluğu anlaşılmak kaydıyla transit beyannamesi veya TIR karnesiyle 30 gün içinde geri gönderilir."
2024,31,A,Dış Ticaret Politikası & Uluslararası Ticaret,Fikri ve Sınai Haklar,Alıkoyma ve imha hükümleri,Olumsuz kök (değildir / yanlıştır),Doğru/Yanlış Hüküm,4458 Gümrük Kanunu,GK md. 57,Orta,,,,Fikri ve sınai mülkiyet haklarının gümrükte korunmasına ilişkin yanlış ifade soruluyor.,"Cevap anahtarına göre A şıkkındaki, mahkemece sahte/korsan olduğuna karar verilen eşyanın imhasına ilişkin ifade yanlıştır; hak sahibinden bilgi-belge talebi, hak sahibi başvurusu olmadan re'sen 3 işgünü alıkoyma, kolaylaştırılmış imha ve ihtiyati tedbir için 3/10 işgünü süre doğrudur."
2024,32,A,Menşe & Tercihli Ticaret,STA & Tercihli Menşe Belgeleri,Türkiye-İran ticaretinde belgeler,Olumsuz kök (değildir / yanlıştır),Belge & Prosedür,Uluslararası Anlaşmalar,Türkiye-İran Tercihli Ticaret Anlaşması,Kolay,,,,Türkiye ile İran arasındaki ticarette kullanılamayan belge soruluyor.,"Türkiye-İran Tercihli Ticaret Anlaşmasında tercihli menşe İran menşe ispat belgesiyle kanıtlanır; EUR.1 dolaşım belgesi bu ticarette kullanılmaz, fatura, çeki listesi ve menşe şahadetnamesi kullanılabilir."
2024,33,D,Menşe & Tercihli Ticaret,STA & Tercihli Menşe Belgeleri,Gümrük vizesine tabi menşe belgesi,Olumlu kök,Belge & Prosedür,Uluslararası Anlaşmalar,,Kolay,,,,Türkiye'den ihracatta düzenlenen belgelerden gümrük idaresinin vizesine tabi olanı soruluyor.,"EUR.1 dolaşım belgesi ihracatçı ülke gümrük idaresince vize edilir; menşe şahadetnamesi odalarca onaylanır, fatura beyanı ve menşe beyanı ise ihracatçı tarafından düzenlenir ve gümrük vizesi gerektirmez."
2024,34,E,Dış Ticaret Politikası & Uluslararası Ticaret,İthalat Rejimi & Ek Mali Yükümlülük,Ticaret politikası önlemleri mevzuatı,Olumsuz kök (değildir / yanlıştır),Kapsam & Şart,Dış Ticaret Mevzuatı,İthalat Rejimi Kararı md. 4,Kolay,,,,İthalat Rejimi Kararı md. 4'te ticaret politikası önlemleri mevzuatı arasında sayılmayan düzenleme soruluyor.,"Ticaret politikası önlemleri haksız rekabetin önlenmesi, korunma önlemleri, gözetim ve kota/tarife kontenjanı idaresi mevzuatı çerçevesinde yürütülür; kambiyo mevzuatı bu kapsamda sayılmaz."
2024,35,A,Menşe & Tercihli Ticaret,STA & Tercihli Menşe Belgeleri,Ülke-menşe belgesi eşleştirmesi,Olumsuz kök (değildir / yanlıştır),Belge & Prosedür,Uluslararası Anlaşmalar,,Orta,,,,STA/TTA ülkeleri ile tercihli menşe belgesi eşleştirmelerinden yanlış olanı soruluyor.,"Türkiye-Azerbaycan Tercihli Ticaret Anlaşmasında tercihli menşe TR-AZ Menşe İspat Belgesi ile kanıtlanır, menşe beyanı eşleştirmesi yanlıştır; Güney Kore ve İngiltere'de menşe beyanı, İran'da menşe ispat belgesi, Venezuela'da EUR.1 kullanılır."
2024,36,C,Menşe & Tercihli Ticaret,STA & Tercihli Menşe Belgeleri,STA taraf ülkeleri,Olumlu kök,Olgu Bilgisi,Uluslararası Anlaşmalar,,Orta,,,,Hepsiyle Türkiye arasında serbest ticaret anlaşması bulunan ülke grubu soruluyor.,"Güney Kore, Malezya ve Bosna-Hersek ile STA yürürlüktedir; Azerbaycan, Özbekistan, İran ve Pakistan ile STA değil tercihli ticaret anlaşması bulunduğundan diğer şıklar elenir."
2024,37,C,"İç Vergiler, Kambiyo & Fonlar","Kambiyo (32 Sayılı Karar, TCMB)",Efektif tanımı,Olumlu kök,Tanım / Kavram,Kambiyo & Fon Mevzuatı,32 sayılı Karar (tanımlar),Kolay,,,,32 sayılı Karara göre banknot şeklindeki yabancı paraları ifade eden kavram soruluyor.,"32 sayılı Karara göre efektif, banknot şeklindeki bütün yabancı ülke paralarını ifade eder; döviz ise yabancı paralarla ödemeyi sağlayan her türlü belgeyi kapsar."
2024,38,A,"Genel Hükümler, İşlemler & Meslek","Özet Beyan, Geçici Depolama, Beyan & Basitleştirmeler",Eşyanın teslimi,Öncüllü (I-II-III),Doğru/Yanlış Hüküm,4458 Gümrük Kanunu,GK md. 72-73,Orta,,,,Eşyanın gümrük idaresince sahibine teslimine ilişkin yanlış öncüller soruluyor.,Beyannamenin tescili gümrük yükümlülüğü doğuruyorsa vergiler ödenmedikçe veya teminata bağlanmadıkça eşya teslim edilmez; ancak kısmi muafiyetli geçici ithalat gibi istisnalar bulunduğundan 'istisnasız tüm rejimlerde' ifadesi (V) yanlıştır.
2024,39,A,Gümrük Rejimleri,Antrepo Rejimi,Antrepodan geri gönderme şartları,Öncüllü (I-II-III),Kapsam & Şart,Gümrük Yönetmeliği,GK md. 70/2,Orta,,,,Antrepoya alınmış eşyanın geri gönderilmesine ilişkin yanlış öncül soruluyor.,"Antrepoya alınmış eşya herhangi bir nedenle geri gönderilebilir; muayenede beyana uygunluk, transit beyannamesi/TIR karnesiyle işlem ve 30 günlük süre doğrudur, yalnızca kusur/sözleşmeye aykırılık şartı (I) yanlıştır."
2024,40,B,Menşe & Tercihli Ticaret,STA & Tercihli Menşe Belgeleri,TPS-OIC taraf ülkeleri,Olumlu kök,Olgu Bilgisi,Uluslararası Anlaşmalar,TPS-OIC Menşe Kuralları Anlaşması,Orta,,,,TPS-OIC Menşe Kuralları Anlaşmasına taraf ülke soruluyor.,"Malezya, İİT üyeleri arasındaki TPS-OIC Menşe Kuralları Anlaşmasına taraf ülkelerdendir; şıklardaki diğer ülkeler cevap anahtarına göre taraf değildir."
2024,41,D,Menşe & Tercihli Ticaret,STA & Tercihli Menşe Belgeleri,Ülke-menşe belgesi eşleştirmesi,Olumsuz kök (değildir / yanlıştır),Belge & Prosedür,Uluslararası Anlaşmalar,,Orta,,,,STA/TTA ülkeleri ile kullanılan menşe belgesi eşleştirmelerinden yanlış olanı soruluyor.,"Türkiye-Singapur STA'da tercihli menşe EUR.1 ile değil menşe beyanı ile kanıtlanır; Mısır-EUR-MED, Pakistan-TPS-OIC menşe ispat belgesi, Şili ve Venezuela-EUR.1 eşleştirmeleri doğrudur."
2024,42,C,Gümrük Rejimleri,Serbest Dolaşım & Nihai Kullanım,Gemi/uçağın TGB dışında serbest dolaşımı,Öncüllü (I-II-III),Kapsam & Şart,Gümrük Yönetmeliği,GK md. 74/2,Zor,,,,GK 74/2 kapsamında gemi ve hava taşıtlarının TGB'ye getirilmeden serbest dolaşımına ilişkin yanlış öncül soruluyor.,"TGB'ye getirilmeden serbest dolaşıma sokulan gemi için bayrak şahadetnamesi, hava taşıtı için SHGM teknik uygunluk belgesi aranır ve TGB dışında değiştirilen aksam-parçanın da girişine izin verilir; eşya fiilen gelmediğinden özet beyan ve gümrüğe sunma hükümleri uygulanmaz (III yanlış)."
2024,43,D,Menşe & Tercihli Ticaret,STA & Tercihli Menşe Belgeleri,Menşe şahadetnamesiyle tercih talebi,Öncüllü (I-II-III),Vaka / Senaryo,Uluslararası Anlaşmalar,,Zor,,,,Mısır STA'sı kapsamındaki eşyanın menşe şahadetnamesiyle ithalinde tarife ve damping uygulaması soruluyor.,Menşe şahadetnamesi tercihli menşeyi kanıtlamaz; ithalata izin verilir ancak STA tercihli tarifesi yerine üçüncü ülke tarifesi uygulanır. Belge eşyanın Mısır menşeli olduğunu gösterdiğinden Vietnam menşeine yönelik dampinge karşı vergi uygulanmaz.
2024,44,E,Tarife & Sınıflandırma,Tarife Sınıflandırma (GTİP),Kauçuk ve silikon fasılları,Olumlu kök,Tarife Sınıflandırma,"Tarife Cetveli, İzahname & GYK",39.10; 40.01-40.03,Kolay,,"39, 40",,Kauçuk türleri ve silikondan farklı fasılda yer alanı soruluyor.,"Tabii kauçuk ve çıkıl (chicle; balata, gütaperka gibi tabii sakızlarla birlikte) 40.01, butadien kauçuk (sentetik kauçuk) 40.02, rejenere kauçuk 40.03 pozisyonunda olup hepsi 40. fasıldadır; silikonlar ise ilk şekillerde 39.10 pozisyonunda (39. fasıl) yer alır."
2024,45,C,Tarife & Sınıflandırma,Tarife Sınıflandırma (GTİP),Fırınların tarife pozisyonları,Olumsuz kök (değildir / yanlıştır),Tarife Sınıflandırma,"Tarife Cetveli, İzahname & GYK","73.21, 84.17, 85.14, 85.16 pozisyon metinleri",Orta,,"73, 84, 85",,Fırın sınıflandırılmayan tarife pozisyonu soruluyor.,"Fırınlar 73.21 (elektriksiz ev tipi pişirme cihazları), 84.17 (elektriksiz sanayi ve laboratuvar fırınları), 85.14 (sanayi tipi elektrikli fırınlar) ve 85.16 (mikrodalga ve diğer elektrikli ev fırınları) pozisyonlarında yer alır; 85.09 ev tipi elektromekanik cihazları kapsar."
2024,46,E,Tarife & Sınıflandırma,Tarife Sınıflandırma (GTİP),TGTC bölüm yapısı,Olumlu kök,Tarife Sınıflandırma,"Tarife Cetveli, İzahname & GYK",,Orta,,"09, 17, 21, 23, 24",,Hepsi aynı TGTC bölümünde yer alan eşya grubu soruluyor.,"Cevap anahtarına göre E: ciklet (17.04), şarap tortusu (23.07) ve tütün (24) IV. Bölümdedir; kahvenin bu bölümde sayılması hazır kahve/hülasa (21.01) yorumuyla mümkündür (çiğ/kavrulmuş kahve 09.01, II. Bölüm). Diğer şıklarda tabanca (XIX), cam bardak (XIII), kapı kilidi (XV) ve düğme (XX) farklı bölümdedir."
2024,47,C,Tarife & Sınıflandırma,Tarife Sınıflandırma (GTİP),85.43 ve 85.46 ayrımı,Olumlu kök,Tarife Sınıflandırma,"Tarife Cetveli, İzahname & GYK","85.43, 85.46 pozisyon metinleri",Zor,,85,,Elektrikli cihazlardan diğerlerinden farklı pozisyonda yer alanı soruluyor.,"Güneş yatakları (bronzlaşma cihazları), mikrodalga yükselteçler, kızılötesi uzaktan kumandalar ve elektronik kitap okuyucular 85.43'te (başka yerde belirtilmeyen elektrikli makine ve cihazlar) yer alır; elektrik izolatörleri 85.46 pozisyonundadır."
2024,48,D,Tarife & Sınıflandırma,Tarife Sınıflandırma (GTİP),64.06 ayakkabı aksamı,Olumlu kök,Tarife Sınıflandırma,"Tarife Cetveli, İzahname & GYK",64. fasıl not 2,Orta,,64,,64.06 pozisyonunda sınıflandırılan ayakkabı aksamı soruluyor.,"64. fasıl not 2'ye göre çivi, kopça, toka, bağ gibi eşya 64.06 anlamında aksam sayılmaz ve kendi pozisyonlarında sınıflandırılır; topuk rampası ayakkabı aksamı olarak 64.06'dadır."
2024,49,E,Tarife & Sınıflandırma,Tarife Sınıflandırma (GTİP),Müzik aleti aksesuarı (92.09),Olumlu kök,Tarife Sınıflandırma,"Tarife Cetveli, İzahname & GYK",92. fasıl not 2,Zor,,92,,Piyanoyla birlikte getirilen uyumlu piyano hafıza kartının tarife pozisyonu soruluyor.,"Cevap anahtarına göre piyano hafıza kartı mekanik çalgılara ait kart/disk/rulo niteliğinde aksesuar olarak 92.09'da sınıflandırılır; 92. fasıl not 2 uyarınca 92.09'daki kart, disk ve rulolar çalgıyla birlikte sunulsa bile ayrı eşya olarak değerlendirilir."
2024,50,A,Tarife & Sınıflandırma,Tarife Sınıflandırma (GTİP),Antika heykel ve GYK 1,Olumlu kök,Tarife Sınıflandırma,"Tarife Cetveli, İzahname & GYK",GYK 1; 97. fasıl notu,Orta,,97,,100 yılı aşkın orijinal antika heykelin pozisyonu ve dayanağı olan GYK soruluyor.,97. fasıl notuna göre 97.06 (yaşı 100'ü aşan antikalar) fasılın önceki pozisyonlarında yer alan eşyaya uygulanmaz; bu nedenle orijinal heykel GYK 1 uyarınca 97.03'te sınıflandırılır.
2024,51,D,Tarife & Sınıflandırma,Tarife Sınıflandırma (GTİP),Gıda ürünleri pozisyon eşleştirmesi,Olumsuz kök (değildir / yanlıştır),Tarife Sınıflandırma,"Tarife Cetveli, İzahname & GYK",20.07 pozisyon metni,Kolay,,20,,Gıda ürünleri ile tarife pozisyonu eşleştirmelerinden yanlış olanı soruluyor.,"Reçel, jöle ve marmelatlar 20.07 pozisyonundadır, 20.08 başka yerde belirtilmeyen hazırlanmış meyveleri kapsar; yumurta sarısı 04.08, buğday unu 11.01, kuskus 19.02 ve et suyu 21.04 eşleştirmeleri doğrudur."
2024,52,D,Tarife & Sınıflandırma,Tarife Sınıflandırma (GTİP),Sınai yağ alkolleri (38.23),Olumlu kök,Tarife Sınıflandırma,"Tarife Cetveli, İzahname & GYK",38.23 pozisyon metni,Orta,,38,,Sınai yağ alkollerinin tarife pozisyonu soruluyor.,"Sınai monokarboksilik yağ asitleri, rafinajdan elde edilen asit yağlar ve sınai yağ alkolleri 38.23 pozisyonunda sınıflandırılır."
2024,53,D,Tarife & Sınıflandırma,Tarife Sınıflandırma (GTİP),11. fasıl ayrım kriterleri,Olumsuz kök (değildir / yanlıştır),Tarife Sınıflandırma,"Tarife Cetveli, İzahname & GYK",11. fasıl not 2,Orta,,11,,11. fasılda sınıflandırma için kullanılmayan kriter soruluyor.,"11. fasıl not 2'ye göre öğütme ürünlerinin 11. fasıl ile 23.02 ve fasıl içi pozisyonlar arasında ayrımında hububatın cinsine göre nişasta oranı, kül oranı ve elekten geçme oranı esas alınır; şeker oranı kriter değildir."
2024,54,B,Tarife & Sınıflandırma,Tarife Sınıflandırma (GTİP),Sert kabuklu meyveler (08.01-08.02),Olumlu kök,Tarife Sınıflandırma,"Tarife Cetveli, İzahname & GYK","08.01, 08.02 pozisyon metinleri",Orta,,08,,8. fasılda diğerlerinden farklı pozisyonda sınıflandırılan taze sert kabuklu meyve soruluyor.,"Kaju cevizi, hindistan cevizi ve Brezilya cevizi ile birlikte 08.01'de; fındık, kestane, pekan cevizi ve kola cevizi ise 08.02 pozisyonunda yer alır."
2024,55,B,Tarife & Sınıflandırma,Tarife Sınıflandırma (GTİP),Ahşap doğrama eşyası (44.18),Olumlu kök,Tarife Sınıflandırma,"Tarife Cetveli, İzahname & GYK","44.12, 44.18 pozisyon metinleri",Kolay,,44,,Ahşap ürünlerden diğerlerinden farklı pozisyonda yer alanı soruluyor.,"Ahşap kapı, padavra, merdiven ve panjur inşaat doğramacılığı ve marangozluk eşyası olarak 44.18'de; kontrplak ise 44.12 pozisyonunda yer alır."
2024,56,E,Tarife & Sınıflandırma,Tarife Sınıflandırma (GTİP),85.24 düz panel ekran modülleri,Olumsuz kök (değildir / yanlıştır),Tarife Sınıflandırma,"Tarife Cetveli, İzahname & GYK",85. fasıl not 7,Zor,,85,,85.24 pozisyonundaki düz panel ekran modülleri için yanlış ifade soruluyor.,"85. fasıl notuna göre 85.24'teki düz panel ekran modülleri en az bir ekran içerir, başka eşyaya monte edilmek üzere tasarlanır, esnek veya LCD olabilir; video sinyallerini dönüştürme bileşenleri (scaler, decoder vb.) içeren modüller 85.24 kapsamı dışındadır."
2024,57,E,Tarife & Sınıflandırma,Tarife Sınıflandırma (GTİP),Römorkörler (89.04),Olumlu kök,Tarife Sınıflandırma,"Tarife Cetveli, İzahname & GYK",89.04 pozisyon metni,Kolay,,89,,Römorkörlerin tarife pozisyonu soruluyor.,"Römorkörler ve itici tekneler 89.04 pozisyonunda sınıflandırılır; 87.01 traktörleri, 87.16 römork ve yarı römorkları, 88.04 paraşütleri kapsar."
2024,58,D,Tarife & Sınıflandırma,Tarife Sınıflandırma (GTİP),Ayakkabıyla ilgili pozisyonlar,Olumsuz kök (değildir / yanlıştır),Tarife Sınıflandırma,"Tarife Cetveli, İzahname & GYK","34.05, 44.17, 68.12, 84.54, 96.05 pozisyon metinleri",Zor,,"34, 44, 68, 84, 96",,Ayakkabı veya ayakkabıyla ilgili ürün sınıflandırılmayan tarife pozisyonu soruluyor.,"34.05 ayakkabı boya ve cilaları, 44.17 ahşap ayakkabı kalıpları, 68.12 asbestten ayakkabılar, 96.05 ayakkabı temizleme takımları için pozisyondur; 84.54 metalurjide kullanılan konvertör, pota ve döküm makinelerini kapsar (ayakkabı makineleri 84.53'tedir)."
2024,59,D,Tarife & Sınıflandırma,Tarife Sınıflandırma (GTİP),Buz yüzeyi düzeltme makinesi,Olumlu kök,Tarife Sınıflandırma,"Tarife Cetveli, İzahname & GYK",GYK 1; 84.79 pozisyon metni,Zor,,84,,Kendinden hareketli buz pisti yüzey düzeltme (buz doldurma) makinesinin pozisyonu soruluyor.,"Buz pisti yüzeyini düzelten kendinden hareketli makine, kendine özgü fonksiyonlu makine olarak 84.79'da sınıflandırılır; 87.05 özel amaçlı taşıtlar, 84.18 soğutma ve 84.29/84.30 hafriyat-inşaat makineleri kapsamına girmez."
2024,60,A,Tarife & Sınıflandırma,Tarife Sınıflandırma (GTİP),85. fasıl notlarının kapsamı,Olumsuz kök (değildir / yanlıştır),Tarife Sınıflandırma,"Tarife Cetveli, İzahname & GYK",85. fasıl notları,Zor,,85,,85. fasıl notlarında açıklaması bulunmayan eşya soruluyor.,"85. fasıl notlarında akıllı kart (85.23), baskılı devre (85.34), LED ışık kaynakları (85.39) ve hibrit entegre devre (85.42) için tanım/açıklama bulunur; radar (85.26) için fasıl notunda açıklama yoktur."
2024,61,C,"Genel Hükümler, İşlemler & Meslek","Muafiyetler (2009/15481, Geri Gelen Eşya)",Geri gelen eşya muafiyeti istisnaları,Öncüllü (I-II-III),Kapsam & Şart,4458 Gümrük Kanunu,GK md. 168-169,Zor,,,,GK 168/1'deki geri gelen eşya muafiyetinin tanınmadığı haller soruluyor.,"Geri gelen eşya muafiyeti, ihracı dış ticaret önlemine konu eşyaya ve hariçte işleme rejimiyle ihraç edilip aynen ihraç edildiği durumda olmayan eşyaya tanınmaz; DİR sonrası ihraç edilen işlem görmüş ürünler ve HİR'de aynen geri gelen eşya muafiyetten yararlanır."
2024,62,D,Gümrük Rejimleri,İhracat Rejimi (Gümrük İşlemleri),İhracatta sözlü beyan,Olumsuz kök (değildir / yanlıştır),Kapsam & Şart,Gümrük Yönetmeliği,,Orta,,,,GY'ye göre ihracat rejiminde sözlü beyan edilecek eşya kapsamında olmayan eşya soruluyor.,"Nakil vasıtası hizmetlilerinin kişisel eşyası, cenaze kapları ve çelenkler, meslek aletleri ve ticari kıymeti olmayan numuneler ile yurt dışına yerleşenlerin kişisel/ev eşyası ihracatta sözlü beyan edilebilir; dolu getirilip dolu veya boş çıkarılacak ayniyetli ambalajlar bu listede yer almaz."
2024,63,A,Dış Ticaret Politikası & Uluslararası Ticaret,İhracat Mevzuatı (Dış Ticaret),Konsinye ihracatta kesin satış süresi,Boşluk doldurma,Sayısal (süre-oran-tutar),Dış Ticaret Mevzuatı,,Orta,,,1 yıl; 2 yıl,Konsinye ihracatta kesin satış süresi ve uzatma süresine ilişkin boşluklar dolduruluyor.,İhracat Yönetmeliğine göre konsinye ihraç edilen malın ihraç tarihinden itibaren bir yıl içinde kesin satışı yapılmalıdır; haklı ve zorunlu nedenlerle başvurulursa İhracatçı Birlikleri Genel Sekreterliğince iki yıl daha uzatılabilir.
2024,64,B,"İç Vergiler, Kambiyo & Fonlar",KKDF & DFİF,İhracatta DFİF kesintisi,Olumlu kök,Kapsam & Şart,Kambiyo & Fon Mevzuatı,,Orta,,,,İhracatta Destekleme ve Fiyat İstikrar Fonu kesintisine tabi ürün soruluyor.,"Cevap anahtarına göre DFİF Hakkında Karar uyarınca ihracatta fon kesintisi pamuk ihracatında uygulanır; iç badem, kuru kayısı, kuru üzüm ve ayçiçek yağı ihracatı bu kesintiye tabi değildir."
2024,65,B,Gümrük Rejimleri,Dahilde İşleme Rejimi,Şartlı muafiyet ve önceden ihracat,Olumsuz kök (değildir / yanlıştır),Doğru/Yanlış Hüküm,4458 Gümrük Kanunu,,Orta,,,,Dahilde işleme rejimine ilişkin yanlış ifade soruluyor.,İthal eşyasından önce eşdeğer eşyadan üretilen işlem görmüş ürünlerin ihracına ve ithal eşyasının sonradan ithaline imkan veren uygulama 'önceden ihracat'tır; 'önceden ithalat' ifadesi yanlıştır.
2024,66,C,Gümrük Rejimleri,Dahilde İşleme Rejimi,DİR Tebliği süreleri,Olumsuz kök (değildir / yanlıştır),Sayısal (süre-oran-tutar),Gümrük Genel Tebliğleri,2006/12 DİR Tebliği,Zor,,,Belge: süre sonundan itibaren 3 ay; belge/izin süresi azami 12 ay,2006/12 sayılı DİR Tebliğinde sürelere ilişkin yanlış ifade soruluyor.,"Cevap anahtarına göre yanlış ifade C'dir (dahilde işleme iznine ilişkin haklı sebep başvurusu Tebliğde C'de yazıldığı şekilde düzenlenmemiştir); belge/izin süresinin sektöre göre azami 12 aya kadar tespiti, belge için süre sonundan itibaren 3 ay içinde Bakanlığa elektronik başvuru ve gemi inşa, komple tesis ile savunma sanayi ürünlerinde proje süresi/ek süre imkanı doğrudur."
2024,67,E,Gümrük Rejimleri,Dahilde İşleme Rejimi,Geri ödeme sisteminin uygulanmadığı haller,Öncüllü (I-II-III),Kapsam & Şart,4458 Gümrük Kanunu,,Orta,,,,GK'ye göre geri ödeme sisteminin uygulanmadığı hallere ilişkin doğru öncüller soruluyor.,"Geri ödeme sistemi; SDG beyannamesinin tescilinde miktar kısıtlamasına, kota kapsamında tarife önlemine veya tarım politikası çerçevesinde lisans/sertifika ibrazına tabi eşya için uygulanmaz; işlem görmüş ürünlerin ihracında tarım politikası lisansı gerekiyorsa veya ihracat geri ödemesi/vergisi varsa ithalat vergileri iade edilmez. Dört öncül de doğrudur."
2024,68,E,Gümrük Rejimleri,Dahilde İşleme Rejimi,DİR'de GK 238 müeyyideleri,Olumsuz kök (değildir / yanlıştır),Kapsam & Şart,Gümrük Genel Tebliğleri,2006/12 DİR Tebliği; GK md. 238,Orta,,,,DİR Tebliğine göre GK 238 müeyyidesi gerektirmeyen hal soruluyor.,"İhracatın gerçekleştirilmemesi, serbest bölgeye ihraç edilen eşyanın 3 ay içinde başka ülkeye satılmaması, izin verilen miktarın üzerinde ithalat ve işletme malzemesinin %2 (%10) sınırını aşması GK 238 müeyyidesini gerektirir; DİR kapsamındaki ithalat beyannamesinde düşük kıymet beyanı ise Tebliğde GK 238 müeyyidesi gerektiren haller arasında sayılmaz."
2024,69,A,"Genel Hükümler, İşlemler & Meslek","Muafiyetler (2009/15481, Geri Gelen Eşya)",Geri gelen eşyada elde olmayan sebepler,Olumsuz kök (değildir / yanlıştır),Kapsam & Şart,Gümrük Yönetmeliği,,Orta,,,,Geri gelen eşyada ihracatçının elinde olmayan sebeplerle kullanıma girememe hallerinden olmayanı soruluyor.,"Alıcının teslim alamaması, deprem, pandemi veya nakliye hasarı ihracatçının elinde olmayan sebeplerdir; eşyanın kusurlu olması bu kapsamda değil, kusurlu/sözleşmeye aykırı eşya olarak ayrı bir geri gelme gerekçesi şeklinde düzenlenmiştir."
2024,70,B,"Genel Hükümler, İşlemler & Meslek","Muafiyetler (2009/15481, Geri Gelen Eşya)",Geri getirme süresinin başlangıcı,Olumlu kök,Doğru/Yanlış Hüküm,Gümrük Yönetmeliği,,Orta,,,,GY'ye göre geri gelen eşyada geri getirme süresinin başlangıcına ilişkin doğru ifade soruluyor.,"Kara ve demiryolu çıkışlarında geri getirme süresi, çıkış işlemleri tamamlanan eşyanın kara sınırından yabancı ülkeye fiilen çıktığı veya serbest bölgeye fiilen girdiği tarihten başlar; beyanname tescili, yükleme veya özet beyan tarihleri başlangıç kabul edilmez."
2024,71,C,Gümrük Rejimleri,İhracat Rejimi (Gümrük İşlemleri),Çıkış bildirimi,Olumsuz kök (değildir / yanlıştır),Doğru/Yanlış Hüküm,Gümrük Yönetmeliği,,Orta,,,,Çıkış bildirimine ilişkin yanlış ifade soruluyor.,"Cevap anahtarına göre denizyolunda çıkış bildiriminin 'eşyanın taşıta yüklenmesinden sonra' verileceği ifadesi yanlıştır; çıkış bildirimi taşıtın TGB'yi terk ettiği ana kadar taşıttaki tüm eşyayı kapsayacak şekilde elektronik ortamda verilir, geç verilmesi GK 241/1 usulsüzlük cezası gerektirir."
2024,72,C,Dış Ticaret Politikası & Uluslararası Ticaret,İhracat Mevzuatı (Dış Ticaret),Ticari kiralama ve konsinye ihracat,Öncüllü (I-II-III),Doğru/Yanlış Hüküm,Dış Ticaret Mevzuatı,İhracat Yönetmeliği,Orta,,,,"İhracat Yönetmeliğine göre ticari kiralama, konsinye ve fuar ihracatına ilişkin doğru öncüller soruluyor.","Ticari kiralama, malların kira bedeli karşılığı belirli süre kullanılmak üzere geçici olarak TGB dışına veya serbest bölgelere çıkarılmasıdır ve gümrük mevzuatına tabidir (I ve IV doğru); konsinye beyannamelerin sunulma süresi ve fuar satışlarının sonuçlandırılmasına ilişkin II ve III yanlıştır."
2024,73,B,Gümrük Rejimleri,Transit Rejimi & TIR,LRN tanımı,Olumlu kök,Tanım / Kavram,Gümrük Genel Tebliğleri,Transit Tebliği (Seri No:4),Kolay,,,,Transit rejiminde LRN ifadesinin karşılığı soruluyor.,"LRN, transit beyanı verilerinin hareket gümrük idaresine elektronik iletilmesiyle sistemce verilen yerel referans numarasıdır; kabul edilen beyannameye verilen ana referans numarası MRN, teminat referans numarası GRN, refakat belgesi TAD, sistem ise NCTS'dir."
2024,74,C,Gümrük Rejimleri,Transit Rejimi & TIR,Transitte kefil,Olumsuz kök (değildir / yanlıştır),Doğru/Yanlış Hüküm,Gümrük Genel Tebliğleri,Transit Tebliği (Seri No:4),Orta,,,,Transit Tebliğine (Seri No:4) göre kefile ilişkin yanlış ifade soruluyor.,"Kefil, rejim hak sahibinden farklı üçüncü bir kişi olmalıdır; kefil ile rejim hak sahibi aynı kişi olamaz. Kefilin sorumluluğu teminat mektubundaki azami tutarla sınırlı olup para cezalarını kapsamaz."
2024,75,B,Gümrük Rejimleri,Transit Rejimi & TIR,Transit beyanı ve teminat,Olumsuz kök (değildir / yanlıştır),Doğru/Yanlış Hüküm,Gümrük Genel Tebliğleri,Transit Tebliği (Seri No:4),Orta,,,,"Transit Tebliğine (Seri No:4) göre transit beyanı, kefil ve teminata ilişkin yanlış ifade soruluyor.","Kefil, Türkiye'de yerleşik ve teminat mektubu vermeye yetkili banka ve finans kuruluşları olabilir; sigorta şirketleri kefil olarak sayılmaz."
2024,76,C,Gümrük Rejimleri,Transit Rejimi & TIR,Basitleştirme izni sahibinin yükümlülükleri,Olumsuz kök (değildir / yanlıştır),Kapsam & Şart,Gümrük Genel Tebliğleri,Transit Tebliği (Seri No:5),Zor,,,,Transit Tebliğine (Seri No:5) göre basitleştirme izni sahibinin yükümlülüklerine ilişkin yanlış ifade soruluyor.,"Cevap anahtarına göre manifesto ve konşimentolara iki yıl süreyle erişim sağlama ifadesi (C) Tebliğ hükmüyle uyumlu değildir; rejim hak sahibi yükümlülükleri, statü ayrımı, ayniyet tedbirleri ve havalimanı değişikliğini 15 gün önceden bildirme yükümlülükleri doğrudur."
2024,77,C,Gümrük Rejimleri,Transit Rejimi & TIR,TIR işleminin sona ermesi,Olumlu kök,Tanım / Kavram,Uluslararası Anlaşmalar,TIR Sözleşmesi md. 1(d),Orta,,,,Taşıtın yük ve TIR karnesiyle varış/çıkış gümrüğüne sunulmasının adı soruluyor.,"TIR Sözleşmesi md. 1'e göre karayolu taşıtı, taşıt dizisi veya konteynerin yükü ve TIR karnesiyle birlikte kontrol amacıyla varış veya çıkış (yol boyu) gümrük idaresine sunulması TIR işleminin sona ermesidir; ibra ise sona ermenin gümrükçe onaylanmasıdır."
2024,78,A,Gümrük Rejimleri,Transit Rejimi & TIR,TIR karnesi uygulaması,Olumsuz kök (değildir / yanlıştır),Doğru/Yanlış Hüküm,Gümrük Genel Tebliğleri,,Zor,,,,TIR karnesi uygulamasına ilişkin yanlış ifade soruluyor.,"Cevap anahtarına göre normal eşya ile ağır veya havaleli eşyanın aynı TIR taşımasında yalnızca aynı karneyle taşınabileceği ifadesi yanlıştır (bu durumda ayrı karneler düzenlenir); taşıt dizisi/birden fazla konteyner için tek karne, transit-ihracat-mahrece iade eşyasının aynı karneyle taşınması ve 10 no.lu kutuya AS kodu yazılması doğrudur."
2024,79,D,Gümrük Rejimleri,Transit Rejimi & TIR,1975 TIR Sözleşmesi hükümleri,Olumlu kök,Doğru/Yanlış Hüküm,Uluslararası Anlaşmalar,TIR Sözleşmesi md. 17,Orta,,,,1975 tarihli TIR Sözleşmesine göre doğru ifade soruluyor.,TIR Sözleşmesi md. 17'ye göre her taşıt veya konteyner için ayrı karne esastır ancak bir taşıt dizisi veya tek taşıt/taşıt dizisine yüklenmiş birden fazla konteyner için tek karne düzenlenebilir; karne tek yolculuk içindir ve taraf olmayan ülke topraklarında TIR taşıması askıya alınır.
2024,80,D,"Genel Hükümler, İşlemler & Meslek","Muafiyetler (2009/15481, Geri Gelen Eşya)",Ambulans muafiyetinde devir yasağı,Olumlu kök,Sayısal (süre-oran-tutar),2009/15481 Karar,,Orta,,,5 yıl,Muafen ithal edilen ambulans ve kurtarma araçlarının vergisiz devredilemeyeceği süre soruluyor.,"2009/15481 sayılı Karara göre muafen serbest dolaşıma sokulan ambulans ve kurtarma araçları, beyanname tescil tarihinden itibaren 5 yıl geçmedikçe gümrük vergileri tahsil edilmeden satılamaz, hibe veya devredilemez."
2024,81,B,"Genel Hükümler, İşlemler & Meslek","Muafiyetler (2009/15481, Geri Gelen Eşya)",Evlilik nedeniyle çeyiz muafiyeti,Olumsuz kök (değildir / yanlıştır),Kapsam & Şart,2009/15481 Karar,,Orta,,,,Evlilik nedeniyle muafen serbest dolaşıma sokulan eşyaya ilişkin yanlış ifade soruluyor.,"Evlilik nedeniyle muafiyet, yerleşim yerinin naklinden önce en az 12 ay süreyle TGB dışında bulunan kişilere tanınır, 24 ay ifadesi yanlıştır; hediyelerde 430/3.000 Avro sınırı ve evlilikten 2 ay önce-4 ay sonra serbest dolaşıma sokma şartı geçerlidir."
2024,82,D,"Genel Hükümler, İşlemler & Meslek",Posta & Hızlı Kargo,Hızlı kargoda yetkili müdürlükler,Olumsuz kök (değildir / yanlıştır),Yetkili Merci,Gümrük Genel Tebliğleri,Posta ve Hızlı Kargo Tebliği (Seri No:1),Zor,,,,Karayoluyla hızlı kargo işlemlerine yetkili olmayan gümrük müdürlüğü soruluyor.,"Cevap anahtarına göre Ankara Gar Gümrük Müdürlüğü karayoluyla hızlı kargo işlemlerine yetkili müdürlükler arasında yer almaz; Bursa, Adana, Sabiha Gökçen Havalimanı ve Gaziantep Havalimanı gümrük müdürlükleri yetkilidir."
2024,83,D,Gümrük Rejimleri,Antrepo Rejimi,Antrepo götürü teminatı esasları,Olumsuz kök (değildir / yanlıştır),Kapsam & Şart,Gümrük Yönetmeliği,,Zor,,,,Antrepo işleticilerinin götürü teminatına ilişkin yanlış ifade soruluyor.,"Tank ilavesiyle genişletilen akaryakıt antreposunda götürü teminat toplam hacim üzerinden değil, ilave edilen kısım esasında verilir; açık+kapalı alanda toplam alan, siloda tank hacmi esas alınır, alan genişletmede artış 1.000 m² dilimine yuvarlanır ve yaygın götürü teminat talebini bölge müdürlüğü sonuçlandırır."
2024,84,E,Gümrük Rejimleri,Antrepo Rejimi,Antrepo götürü teminatı tutarları,Olumsuz kök (değildir / yanlıştır),Doğru/Yanlış Hüküm,Gümrük Yönetmeliği,,Zor,,,,Antrepo götürü teminatı uygulamasına ilişkin yanlış ifade soruluyor.,"Cevap anahtarına göre yaygın götürü teminatın kabulünde yalnızca antreponun büyüklüğü/hacmi esas alınmaz (E yanlış); götürü teminat işleticilerce verilir, 2.000 m³'e kadar 3.000.000 TL, 2.300 m³ için 4.000.000 TL olup 40.000.000 TL'yi aşan kısım dikkate alınmaz."
2024,85,D,Gümrük Rejimleri,Antrepo Rejimi,"Antrepo açma, kapatma ve taşıma",Olumsuz kök (değildir / yanlıştır),Doğru/Yanlış Hüküm,Gümrük Yönetmeliği,,Zor,,,,"Antrepoların açılması, kapatılması ve taşınmasına ilişkin yanlış ifade soruluyor.","Cevap anahtarına göre antreponun aynı gümrük idaresi denetimindeki başka adrese taşınması talebinin bölge müdürlüğünce sonuçlandırılacağı ifadesi yanlıştır; C tipi akaryakıt antreposu için yatırım izni, genel antrepoda asgari iki yıllık faaliyet, kapatma talebinin gümrük müdürlüğüne yazılı bildirimi ve akaryakıt antreposunda iskele/platforma bağlı boru hattı şartı doğrudur."
2024,86,B,Gümrük Rejimleri,Antrepo Rejimi,Antrepo kapatma ve devri,Olumsuz kök (değildir / yanlıştır),Doğru/Yanlış Hüküm,Gümrük Yönetmeliği,,Zor,,,,Antrepo rejiminin uygulanmasına ilişkin yanlış ifade soruluyor.,"Cevap anahtarına göre antrepo kapatma talebinin bölge müdürlüğünce sonuçlandırılacağı ifadesi yanlıştır (kapatma talebi gümrük müdürlüğüne yapılır); 7 tanklı akaryakıt antreposunun yaygın götürü teminattan yararlanamaması, kapanacak genel antrepoya giriş yasağı, unvan değişikliğinde yeniden ekonomik değerlendirme yapılmaması ve devirde müşterek müracaat doğrudur."
2024,87,A,"Vergi Alacağı, Ceza & Kaçakçılık",Kaçakçılık (5607),Taşıma aracının müsaderesi,Öncüllü (I-II-III),Kapsam & Şart,5607 Kaçakçılık Kanunu,,Orta,,,,5607 sayılı Kanuna göre kaçak eşya taşımasında kullanılan aracın müsadere şartı soruluyor.,"Kaçak eşya taşımasında bilerek kullanılan taşıma aracı, kaçak eşyanın suçun işlenmesini kolaylaştıracak veya ortaya çıkmasını engelleyecek şekilde özel hazırlanmış gizli tertibat içinde saklanmış/taşınmış olması halinde müsadere edilir; sicil kaydı ve tekrar kullanılma şartları aranmaz."
2024,88,D,"Vergi Alacağı, Ceza & Kaçakçılık",Kaçakçılık (5607),Uygun olmayan kaçak akaryakıt,Olumlu kök,Belge & Prosedür,5607 Kaçakçılık Kanunu,,Orta,,,,Analiz sonucu teknik düzenlemelere uygun olmayan kaçak akaryakıt hakkında yapılacak işlem soruluyor.,"5607 sayılı Kanuna göre numune analiz sonuçları teknik düzenlemelere uygun olmayan kaçak akaryakıt, il özel idaresi veya yatırım izleme ve koordinasyon başkanlığınca en yakın rafineriye satılır."
2024,89,E,"Vergi Alacağı, Ceza & Kaçakçılık",Kaçakçılık (5607),Kamuoyuna ilan edilebilen kaçakçılık,Öncüllü (I-II-III),Kapsam & Şart,5607 Kaçakçılık Kanunu,,Orta,,,,5607'ye göre ilgili Bakanlıkça kamuoyuna ilan edilebilecek kaçakçılık türleri soruluyor.,"5607 sayılı Kanun uyarınca akaryakıt, canlı hayvan ve zeytin kaçakçılığı belirli şartlarda ilgili Bakanlıkça kamuoyuna ilan edilebilir; üç öncül de doğrudur."
2024,90,B,"Vergi Alacağı, Ceza & Kaçakçılık",Kaçakçılık (5607),Arama ve el koyma,Öncüllü (I-II-III),Doğru/Yanlış Hüküm,5607 Kaçakçılık Kanunu,,Orta,,,,5607 sayılı Kanundaki arama ve el koyma hükümlerine ilişkin yanlış öncüller soruluyor.,"Gümrük salonları ve kapılarında kaçak eşya sakladığından kuşkulanılan kişilerin aranması için hakim/savcı izni gerekmez ve bulunan kaçak eşyaya savcı izni aranmaksızın el konulur (I ve II yanlış); kap, ambalaj, taşıma araçları ve kişiler üzerindeki diğer arama ve el koymalar CMK uyarınca yapılır."
2024,91,A,Gümrük Rejimleri,Geçici İthalat,Geçici ithalatta kullanım ve denetim,Öncüllü (I-II-III),Doğru/Yanlış Hüküm,Gümrük Yönetmeliği,,Orta,,,,Geçici ithalat rejimine ilişkin doğru öncüller soruluyor.,"Geçici ithal eşyası rejim süresince giriş ayniyetine ve tahsis amacına uygun olarak tahsis yerinde kullanılmalı, gümrük idaresi bunu denetleyebilir (I ve III doğru); eşya normal kullanım dışında işleme tabi tutulamaz ve serbest dolaşıma girişte ticaret politikası önlemleri uygulanır (II ve IV yanlış)."
2024,92,C,Gümrük Rejimleri,Geçici İthalat,ATA karnesinin kullanımı,Olumsuz kök (değildir / yanlıştır),Doğru/Yanlış Hüküm,Uluslararası Anlaşmalar,,Kolay,,,,Geçici ithalatta ATA karnesinin kullanımına ilişkin yanlış ifade soruluyor.,"ATA karnesi her türlü eşya için değil, yalnızca ilgili uluslararası sözleşme ekleri ve gümrük mevzuatında belirtilen eşya (fuar-sergi eşyası, mesleki teçhizat, ticari numune vb.) için kullanılan, beyanname yerine geçen ve vergileri uluslararası teminata bağlayan belgedir."
2024,93,E,Gümrük Rejimleri,Hariçte İşleme,Serbest bölgede HİR vergilendirmesi,Olumlu kök,Vaka / Senaryo,Gümrük Yönetmeliği,,Orta,,,,HİR kapsamında serbest bölgede işçilikle işlenen ürünün yeniden ithalinde vergilendirme soruluyor.,Serbest bölgede üçüncü ülke girdisi kullanılmadan yalnızca işçilikle işlem gören ürünün yeniden ithalinde gümrük vergisi alınmaz; yalnızca işçilik bedeli (30 ABD Doları) üzerinden KDV tahsil edilir.
2024,94,E,Gümrük Rejimleri,Geçici İthalat,Teminat aranmayan geçici ithalat,Öncüllü (I-II-III),Kapsam & Şart,2009/15481 Karar,,Orta,,,,2009/15481'e göre tam muafiyetli geçici ithalatta teminat aranmayan eşya soruluyor.,"Organ nakli bekleyen hastalara yardım için doktorlara gerekli mesleki teçhizat, TGB'deki kriz hali nedeniyle kamu kuruluşu adına gönderilen yardım malzemesi ve uluslararası trafikte kullanılmak üzere işaretlenmiş taşımacılık/posta idaresi malzemesinin geçici ithalinde teminat aranmaz."
2024,95,C,"Genel Hükümler, İşlemler & Meslek",YYS & Onaylanmış Kişi,YYS başvuru bölge müdürlükleri,Olumsuz kök (değildir / yanlıştır),Yetkili Merci,Kolaylaştırma Yönetmeliği,,Orta,,,,YYS başvurusu yapılabilecek yetkili bölge müdürlüklerinden olmayanı soruluyor.,"Cevap anahtarına göre Batı Marmara Gümrük ve Dış Ticaret Bölge Müdürlüğü YYS başvurusu yapılabilecek yetkili bölge müdürlükleri arasında değildir; Ege, Orta Anadolu, GAP ve Orta Akdeniz bölge müdürlükleri yetkilidir."
2024,96,C,"Genel Hükümler, İşlemler & Meslek",YYS & Onaylanmış Kişi,İzinli alıcı yetkisi şartları,Olumsuz kök (değildir / yanlıştır),Kapsam & Şart,Kolaylaştırma Yönetmeliği,,Orta,,,,İzinli alıcı yetkisi başvurusunda aranmayan koşul soruluyor.,"İzinli alıcı yetkisi için YYS sahibi olmak, uluslararası taşımacı yetki belgesi, depolama/boşaltma/muayene/numune için teçhizat ve tartım düzeneği şartları aranır; son bir yılda 200 transit beyannamesi ve özet beyan işlemi şartı aranmaz."
2024,97,D,"Genel Hükümler, İşlemler & Meslek",YYS & Onaylanmış Kişi,OKS ve YYS ortak hakları,Olumlu kök,Kapsam & Şart,Kolaylaştırma Yönetmeliği,,Zor,,,,OKS ve YYS statülerinin her ikisine birden tanınan basitleştirilmiş usul hakkı soruluyor.,"Cevap anahtarına göre götürü teminat yetkisi hem OKS hem YYS sahiplerine tanınan ortak haktır; izinli alıcı, yerinde gümrükleme ve fatura beyanı/EUR-MED fatura beyanı izinleri yalnızca bir statüye bağlıdır."
2024,98,E,"Vergi Alacağı, Ceza & Kaçakçılık",Geri Verme / Kaldırma,Kusurlu eşyada geri verme,Olumlu kök,Doğru/Yanlış Hüküm,4458 Gümrük Kanunu,,Orta,,,,GK'ye göre kusurlu eşya nedeniyle vergilerin geri verilmesine ilişkin doğru ifade soruluyor.,"Beyandan önce denenmek üzere geçici teslim edilen eşyada, kusurun deneme sırasında anlaşılmadığı kanıtlanmadıkça geri verme yapılmaz; kusurlu eşya teslimden önce hasar göreni de kapsar, başvuru süresi tebliğden itibaren 12 ay olup haklı nedenle uzatılabilir ve ihraç yerine başka işlem/kullanıma izin verilebilir."
2024,99,C,"Vergi Alacağı, Ceza & Kaçakçılık","Tahakkuk, Tahsil & Zamanaşımı",6183'e göre tecil,Öncüllü (I-II-III),Doğru/Yanlış Hüküm,Diğer Vergi Kanunları,6183 s. K. md. 48; Tahsilat Tebliği (Seri No:2),Zor,,,,6183 ve Tahsilat Tebliğine göre tecile ilişkin doğru öncüller soruluyor.,"Tecil borçlunun yazılı talebiyle yapılır, idarece re'sen yapılamaz ve azami süre 36 aydır; cevap anahtarına göre 130.000 TL alacakta teminatsız tecil sınırını aşan 40.000 TL için teminat alınır ve YMM raporuna ilişkin öncül (III) yanlıştır."
2024,100,E,"Genel Hükümler, İşlemler & Meslek",Gümrük Müşavirliği & Asgari Ücret,Asgari ücret tarifesi üst sınırı,Olumlu kök,Sayısal (süre-oran-tutar),Gümrük Genel Tebliğleri,2024 Asgari Ücret Tarifesi Tebliği Ek-1 (İTH-13),Zor,,,44.085 TL,2024 Asgari Ücret Tarifesinde İTH-13 kodunda serbestçe belirlenen tutarın başladığı sınır soruluyor.,Cevap anahtarına göre 2024 yılı Asgari Ücret Tarifesi Tebliğinde İTH-13 hizmet kodunda toplam müşavirlik ücretinin 44.085 TL'yi aşan kısmı tarafların anlaşmasıyla belirlenir.
2025,1,C,"İç Vergiler, Kambiyo & Fonlar","Damga V., Transfer Fiyatlandırması & Diğer Vergiler",Damga vergisine tabi belgeler,Olumlu kök,Kapsam & Şart,Diğer Vergi Kanunları,488 s. DVK (1) ve (2) sayılı tablolar,Orta,,,,Gümrüğe verilen belgelerden hangisinin damga vergisine tabi olduğu soruluyor.,Konşimento 488 sayılı Damga Vergisi Kanunu (1) sayılı tablo kapsamında damga vergisine tabidir; elçilik ve kurye mektupları ile TIR ve ATA karneleri (2) sayılı tablo uyarınca damga vergisinden istisnadır.
2025,2,C,Dış Ticaret Politikası & Uluslararası Ticaret,"Uluslararası Ticaret, DTÖ & 1/95",1/95 OKK mevzuat uyum alanları,Olumsuz kök (değildir / yanlıştır),Kapsam & Şart,Uluslararası Anlaşmalar,1/95 OKK md. 28,Orta,,,,1/95 OKK'da Türkiye'nin uyum sağlayacağı alanlar arasında sayılmayan alan soruluyor.,"1/95 OKK md. 28'de uyum alanları: eşyanın menşei, gümrük kıymeti, eşyanın gümrük bölgesine girişi, gümrük beyannamesi, serbest dolaşıma giriş, şartlı muafiyet/ekonomik etkili rejimler, eşyanın dolaşımı, gümrük yükümlülüğü ve itiraz hakkıdır; gümrükte uygulanacak cezalar sayılmamıştır."
2025,3,D,Gümrük Kıymeti,Gümrük Kıymeti,GATT VII isteğe bağlı kıymet unsurları,Olumsuz kök (değildir / yanlıştır),Kapsam & Şart,Uluslararası Anlaşmalar,GATT VII Uyg. Anl. md. 8/2,Orta,,,,GATT VII Anlaşmasında üyelerin kıymete dahil/hariç tutma serbestisi bulunmayan gider soruluyor.,"Anlaşma md. 8/2 uyarınca üyeler ithal limanına/yerine kadar nakliye, nakliyeye bağlı yükleme-boşaltma-elleçleme ve sigorta giderlerini kısmen veya tamamen kıymete dahil etme ya da hariç tutma konusunda düzenleme yapabilir; royalti md. 8/1(c) gereği zorunlu ilavedir."
2025,4,E,"İç Vergiler, Kambiyo & Fonlar","Damga V., Transfer Fiyatlandırması & Diğer Vergiler",Transfer fiyatlandırmasının uluslararası dayanağı,Olumlu kök,Olgu Bilgisi,Diğer Vergi Kanunları,KVK md. 13,Kolay,,,,KVK transfer fiyatlandırması düzenlemelerinin esas aldığı uluslararası kuruluş soruluyor.,KVK md. 13'teki transfer fiyatlandırması düzenlemeleri OECD Transfer Fiyatlandırması Rehberi (emsallere uygunluk ilkesi) dikkate alınarak hazırlanmıştır.
2025,5,B,"İç Vergiler, Kambiyo & Fonlar","Damga V., Transfer Fiyatlandırması & Diğer Vergiler",Transfer fiyatlandırması yöntemleri,Olumsuz kök (değildir / yanlıştır),Kapsam & Şart,Diğer Vergi Kanunları,KVK md. 13/4,Kolay,,,,Transfer fiyatlandırmasında uygulanacak yöntemlerden olmayan seçenek soruluyor.,"Transfer fiyatlandırması yöntemleri karşılaştırılabilir fiyat, maliyet artı, yeniden satış fiyatı ile işlemsel kâr yöntemleridir (kâr bölüşüm, işlemsel net kâr marjı); 'indirgeme yöntemi' bir gümrük kıymeti yöntemidir."
2025,6,E,Dış Ticaret Politikası & Uluslararası Ticaret,"Uluslararası Ticaret, DTÖ & 1/95",TKA ön karar kapsamı,Olumlu kök,Doğru/Yanlış Hüküm,Uluslararası Anlaşmalar,TKA md. 3/9(b),Orta,,,,TKA ön karar mekanizmasında gümrük kıymeti yöntem ve kriterlerine ilişkin doğru ifade soruluyor.,"TKA md. 3'e göre tarife sınıflandırması ve menşe için ön karar verilmesi zorunludur; gümrük kıymeti tespitinde kullanılacak uygun yöntem ve kriterler, muafiyet ve kota gibi konularda ise üyeler ön karar vermeye teşvik edilir."
2025,7,A,"İç Vergiler, Kambiyo & Fonlar",ÖTV,ÖTV (I) sayılı liste cetvelleri,Olumsuz kök (değildir / yanlıştır),Kapsam & Şart,ÖTV Kanunu,ÖTV K. (I) sayılı liste (A) ve (B) cetvelleri,Orta,,,,ÖTV Kanunu (I) sayılı listenin (B) cetvelinde yer almayan mal soruluyor.,"Uçak benzini (I) sayılı listenin (A) cetvelinde yer alır; benzol (benzen), solvent nafta, white spirit ve MTBE (B) cetvelindeki mallardandır."
2025,8,E,"İç Vergiler, Kambiyo & Fonlar",ÖTV,ÖTV diplomatik istisna kapsamı,Olumsuz kök (değildir / yanlıştır),Kapsam & Şart,ÖTV Kanunu,ÖTV K. md. 7,Orta,,,,ÖTV Kanununa göre diplomatik istisna kapsamında olmayan liste soruluyor.,"ÖTV K. md. 7'deki diplomatik istisna (I), (II) ve (III) sayılı listelerdeki malları kapsar; (IV) sayılı liste (kozmetik, beyaz eşya vb. lüks tüketim malları) diplomatik istisna kapsamında değildir."
2025,9,D,"İç Vergiler, Kambiyo & Fonlar",ÖTV,Saç spreyinin ÖTV listesi,Olumlu kök,Kapsam & Şart,ÖTV Kanunu,ÖTV K. (IV) sayılı liste,Kolay,,,,Saç spreylerinin ÖTV Kanununda hangi listede yer aldığı soruluyor.,"Saç spreyleri (saç müstahzarları, 33.05) kozmetik ürün olarak ÖTV Kanunu (IV) sayılı listede yer alır."
2025,10,E,"İç Vergiler, Kambiyo & Fonlar",KDV,Finansal kiralamada KDV oranı,Olumlu kök,Doğru/Yanlış Hüküm,KDV Kanunu,2007/13033 s. BKK md. 1,Orta,,,,Finansal kiralama işlemlerinde uygulanacak KDV oranı soruluyor.,2007/13033 sayılı Karar uyarınca finansal kiralama işlemlerinde (belirli istisnalar hariç) kiralamaya konu malın tabi olduğu KDV oranı uygulanır; sabit bir oran öngörülmemiştir.
2025,11,E,Dış Ticaret Politikası & Uluslararası Ticaret,Incoterms (Teslim Şekilleri),DPU teslim şekli,Olumlu kök,Tanım / Kavram,Uluslararası Anlaşmalar,Incoterms 2020,Kolay,,,,Incoterms 2020'de belirlenen yerde boşaltılmış olarak teslimi ifade eden kural soruluyor.,"DPU (Delivered at Place Unloaded – Belirlenen Yerde Boşaltılmış Olarak Teslim), Incoterms 2020'de DAT'ın yerini alan ve satıcının malı varış yerinde boşaltarak teslim ettiği kuraldır."
2025,12,D,"İç Vergiler, Kambiyo & Fonlar",KDV,Ardiye gideri ve KDV/ÖTV matrahı,Olumlu kök,Hesaplama,KDV Kanunu,KDV K. md. 21; ÖTV K. md. 11,Zor,KDV matrahı / KDV,,464 TL,Ardiye gideri ve istisnadan vazgeçme KDV'si bulunan ithalatta ödenecek ÖTV ve KDV toplamı soruluyor.,"Cevap anahtarına göre (D) 464 TL: ÖTV matrahı = 1.000 CIF + 0 GV + 100 ardiye = 1.100 → ÖTV 220; antrepo işleticisi KDV istisnasından vazgeçip ardiyeye KDV hesapladığından mükerrer vergilemeyi önlemek için ardiye bedeli ithalde KDV matrahına eklenmez: KDV matrahı = 1.000 + 220 = 1.220 → KDV 244; toplam 464 TL (20 TL'lik KDV hiçbir matraha girmez). Dikkat: ardiye bedeli KDV matrahına da eklenirse (standart yaklaşım: 1.000 + 220 + 100 = 1.320 → KDV 264) toplam 484 TL (E) çıkar; anahtar, istisnadan vazgeçme halinde ardiyenin KDV matrahından dışlanması yorumunu esas almıştır."
2025,13,D,"Vergi Alacağı, Ceza & Kaçakçılık",İdari Para Cezaları & Uzlaşma,Noksan kıymet beyanında ceza,Olumlu kök,Hesaplama,4458 Gümrük Kanunu,GK md. 234/1,Orta,Ceza / ek tahakkuk,,9.000 TL,"Noksan kıymet beyanında GV, EMY ve KDV farkına uygulanacak para cezası soruluyor.",Kıymetin noksan beyanında GK 234/1 uyarınca ithalat vergileri ayrıca tahsil edilir ve vergi farkının üç katı para cezası uygulanır: (1.250 GV + 1.250 EMY + 500 KDV) = 3.000 × 3 = 9.000 TL.
2025,14,A,"Vergi Alacağı, Ceza & Kaçakçılık",İdari Para Cezaları & Uzlaşma,Beyan edilmeyen royaltide ek tahakkuk-ceza,Olumlu kök,Hesaplama,4458 Gümrük Kanunu,GK md. 234/1; KDV K. md. 21,Zor,Ceza / ek tahakkuk,,4.800 TL,Kıymete eklenmesi gereken royaltinin beyan edilmemesinde ek tahakkuk ve ceza toplamı soruluyor.,Royalti kıymete eklenir: GV farkı 10.000 × %10 = 1.000; KDV farkı (10.000 + 1.000) × %20 = 2.200 − 2 no.lu KDV beyannamesiyle ödenen 2.000 = 200; ek tahakkuk 1.200 TL; GK 234/1 cezası 3 × 1.200 = 3.600 TL; toplam 4.800 TL.
2025,15,B,"İç Vergiler, Kambiyo & Fonlar",ÖTV,(I) sayılı liste malının ithalinde vergiler,Olumlu kök,Hesaplama,ÖTV Kanunu,ÖTV K. (I) sayılı liste; KDV K. md. 21,Orta,ÖTV,,3.200 TL,ÖTV (I) sayılı liste malının ithalinde gümrük idaresince tahsil edilecek vergiler soruluyor.,(I) sayılı listedeki mallarda ÖTV'yi doğuran olay ithalat değil teslim olduğundan gümrükte ÖTV (15.000 TL) alınmaz: GV 10.000 × %10 = 1.000; KDV (10.000 + 1.000) × %20 = 2.200; toplam 3.200 TL.
2025,16,D,Gümrük Kıymeti,Gümrük Kıymeti,Kullanılmış taşıtta amortisman,Olumlu kök,Hesaplama,Gümrük Genel Tebliğleri,,Orta,Gümrük kıymeti,,6.000 TL,Kesin dönüşte bedelsiz ithal edilen kullanılmış otomobilin gümrük kıymeti soruluyor.,"Cevap anahtarına göre fatura bedelinden toplam %40 amortisman düşülmüştür. Bu oran, model yılı (2022) esas alınarak geçen üç yıl için ilk yıl %20 ve sonraki yıllar %10'ar (%20 + %10 + %10) hesabına karşılık gelir: 10.000 × 0,60 = 6.000 TL. Fatura yılı (2023) esas alınsaydı iki yıl için %30 düşülür ve 7.000 TL (C) çıkardı."
2025,17,C,Gümrük Kıymeti,Gümrük Kıymeti,Royalti ve lisansın kıymete eklenmesi,Olumlu kök,Hesaplama,4458 Gümrük Kanunu,GK md. 27/1-c,Orta,Gümrük kıymeti,,12.000 TL,Gümrük kıymetine dahil edilmesi gereken royalti ve lisans ücreti toplamı soruluyor.,"Satış şartı olan ve ithal eşyasıyla ilgili ticari marka (5.000), patent (4.000), know-how (2.000) ve satış şartı olduğundan dağıtım/tekrar satış hakkı (1.000) eklenir = 12.000 TL; ithal eşyasının Türkiye'de çoğaltılması hakkı için ödenen 3.000 TL kıymete eklenmez."
2025,18,E,Gümrük Kıymeti,Gümrük Kıymeti,Benzer eşyanın tespiti,Öncüllü (I-II-III),Vaka / Senaryo,4458 Gümrük Kanunu,GK md. 25,Orta,,,,Benzer eşyanın satış bedeli yöntemiyle kıymet tespitinde esas alınacak eşya soruluyor.,"Benzer eşya; aynı ülkede üretilmiş, aynı işlevi gören ve ticari olarak ikame edilebilen, benzer nitelik ve kalitedeki eşyadır, farklı marka engel değildir. Japonya üretimi (I, IV), ilave fonksiyonlu (II) ve düşük kalite segmentindeki (III) ürünler değil, Çin üretimi aynı kalite segmentindeki DEF markalı ürün (V) esas alınır."
2025,19,C,Gümrük Rejimleri,Geçici İthalat,Tam muafiyetli Gİ'de gecikme zammı,Olumlu kök,Hesaplama,4458 Gümrük Kanunu,GK md. 207/1-a; KDV K. md. 21/c,Zor,Geçici ithalat vergisi,,3.264 TL,Tam muafiyetli geçici ithal eşyanın serbest dolaşıma girişinde gecikme zammı etkisiyle tahsil edilecek vergiler soruluyor.,"GV 10.000 × %10 = 1.000; KDV (10.000 + 1.000) × %20 = 2.200; GK 207 gecikme zammı (1.000 + 2.200) × %2,5 × 4 ay = 320 TL ve bu tutar ithalde KDV matrahına eklenir: KDV (11.000 + 320) × %20 = 2.264; vergiler toplamı 1.000 + 2.264 = 3.264 TL (gecikme zammının kendisi vergi toplamına girmez)."
2025,20,D,Gümrük Kıymeti,Gümrük Kıymeti,Kıymete ilaveler ve indirimler,Olumlu kök,Hesaplama,4458 Gümrük Kanunu,GK md. 27-28,Zor,Gümrük kıymeti,,22.000 TL,Çeşitli ödeme ve giderler verilen ithalatta eşyanın gümrük kıymeti soruluyor.,"200 × 100 = 20.000 CIF + satıcıya ödenen garanti bedeli 1.500 + brüt lisans ücreti 500 (400 net + 100 stopaj) = 22.000 TL; Türkiye'deki ekspertiz, tescil sonrası fazla mesai, ardiye, şartları taşıyan finansman faizi ve BSMV ile alıcının bankasına ödediği teyit komisyonu eklenmez."
2025,21,A,Gümrük Rejimleri,Serbest Dolaşım & Nihai Kullanım,Nihai kullanım izni,Olumsuz kök (değildir / yanlıştır),Doğru/Yanlış Hüküm,Gümrük Genel Tebliğleri,Nihai Kullanım Tebliği (Seri No:1),Orta,,,,Nihai kullanım iznine ilişkin yanlış ifade soruluyor.,"İznin verilmesinde dikkate alınan şartlarda değişiklik olduğunda izin belgesinde değişiklik yapılabilir; 'yapılamaz' ifadesi yanlıştır. İzin, tescilden önce yetkili idareye yazılı başvuruyla GY 30 no.lu ekteki formda TPS üzerinden düzenlenir."
2025,22,A,Gümrük Rejimleri,Serbest Dolaşım & Nihai Kullanım,Nihai kullanım izninin sonradan verilmesi,Olumlu kök,Kapsam & Şart,Gümrük Genel Tebliğleri,Nihai Kullanım Tebliği (Seri No:1),Zor,,,,Nihai kullanım izninin sonradan verilmesine ilişkin doğru ifade soruluyor.,"Tam beyanlı yaygın basitleştirilmiş usule tabi eşya ile sivil hava taşıtları ve parçaları hariç, geçici depolama yeri veya antrepodaki eşya için beyanname kapatılmamış olmak şartıyla nihai kullanım izni sonradan verilebilir."
2025,23,E,Gümrük Rejimleri,Serbest Dolaşım & Nihai Kullanım,Tek tarife pozisyonunda vergilendirme,Öncüllü (I-II-III),Belge & Prosedür,Gümrük Yönetmeliği,,Orta,,,,Tek tarife pozisyonunda vergilendirmede beyannameye eklenecek listede bulunacak bilgiler soruluyor.,"Bir taşıma belgesindeki farklı pozisyonlu eşyanın tek (en yüksek vergili) pozisyonda vergilendirilmesinde beyannameye eklenen listede eşyanın miktarı, cinsi, türü, kıymeti ve GTİP'inin tamamı yer almalıdır."
2025,24,A,Gümrük Rejimleri,Serbest Dolaşım & Nihai Kullanım,Gümrük statü belgesi düzenlenmesi,Öncüllü (I-II-III),Belge & Prosedür,Gümrük Yönetmeliği,,Orta,,,,Gümrük statü belgesinin düzenlendiği hallere ilişkin doğru ifadeler soruluyor.,"Gümrük statü belgesi; serbest bölge işlem formuyla transit olarak serbest bölgeye giren üçüncü ülke menşeli eşya ile TGB'den serbest bölgeye ihracat beyannamesiyle gönderilen eşya için, serbest dolaşımda olup olmadığının tespiti amacıyla bölgeye girişte düzenlenir (I ve II)."
2025,25,B,"Genel Hükümler, İşlemler & Meslek","Özet Beyan, Geçici Depolama, Beyan & Basitleştirmeler",LNG basitleştirilmiş usul kodu,Olumlu kök,Belge & Prosedür,Gümrük Genel Tebliğleri,GGT (Serbest Dolaşıma Giriş) Seri No:16,Zor,,,,LNG'nin serbest dolaşıma girişinde beyannamede beyan edilecek basitleştirilmiş usul kodu soruluyor.,Deniz yoluyla sıvı halde getirilip gümrük gözetiminde gaz haline dönüştürülerek limanda boru hattına verilen LNG'nin serbest dolaşıma girişinde BS-19 kodu beyan edilir.
2025,26,D,Menşe & Tercihli Ticaret,STA & Tercihli Menşe Belgeleri,EFTA üye ülkeleri,Olumlu kök,Olgu Bilgisi,Uluslararası Anlaşmalar,,Kolay,,,,Seçeneklerden hangisinin EFTA üyesi olduğu soruluyor.,"EFTA üyeleri İsviçre, Norveç, İzlanda ve Lihtenştayn'dır; Danimarka, Finlandiya, İsveç ve İrlanda AB üyesidir."
2025,27,C,Menşe & Tercihli Ticaret,STA & Tercihli Menşe Belgeleri,A.TR düzenlenebilecek ürünler,Öncüllü (I-II-III),Kapsam & Şart,Uluslararası Anlaşmalar,2006/10895 s. Karar,Kolay,,,,2006/10895 sayılı Karara göre A.TR düzenlenebilecek ürün grupları soruluyor.,A.TR dolaşım belgesi Gümrük Birliği kapsamındaki sanayi ürünleri ve işlenmiş tarım ürünleri için düzenlenir; tarım ürünleri ve AKÇT ürünleri ticaretinde tercihli menşe belgesi (EUR.1/EUR-MED) kullanılır.
2025,28,E,Dış Ticaret Politikası & Uluslararası Ticaret,Fikri ve Sınai Haklar,Alıkonulabilecek hak ihlali eşyası,Öncüllü (I-II-III),Kapsam & Şart,Gümrük Yönetmeliği,GK md. 57,Orta,,,,FSMH hükümleri çerçevesinde gümrükçe alıkonulabilecek veya işlemi durdurulabilecek eşyalar soruluyor.,"Sahte (I) ve korsan (II) eşya, sahte marka simgeleri (III) ile hak ihlali amacıyla tasarlanmış kalıp ve matrisler (IV) alıkonulabilir; hak sahibinin izniyle üretilmiş ancak rızası dışında gümrük işlemine konu eşya (V) bu sayımda yer almaz."
2025,29,B,"Genel Hükümler, İşlemler & Meslek","Özet Beyan, Geçici Depolama, Beyan & Basitleştirmeler",Beyannameye eklenecek belgeler,Olumlu kök,Belge & Prosedür,Gümrük Yönetmeliği,,Kolay,,,,Serbest dolaşıma giriş beyannamesine eklenmesi zorunlu belge soruluyor.,"Ticari fatura, serbest dolaşıma giriş beyannamesine eklenmesi zorunlu temel belgedir; ordino, CIM/CMR ve gemi manifestosu bu kapsamda zorunlu ek belge olarak sayılmaz."
2025,30,A,Dış Ticaret Politikası & Uluslararası Ticaret,Teknik Düzenlemeler & TAREKS,İthalat denetimi tebliğleri ve kurumlar,Olumsuz kök (değildir / yanlıştır),Yetkili Merci,Dış Ticaret Mevzuatı,Ürün Güvenliği ve Denetimi Tebliğleri (2025),Orta,,,,Ürün güvenliği tebliği ile denetimden sorumlu kurum eşleştirmelerinden yanlış olanı soruluyor.,"2025/6 sayılı Çevrenin Korunması Yönünden Kontrol Altında Tutulan Kimyasalların İthalat Denetimi Tebliğinde denetim Çevre, Şehircilik ve İklim Değişikliği Bakanlığınca yapılır; Tarım ve Orman Bakanlığı eşleştirmesi yanlıştır."
2025,31,B,"İç Vergiler, Kambiyo & Fonlar","Kambiyo (32 Sayılı Karar, TCMB)",Kıymetli maden ve taş rejimi,Olumsuz kök (değildir / yanlıştır),Doğru/Yanlış Hüküm,Kambiyo & Fon Mevzuatı,32 s. Karar md. 2,Orta,,,,"32 sayılı Karar kapsamında kıymetli maden, taş ve eşyaya ilişkin söylenemeyecek ifade soruluyor.","32 sayılı Karar md. 2'ye göre kıymetli maden, taş ve eşyanın Dış Ticaret Rejimi esasları dahilinde ihracı serbesttir; kotaya tabi olduğu ifadesi yanlıştır. Yolcular 15.000 ABD dolarını aşmayan ziynet eşyasını serbestçe getirip götürebilir."
2025,32,E,Menşe & Tercihli Ticaret,STA & Tercihli Menşe Belgeleri,Malezya STA menşe belgesi reddi,Olumsuz kök (değildir / yanlıştır),Kapsam & Şart,Uluslararası Anlaşmalar,Türkiye-Malezya STA Menşe Yönetmeliği,Orta,,,,Türkiye-Malezya STA'da menşe belgesinin teknik nedenle reddini gerektirmeyen durum soruluyor.,"Zorunlu kutuların doldurulmaması, öngörülen form dışında form kullanılması, 11 no.lu kutunun onaylanmaması/yetkisiz makam onayı ve fotokopi ibrazı teknik ret nedenidir; ihracat sırasında düzenlenmeyen belgenin sonradan düzenlenmesi teknik ret nedeni değildir."
2025,33,B,Menşe & Tercihli Ticaret,STA & Tercihli Menşe Belgeleri,Anlaşma-menşe belgesi eşleştirmesi,Olumsuz kök (değildir / yanlıştır),Belge & Prosedür,Uluslararası Anlaşmalar,,Orta,,,,Tercihli ticaret anlaşması ile menşe belgesi eşleştirmelerinden yanlış olanı soruluyor.,"Form A yalnızca Genelleştirilmiş Tercihler Sistemi kapsamında kullanılır; Türkiye-Azerbaycan Tercihli Ticaret Anlaşmasında Form A kullanılmaz. Venezuela, Gürcistan ve Şili ile tercihli ticarette EUR.1 kullanılır."
2025,34,D,Menşe & Tercihli Ticaret,STA & Tercihli Menşe Belgeleri,Pan-Avrupa-Akdeniz EUR.1 belgesi,Olumsuz kök (değildir / yanlıştır),Doğru/Yanlış Hüküm,Uluslararası Anlaşmalar,Pan-Avrupa-Akdeniz Menşe Yönetmeliği,Orta,,,,Pan-Avrupa-Akdeniz kümülasyonu kapsamında EUR.1 dolaşım belgesine ilişkin yanlış bilgi soruluyor.,"Türkiye-AB arasındaki işlenmiş tarım ürünleri ticareti Gümrük Birliği kapsamında A.TR ile yapılır; EUR.1 bu amaçla kullanılmaz. EUR.1 gümrük vizesine tabidir, vizeden itibaren 4 ay geçerlidir ve belirli hallerde sonradan düzenlenebilir."
2025,35,E,Menşe & Tercihli Ticaret,Menşe Kuralları,Menşe şahadetnamesi aranmayan haller,Öncüllü (I-II-III),Kapsam & Şart,Gümrük Yönetmeliği,GY md. 205,Orta,,,,Ticaret politikası önlemine tabi eşyada GY 205 uyarınca menşe şahadetnamesi aranmayan haller soruluyor.,"GY md. 205'e göre eşyanın önlem uygulanan ülkeden doğrudan ithali, önlem/İGV/EMY uygulanan ülke menşeli olduğunun beyanı ve tercihli menşe belgesinin ibrazı hallerinin üçünde de menşe şahadetnamesi aranmaz."
2025,36,C,Menşe & Tercihli Ticaret,STA & Tercihli Menşe Belgeleri,Özbekistan TTA menşe belgesi,Olumlu kök,Belge & Prosedür,Uluslararası Anlaşmalar,,Orta,,,,Türkiye-Özbekistan tercihli ticaret anlaşmasında tercihli menşeyi ispatlayan belge soruluyor.,Türkiye-Özbekistan Tercihli Ticaret Anlaşması kapsamında eşyanın tercihli menşei EUR.1 Dolaşım Belgesi ile ispatlanır.
2025,37,C,"İç Vergiler, Kambiyo & Fonlar","Kambiyo (32 Sayılı Karar, TCMB)",Altın ithalatı kuralları,Öncüllü (I-II-III),Doğru/Yanlış Hüküm,Kambiyo & Fon Mevzuatı,32 s. Karar md. 2,Orta,,,,Kambiyo mevzuatına göre altın ithalatına ilişkin yanlış ifadeler soruluyor.,"İşlenmemiş standart altını yalnızca TCMB ve kıymetli madenler aracı kuruluşları ithal edebilir, ithalat serbest değildir (I yanlış); en az 995/1000 saflıkta bar/külçe tanımı standart altına aittir (II yanlış). 15.000 ABD doları ziynet eşyası kuralı ve DİR kapsamında standart dışı altın ithali doğrudur."
2025,38,A,Dış Ticaret Politikası & Uluslararası Ticaret,Teknik Düzenlemeler & TAREKS,TAREKS kapsamındaki ürünler,Öncüllü (I-II-III),Kapsam & Şart,Dış Ticaret Mevzuatı,,Orta,,,,İthalatta TAREKS üzerinden uygunluk denetimine tabi eşya grupları soruluyor.,"Cevap anahtarına göre verilen gruplardan yalnızca oyuncaklar ithalatta TAREKS üzerinden uygunluk denetimine tabidir; tohum-fidan, kara yolu taşıtları ve katı yakıtlar farklı kurum/sistemlerin denetimindedir."
2025,39,C,Tarife & Sınıflandırma,Tarife Sınıflandırma (GTİP),Aynı fasılda olmayan ürünler,Olumsuz kök (değildir / yanlıştır),Tarife Sınıflandırma,"Tarife Cetveli, İzahname & GYK",03. fasıl not 1(a); 01.06,Orta,,"01, 03",,Sayılan ürünlerin tümünün aynı fasılda sınıflandırılmadığı seçenek soruluyor.,"Balina ve yunus memeli olduğundan canlı halde 01.06'da (etleri 02.08'de), levrek ise 03. fasılda yer alır. Süt ürünleri ve tabii bal 04., insan saçı-kuş tüyü-fildişi 05., vanilya-tarçın-karanfil ile çay ve mate 09. fasıldadır."
2025,40,D,Tarife & Sınıflandırma,Tarife Sınıflandırma (GTİP),91. fasıl kapsamı ve istisnaları,Olumsuz kök (değildir / yanlıştır),Tarife Sınıflandırma,"Tarife Cetveli, İzahname & GYK",91. fasıl izahname genel açıklamalar,Orta,,91,,Saatler ve ilgili eşyanın sınıflandırılmasına ilişkin yanlış ifade soruluyor.,"Güneş saatleri kum saatleri gibi 91. fasılda değil, mamul oldukları maddeye göre sınıflandırılır. Müzik kutuları 92.08, zaman makinalı olmayan oyuncak saatler 95.03/95.05, antikalar 97. fasıldadır."
2025,41,E,Tarife & Sınıflandırma,Tarife Sınıflandırma (GTİP),64. fasıl ayakkabı aksamı,Olumsuz kök (değildir / yanlıştır),Tarife Sınıflandırma,"Tarife Cetveli, İzahname & GYK",64. fasıl not 2,Orta,,64,,Ayakkabıların sınıflandırılmasına ilişkin yanlış ifade soruluyor.,"64. fasıl not 2'ye göre 64.06'daki 'aksam' terimi ayakkabı bağcıkları, kopça, süs vb. eşyayı kapsamaz; bunlar kendi pozisyonlarında sınıflandırılır. Kullanılmış ayakkabı 63.09, ortopedik ayakkabı 90.21, patenli botlar 95. fasıldadır."
2025,42,B,Tarife & Sınıflandırma,Tarife Sınıflandırma (GTİP),GYK 3(b) takım eşya,Olumlu kök,Tarife Sınıflandırma,"Tarife Cetveli, İzahname & GYK",GYK 3(b),Orta,,19,,GYK 3(b) perakende takım eşya kuralının uygulandığı örnek soruluyor.,"Bir porsiyonluk makarna, rendelenmiş peynir ve sostan oluşan perakende takım, mümeyyiz vasfı veren makarnaya göre GYK 3(b) ile 19.02'de sınıflandırılır; ilk yardım çantası (30.06), çatal-kaşık-bıçak takımı (82.15) ve far-kalem seti (33.04) pozisyon metniyle (GYK 1) sınıflandırılır."
2025,43,C,Tarife & Sınıflandırma,Tarife Sınıflandırma (GTİP),Ayranın sınıflandırılması,Olumlu kök,Tarife Sınıflandırma,"Tarife Cetveli, İzahname & GYK",04.03,Kolay,,04,,Ayranın sınıflandırıldığı tarife pozisyonu soruluyor.,"Ayran, yoğurt kültürleriyle hazırlanan fermente süt ürünü olarak yoğurt ve kefirle birlikte 04.03 pozisyonunda sınıflandırılır."
2025,44,A,Tarife & Sınıflandırma,Tarife Sınıflandırma (GTİP),GTİP yapısı ve ayakkabı aksamı,Olumsuz kök (değildir / yanlıştır),Tarife Sınıflandırma,"Tarife Cetveli, İzahname & GYK",Bölüm XII; 64.06,Orta,,64,,64.06.90.90.10.00 GTİP'indeki eşya için söylenemeyecek ifade soruluyor.,"64. fasıl (ayakkabılar) Bölüm XII'de yer alır, Bölüm XI'de değil. GTİP'te 7-8. haneler KN açılımını, 9-10. haneler (10) milli açılımı gösterir; son iki hane 00 olduğundan istatistik açılım yoktur ve eşya ayakkabı aksamıdır."
2025,45,D,Tarife & Sınıflandırma,Tarife Sınıflandırma (GTİP),84. fasıl dışındaki eşya,Olumsuz kök (değildir / yanlıştır),Tarife Sınıflandırma,"Tarife Cetveli, İzahname & GYK",85.14 (8514.11),Zor,,85,,84. fasılda yer almayan eşya soruluyor.,"Sıcak izostatik presler HS 2022 ile 85.14 pozisyonunda (8514.11) sınıflandırılır; mekanik salmastralar 84.84, merkezi yağlama sistemleri 84.79, tav ocakları 84.17, volanlar 84.83'te yer alır."
2025,46,E,Tarife & Sınıflandırma,Tarife Sınıflandırma (GTİP),85. fasıl pozisyon sıralaması,Eşleştirme / Sıralama,Tarife Sınıflandırma,"Tarife Cetveli, İzahname & GYK",,Zor,,85,,85. fasılda pozisyon numarasına göre küçükten büyüğe doğru sıralanmış eşya dizisi soruluyor.,"Tıraş makinası 85.10, akıllı kart 85.23, kondansatör 85.32, röle 85.36 artan sıradadır; diğer seçeneklerde sıra bozuktur (örn. sigorta 85.36 < LED ampul 85.39, redresör 85.04, mıknatıs 85.05, pil kömürü 85.45 > kablo 85.44)."
2025,47,A,Tarife & Sınıflandırma,Tarife Sınıflandırma (GTİP),87. fasıl taşıt aksamı,Olumlu kök,Tarife Sınıflandırma,"Tarife Cetveli, İzahname & GYK",87. fasıl alt pozisyon notu 1; 8708.22,Zor,,87,,87. fasılda yer alan kara nakil vasıtası aksamı soruluyor.,"Isıtma tertibatı içeren ön camlar 87. fasıl alt pozisyon notu 1 gereği 8708.22'de yer alır; far camı 70.14, dikiz aynası 70.09, segman 84.09, hız göstergesi 90.29'da sınıflandırılır (XVII. Bölüm not 2)."
2025,48,A,Tarife & Sınıflandırma,Tarife Sınıflandırma (GTİP),99. fasıl kapsamı,Olumsuz kök (değildir / yanlıştır),Tarife Sınıflandırma,"Tarife Cetveli, İzahname & GYK",97.06; 99. fasıl,Orta,,"97, 99",,TGTC 99. fasıl eşyası olmayan seçenek soruluyor.,"Yüz yılı aşan antikalar 97.06'da sınıflandırılır; evlilik, miras, kriz/afet yardımı ve kamu kurumlarınca getirilen muaf eşya TGTC'nin milli 99. fasılında yer alır."
2025,49,B,Tarife & Sınıflandırma,Tarife Sınıflandırma (GTİP),Aroma halkasının sınıflandırılması,Olumlu kök,Tarife Sınıflandırma,"Tarife Cetveli, İzahname & GYK",33.07; 33. fasıl not 4; GYK 1 ve 6,Zor,,33,,"Su şişesine takılan, aroma emdirilmiş plastik halkanın tarife pozisyonu soruluyor.","İçeceğe değil solunan havaya koku veren, perakende ambalajlı aroma halkası diğer parfümeri müstahzarı olarak 33.07'de (3307.90) sınıflandırılır; içeceğe aroma vermediğinden 33.02 ve esas niteliği koku maddesi olduğundan 39. fasıl dışlanır."
2025,50,E,Tarife & Sınıflandırma,Tarife Sınıflandırma (GTİP),09.09 baharat kapsamı,Olumsuz kök (değildir / yanlıştır),Tarife Sınıflandırma,"Tarife Cetveli, İzahname & GYK",09.09; 09.10,Kolay,,09,,09.09 pozisyonunda sınıflandırılmayan baharat soruluyor.,"09.09 anason, badyan, rezene, kişniş, kimyon, karaviya ve ardıç tohumlarını kapsar; zencefil 09.10 pozisyonundadır."
2025,51,E,Tarife & Sınıflandırma,Tarife Sınıflandırma (GTİP),11. fasıl değirmencilik ürünleri,Olumlu kök,Tarife Sınıflandırma,"Tarife Cetveli, İzahname & GYK",11.01,Orta,,11,,11. fasılda yer alan eşya soruluyor.,"Mahlut (buğday-çavdar karışımı) unu 11.01'dedir; kahve yerine kullanılan kavrulmuş malt 21.01, hububat kapçıkları 12.13, tapyoka 19.03, değirmencilik kalıntıları (kepek vb.) 23.02'de sınıflandırılır."
2025,52,D,Tarife & Sınıflandırma,Tarife Sınıflandırma (GTİP),24.04 yanmadan solunan ürünler,Olumsuz kök (değildir / yanlıştır),Tarife Sınıflandırma,"Tarife Cetveli, İzahname & GYK",24. fasıl not 3; 24.04,Orta,,24,,24.04 pozisyonunda sınıflandırılmayan ürün soruluyor.,"24.04 yanma olmaksızın solunması amaçlanan tütün/nikotin veya ikamelerini içeren ürünleri kapsar; yanmayı takiben solunması amaçlanan ürünler (sigara, puro, kıyılmış tütün vb.) 24.02 veya 24.03'te yer alır."
2025,53,B,Tarife & Sınıflandırma,Tarife Mevzuatı & BTB,Cumhurbaşkanının vergi oranı yetkisi,Olumlu kök,Kapsam & Şart,"Tarife Cetveli, İzahname & GYK",474 s. Kanun md. 2,Kolay,,,,474 sayılı Kanuna göre Cumhurbaşkanının gümrük vergisi oranlarını değiştirme yetkisi soruluyor.,"474 sayılı Kanun uyarınca Cumhurbaşkanı gümrük vergisi oranlarını 50'ye kadar yükseltmeye, sıfıra kadar indirmeye veya cetveldeki had ve nispetleri %50'sine kadar artırmaya yetkilidir."
2025,54,C,Tarife & Sınıflandırma,Tarife Sınıflandırma (GTİP),Ahtapotun sınıflandırılması,Olumlu kök,Tarife Sınıflandırma,"Tarife Cetveli, İzahname & GYK",03.07,Kolay,,03,,Ahtapotların yer aldığı tarife pozisyonu soruluyor.,"Ahtapotlar yumuşakçalar olarak 03.07 pozisyonunda yer alır (03.06 kabuklular, 03.08 suda yaşayan diğer omurgasızlar)."
2025,55,B,Tarife & Sınıflandırma,Tarife Sınıflandırma (GTİP),40. fasıl kauçuk eşya,Olumlu kök,Tarife Sınıflandırma,"Tarife Cetveli, İzahname & GYK",40.11,Kolay,,40,,40. fasılda yer alan eşya soruluyor.,"Uçaklarda kullanılan kauçuktan yeni dış lastikler 40.11'dedir; banyo başlığı 65.06, sandalye 94.01, oyuncak bebek 95.03, lamba gövdesi 94.05'te sınıflandırılır."
2025,56,B,"Genel Hükümler, İşlemler & Meslek","Gemi-Uçak, İhrakiye & Kumanya",Seferin devamı sayılan haller,Olumsuz kök (değildir / yanlıştır),Doğru/Yanlış Hüküm,Gümrük Yönetmeliği,GY md. 482,Orta,,,,GY 482'ye göre seferin devamı sayılan hallere ilişkin yanlış ifade soruluyor.,Yurt dışı seferden dönüp yükünü boşaltan geminin ihraç yükü almak üzere boş veya kısmen yüklü olarak diğer Türk limanlarına hareketi dış seferin devamı sayılır; düzenli seferlerde son Türk limanındaki üç aya kadar bekleme de seferin devamıdır.
2025,57,D,Gümrük Rejimleri,İhracat Rejimi (Gümrük İşlemleri),Basitleştirilmiş usulle ihracata giriş,Olumlu kök,Kapsam & Şart,Gümrük Yönetmeliği,,Zor,,,,Hangi rejime tabi eşyanın ihracat rejimine girişinin basitleştirilmiş usulle yapılabileceği soruluyor.,"Hariçte işleme ve antrepo rejimi dışındaki ekonomik etkili rejimlere (DİR, GKAİ, geçici ithalat) tabi eşyanın ihracat rejimine girişi basitleştirilmiş usullerle gerçekleştirilebilir; seçeneklerden bu koşulu sağlayan geçici ithalattır."
2025,58,B,Dış Ticaret Politikası & Uluslararası Ticaret,İhracat Mevzuatı (Dış Ticaret),Serbest bölgelere ihracat,Boşluk doldurma,Kapsam & Şart,Dış Ticaret Mevzuatı,İhracat Yönetmeliği,Kolay,,,,Serbest bölgelere yapılacak ihracatın tabi olduğu mevzuat ve saklı tutulan rejim soruluyor.,"Serbest bölgelere yapılacak ihracat ihracat mevzuatı hükümlerine tabidir; ancak Dahilde İşleme Rejimi, KDV ve Türk Eximbank uygulamalarına ilişkin mevzuat hükümleri saklıdır."
2025,59,C,"İç Vergiler, Kambiyo & Fonlar","Kambiyo (32 Sayılı Karar, TCMB)",Yolcu beraberi Türk parası çıkışı,Boşluk doldurma,Sayısal (süre-oran-tutar),Kambiyo & Fon Mevzuatı,Tebliğ No: 2008-32/34,Orta,,,185.000 TL,Yolcu beraberi Türk parası çıkışında beyan sınırı ve kullanılacak form soruluyor.,Yolcu beraberinde 185.000 TL'yi aşan Türk parası ve Türk parası ile ödemeyi sağlayan belge çıkışında Ticaret Bakanlığınca yayımlanan nakit beyan formu ile gümrüğe beyanda bulunulur.
2025,60,A,Dış Ticaret Politikası & Uluslararası Ticaret,İhracat Mevzuatı (Dış Ticaret),Konsinye ihracat,Öncüllü (I-II-III),Doğru/Yanlış Hüküm,Dış Ticaret Mevzuatı,İhracat Yönetmeliği,Orta,,,,İhracat Yönetmeliğine göre konsinye ihracata ilişkin doğru ifadeler soruluyor.,"Cevap anahtarına göre yalnız I ve III doğrudur: konsinye ihracat başvuruları İhracatçı Birlikleri Genel Sekreterliğine yapılır ve mal ihraç tarihinden itibaren bir yıl içinde kesin satışa bağlanır; II, IV ve V'deki süre, merci ve kapsam ifadeleri yanlıştır."
2025,61,D,Dış Ticaret Politikası & Uluslararası Ticaret,İhracat Mevzuatı (Dış Ticaret),Ön izne bağlı ihraç malları,Olumlu kök,Kapsam & Şart,Dış Ticaret Mevzuatı,İhracat 96/31 Tebliği ekli listeler,Orta,,,,96/31 Tebliğine göre ihracı kamu kurumu ön iznine bağlı mal soruluyor.,96/31 Tebliğine göre afyon ve haşhaş kellesinin ihracı ilgili kamu kurumunun ön iznine bağlıdır; diğer seçenekler ön izin listesinde yer almaz.
2025,62,B,"İç Vergiler, Kambiyo & Fonlar","Kambiyo (32 Sayılı Karar, TCMB)",İhracat bedellerinin yurda getirilmesi,Olumlu kök,Hesaplama,Kambiyo & Fon Mevzuatı,TCMB İhracat Genelgesi,Orta,Diğer,,290 gün,200 gün vadeli ihracatta bedelin azami kaç gün içinde yurda getirileceği soruluyor.,Vadeli ihracatta bedeller vade tarihinden itibaren 90 gün içinde yurda getirilmelidir: 200 gün vade + 90 gün = fiili ihracattan itibaren azami 290 gün.
2025,63,B,Gümrük Rejimleri,Dahilde İşleme Rejimi,Telafi edici vergi,Öncüllü (I-II-III),Doğru/Yanlış Hüküm,Gümrük Genel Tebliğleri,DİR Tebliği (İhracat: 2006/12) TEV hükümleri,Zor,,,,DİR kapsamında telafi edici vergiye ilişkin yanlış ifade soruluyor.,TEV bir ithalat vergisidir; yükümlülük ihracat beyannamesinin tescilinde başlar ve ihracat beyannamesinin tescil tarihindeki vergi oranı ve unsurlarına göre hesaplanır (IV yanlış); önceden ihracatta TEV karşılık gelen ithalat sırasında ödenir.
2025,64,D,Gümrük Rejimleri,Dahilde İşleme Rejimi,DİR izin belgesi süreleri,Öncüllü (I-II-III),Doğru/Yanlış Hüküm,Gümrük Genel Tebliğleri,DİR Tebliği (İhracat: 2006/12),Orta,,,,Dahilde işleme rejiminde izin sürelerine ilişkin doğru ifadeler soruluyor.,"İzin süresi işleme ve ürünlerin elden çıkarılmasına yeterli belirlenir, izin tarihinden başlar, ithalat ve ihracatlar izin süresi içinde yapılmalıdır ve haklı gerekçeyle ek süre verilebilir; süre bitiminin rastladığı ayın ilk günü sona erdiği ifadesi (III) yanlıştır."
2025,65,A,Gümrük Rejimleri,Transit Rejimi & TIR,Transit teminatı ve izinler,Olumsuz kök (değildir / yanlıştır),Doğru/Yanlış Hüküm,Gümrük Genel Tebliğleri,Transit Rejimi Tebliği (Seri No:4),Orta,,,,Transit Tebliğine (Seri No:4) göre transit rejimine ilişkin yanlış ifade soruluyor.,Ulusal transit için Bakanlıkça verilen kapsamlı teminat kullanma izni kapsamındaki teminatlar ortak transit işlemlerinde kullanılamaz; teminattan vazgeçme izni GGM'ce verilir ve bireysel teminatta teminat idaresi hareket idaresidir.
2025,66,C,Gümrük Rejimleri,Transit Rejimi & TIR,Transit rejiminde basitleştirmeler,Öncüllü (I-II-III),Kapsam & Şart,Gümrük Yönetmeliği,,Orta,,,,Gümrük Yönetmeliğine göre transit rejimindeki basitleştirmeler soruluyor.,"Cevap anahtarına göre kapsamlı teminat, izinli gönderici yetkisi ve belirli taşıma şekillerine özgü basitleştirmeler GY'deki transit basitleştirmeleri arasındadır; 'elektronik taşıma belgesi ile taşıma' sayılmamıştır."
2025,67,C,Gümrük Rejimleri,Transit Rejimi & TIR,Transitte telef ve kayıp belgeleri,Öncüllü (I-II-III),Belge & Prosedür,Gümrük Yönetmeliği,,Orta,,,,Transit eşyasının mücbir sebeple telef veya kaybını kanıtlayan belgeler soruluyor.,Cevap anahtarına göre GY'de transit eşyasının telef veya kaybını kanıtlayan belgeler arasında suçüstü hırsızlıkta Cumhuriyet Savcılığınca verilen belge (I) ile herkesçe bilinen olaylarda o yerin en büyük mülki idare amirince verilen belge (II) sayılmıştır; trafik kaza raporu (III) bu belgeler arasında yer almaz.
2025,68,B,Gümrük Rejimleri,Transit Rejimi & TIR,Transit beyanının verilmesi,Öncüllü (I-II-III),Belge & Prosedür,Gümrük Genel Tebliğleri,Transit Rejimi Tebliği (Seri No:4),Orta,,,,Transit Tebliğine göre transit beyanına ilişkin doğru ifadeler soruluyor.,"Transit beyanı Türkçe yapılır, sistem üzerinden e-imzalı gönderilir ve her beyan tek hareket idaresinden tek varış idaresine, tek taşıta yüklü eşyayı kapsar (I, IV). Cevap anahtarına göre ulusal transitte T1/T2 sembolü kullanımı (II) ve III'teki süre ifadesi yanlıştır."
2025,69,A,Gümrük Rejimleri,Transit Rejimi & TIR,Gümrük Kanununda transit rejimi,Öncüllü (I-II-III),Doğru/Yanlış Hüküm,4458 Gümrük Kanunu,GK md. 84 vd.,Orta,,,,Gümrük Kanununa göre transit rejimine ilişkin doğru ifadeler soruluyor.,"Serbest dolaşıma girmemiş veya ihracat işlemleri tamamlanmış eşya gümrük gözetiminde transitle taşınır ve belgelerin karşılaştırılmasıyla rejim ibra edilir (I, II). Rejim eşya ve belgeler varış idaresine sunulduğunda sona erer (III yanlış); transit eşyası antrepoda bekletilebilir veya aktarılabilir (IV yanlış)."
2025,70,E,Gümrük Rejimleri,Transit Rejimi & TIR,Transit basitleştirme başvuru kriterleri,Öncüllü (I-II-III),Kapsam & Şart,Gümrük Yönetmeliği,,Orta,,,,Transit rejiminde basitleştirme başvurusunda dikkate alınan kriterler soruluyor.,"Transit basitleştirme başvurusunda firmaya tatbik edilen cezaların belirli oranı, transit rejimini kullanma sıklığı ve TGB'de yerleşik olma dikkate alınır; firmanın finansal büyüklüğü kriter değildir."
2025,71,A,Gümrük Rejimleri,Transit Rejimi & TIR,TIR Sözleşmesi taraf ülkeler,Olumsuz kök (değildir / yanlıştır),Olgu Bilgisi,Uluslararası Anlaşmalar,,Orta,,,,TIR Sözleşmesine taraf olmayan ülke soruluyor.,"Libya TIR Sözleşmesine taraf değildir; Gürcistan, Birleşik Arap Emirlikleri, Rusya Federasyonu ve Ürdün taraf ülkelerdir."
2025,72,D,Gümrük Rejimleri,Transit Rejimi & TIR,Süresi biten TIR karnesi,Olumlu kök,Belge & Prosedür,Uluslararası Anlaşmalar,TIR Sözleşmesi,Orta,,,,Geçerlilik süresinin bitiş günü hareket idaresine ibraz edilen TIR karnesine yapılacak işlem soruluyor.,Geçerlilik süresinin son günü hareket gümrüğüne ibraz edilen TIR karnesi kabul edilir ve taşıma varış gümrüğünde tamamlanıncaya kadar geçerli kalır; varış gümrük idaresine sevk edilir.
2025,73,C,"Genel Hükümler, İşlemler & Meslek","Muafiyetler (2009/15481, Geri Gelen Eşya)",Kullanılmış ev eşyası muafiyeti,Olumsuz kök (değildir / yanlıştır),Doğru/Yanlış Hüküm,2009/15481 Karar,,Orta,,,,Yerleşim yerini TGB'ye nakledenlerin ev eşyası muafiyetine ilişkin yanlış ifade soruluyor.,"Ev eşyası muafiyeti en az 24 ay yurt dışında ikamet edip yerleşim yerini TGB'ye nakleden gerçek kişilere tanınır; cevap anahtarına göre miras yoluyla intikal eden eşya bu muafiyet kapsamında değil, Kararın ayrı miras hükümlerinde düzenlenmiştir (C yanlış)."
2025,74,E,"Genel Hükümler, İşlemler & Meslek","Muafiyetler (2009/15481, Geri Gelen Eşya)",Evlilik hediyelerinde muafiyet limitleri,Boşluk doldurma,Sayısal (süre-oran-tutar),2009/15481 Karar,,Orta,,,430 Avro / 3.000 Avro,Evlilik nedeniyle gönderilen hediyelerde muafiyet limitleri soruluyor.,"Evlilik nedeniyle yerleşim yeri yabancı ülkede olanlarca gönderilen, ticari mahiyette olmayan hediyelere her biri 430 Avro ve toplam 3.000 Avro'yu aşmamak kaydıyla muafiyet tanınır."
2025,75,E,"Genel Hükümler, İşlemler & Meslek","Muafiyetler (2009/15481, Geri Gelen Eşya)",2009/15481 çeşitli muafiyetler,Olumsuz kök (değildir / yanlıştır),Doğru/Yanlış Hüküm,2009/15481 Karar,,Orta,,,,2009/15481 sayılı Karara ilişkin yanlış ifade soruluyor.,"Kamu kurumları, hayır ve insani yardım kurumlarınca ticari amaç güdülmeden serbest dolaşıma sokulan eşyaya tanınan muafiyet binek otomobilleri kapsamaz; numune, test artığı, basılı yayın ve TÜBİTAK projesi eşyasına ilişkin ifadeler doğrudur."
2025,76,E,"Genel Hükümler, İşlemler & Meslek","Muafiyetler (2009/15481, Geri Gelen Eşya)",Yolcu beraberi kişisel eşya listesi,Olumlu kök,Sayısal (süre-oran-tutar),2009/15481 Karar,2009/15481 Karar Yolcu Beraberi Kişisel Eşya Listesi,Orta,,,5 adet,Yolcu beraberi kişisel eşya listesine göre muafiyet kapsamındaki eşya soruluyor.,"Yolcu beraberi kişisel eşya listesinde her cinsten 5 adet olmak üzere cilt bakım ürünü ve makyaj malzemesi muafiyet kapsamındadır; diğer seçeneklerdeki çay, pipo tütünü, alkollü içki ve müzik aleti miktarları liste limitlerini aşar."
2025,77,B,"Genel Hükümler, İşlemler & Meslek",Posta & Hızlı Kargo,Posta-hızlı kargoda tek ve maktu vergi,Boşluk doldurma,Sayısal (süre-oran-tutar),2009/15481 Karar,,Orta,,,30 Avro; %30; %20,AB'den posta/hızlı kargo ile gelen eşyada kıymet sınırı ve tek ve maktu vergi oranları soruluyor.,"AB'den posta/hızlı kargo ile gerçek kişiye gelen, kıymeti 30 Avro'yu geçmeyen ticari olmayan eşyaya (ilaç ve kitap hariç) %30, ÖTV (IV) sayılı listedeki eşya için ilave %20 tek ve maktu vergi uygulanır."
2025,78,C,Gümrük Rejimleri,Antrepo Rejimi,İzinle antrepoya konulacak eşya,Olumsuz kök (değildir / yanlıştır),Kapsam & Şart,Gümrük Yönetmeliği,,Orta,,,,Bölge müdürlüğü izniyle antrepoya konulabilecek eşyalardan olmayan seçenek soruluyor.,"Başka ülke ürünü izlenimi veren isim taşıyan eşya, tasfiyelik eşya, transiti yasak yabancı ülke eşyası ve yoklamada fazla çıkan eşya bölge müdürlüğü izniyle antrepoya konulabilir; alıcısı emre olan eşya bu izne tabi eşya arasında sayılmaz."
2025,79,B,"Genel Hükümler, İşlemler & Meslek",Serbest Bölge & Gümrüksüz Satış,Gümrüksüz satışta tek işletmeci,Olumsuz kök (değildir / yanlıştır),Vaka / Senaryo,Dış Ticaret Mevzuatı,Gümrüksüz Satış Mağazaları Yönetmeliği,Zor,,,,Gümrüksüz satış mağazalarında tek işletmeci kuralına göre yanlış ifade soruluyor.,"Tek işletmeci kuralı gereği tütün ürünleri ve alkollü içkiler yalnızca tek işletmeci (X) tarafından satılabilir; alt işletmeci (Y) bunları satamaz, parfüm gibi diğer ürünleri satabilir."
2025,80,D,"Vergi Alacağı, Ceza & Kaçakçılık",İdari Para Cezaları & Uzlaşma,GY 82 no.lu ek usulsüzlükleri,Olumsuz kök (değildir / yanlıştır),Kapsam & Şart,Gümrük Yönetmeliği,GK md. 241/1; GY 82 no.lu ek,Zor,,,,GY 82 no.lu ekte sayılan GK 241/1 usulsüzlük cezalarından olmayan fiil soruluyor.,"Cevap anahtarına göre antrepodaki eşyanın izinsiz elleçlenmesi GY 82 no.lu ekteki GK 241/1 usulsüzlükleri arasında değildir; farklı GTİP beyanı, götürü teminatın güncellenmemesi, düzensiz depolama ve yeni beyanname verilmeden yeniden devir ekte yer alır."
2025,81,C,Gümrük Rejimleri,Antrepo Rejimi,Özel antrepoda eşya devri,Boşluk doldurma,Sayısal (süre-oran-tutar),Gümrük Yönetmeliği,GK md. 241/1,Orta,,,5 iş günü,"Antrepoda eşya devrine ilişkin antrepo tipi, süre ve uygulanacak ceza soruluyor.","Özel antrepodaki eşyanın devri, devri müteakip 5 iş günü içinde gümrükçe onaylanmış yeni bir işlemle antrepodan çıkarılması şartıyla kabul edilir; aşılan her gün için antrepo işleticisi ve devralana ayrı ayrı GK 241/1 uyarınca ceza uygulanır."
2025,82,E,Gümrük Rejimleri,Antrepo Rejimi,Antrepo götürü teminatı,Olumsuz kök (değildir / yanlıştır),Doğru/Yanlış Hüküm,Gümrük Yönetmeliği,,Zor,,,,Antrepo işleticilerinin götürü teminatına ilişkin yanlış ifade soruluyor.,Antrepo götürü teminatına ilişkin işlemler ilgili gümrük müdürlüğünce değil gümrük ve dış ticaret bölge müdürlüğünce sonuçlandırılır; hesaplanan teminatın 40.000.000 TL'yi aşan kısmı dikkate alınmaz ve yaygın götürü teminat için 4 antrepo yetmez.
2025,83,B,Gümrük Rejimleri,Antrepo Rejimi,Geçici depolama-antrepo eşleştirmeleri,Eşleştirme / Sıralama,Doğru/Yanlış Hüküm,Gümrük Yönetmeliği,,Zor,,,,Geçici depolama yeri ve antrepo işlemlerine ilişkin tablo eşleştirmelerinden doğru olanlar soruluyor.,Yalnız II doğrudur: akaryakıt antreposuna tank ilavesi talebi Bakanlıkça sonuçlandırılır. Geçici depolama yerinde elleçleme yapılabilir (III yanlış); cevap anahtarına göre I'deki merci eşleştirmesi (Gümrük Müdürlüğü) ile IV'teki 'hafif kusurda bir ay süre verilip bu sürede eşya girişine izin verilmesi' eşleştirmesi de yanlıştır.
2025,84,B,"Vergi Alacağı, Ceza & Kaçakçılık",Kaçakçılık (5607),Kaçakçılık suçu sayılan fiiller,Olumsuz kök (değildir / yanlıştır),Kapsam & Şart,5607 Kaçakçılık Kanunu,5607 s. K. md. 3,Zor,,,,5607 sayılı Kanunda kaçakçılık suçu olarak tanımlanmayan fiil soruluyor.,"Cevap anahtarına göre teknik düzenlemesine uygun olmayan etil alkolün yalnızca 'bulundurulması' 5607'de kaçakçılık suçu olarak tanımlanmamıştır; yetki belgesiz tütün ticareti, sigara kâğıdına tütün doldurup satmak ve bandrole ilişkin fiiller suç olarak düzenlenmiştir."
2025,85,A,"Vergi Alacağı, Ceza & Kaçakçılık",Kaçakçılık (5607),Elkonulan taşıtın alıkonulması,Öncüllü (I-II-III),Kapsam & Şart,5607 Kaçakçılık Kanunu,5607 s. K. md. 10/2,Zor,,,,Kaçakçılıkta elkonulan taşıtın alıkonulması için gerçekleşmesi gereken koşul soruluyor.,Cevap anahtarına göre elkonulan taşıtın elkoyan mercilerce alıkonulması için verilenlerden yalnızca soruşturma/kovuşturma devam ederken taşıtın kaçakçılık suçunun işlenmesinde tekrar kullanılması (I) koşulu aranır; II'deki (kaçak eşyanın yükün tamamı/ağırlıklı bölümü olması) ve III'teki (yasak veya zararlı eşya) koşullar alıkoyma koşulu olarak sayılmamıştır.
2025,86,A,Gümrük Rejimleri,Gümrük Kontrolü Altında İşleme,GKAİ'de vergilendirme unsurları,Olumlu kök,Doğru/Yanlış Hüküm,Gümrük Yönetmeliği,,Orta,,,,GKAİ'de değişmemiş eşya veya ara ürün için yükümlülük doğduğunda vergilendirme esası soruluyor.,"GKAİ'de değişmemiş eşya veya ara aşamadaki ürünlere ilişkin yükümlülük doğduğunda vergiler, ithal eşyasının GKAİ rejimine tabi tutulduğu beyannamenin tescili tarihindeki vergi oranı ve unsurlarına göre hesaplanır."
2025,87,C,Gümrük Rejimleri,Geçici İthalat,Gİ eşyasının serbest dolaşıma girişi,Öncüllü (I-II-III),Doğru/Yanlış Hüküm,4458 Gümrük Kanunu,GK md. 134,Orta,,,,Geçici ithal eşyanın serbest dolaşıma girişinde uygulanacak vergi unsurlarına ilişkin doğru ifadeler soruluyor.,"Kısmi muafiyetle geçici ithal edilen eşya serbest dolaşıma girdiğinde vergiler geçici ithalat beyannamesinin tescil tarihindeki unsurlara (I), tam muafiyetlide ise kati ithalat beyannamesinin tescil tarihindeki unsurlara (II) göre tespit edilir; III yanlıştır."
2025,88,C,Gümrük Rejimleri,Geçici İthalat,Kısmi muafiyetli Gİ'nin kati ithalatı,Olumlu kök,Vaka / Senaryo,4458 Gümrük Kanunu,GK md. 134; GK md. 207,Orta,,,,Kısmi muafiyetli geçici ithalatın kati ithalata dönüşünde vergi oranı tarihi ve faiz uygulaması soruluyor.,Kısmi muafiyetle geçici ithal edilen eşya serbest dolaşıma girdiğinde vergiler geçici ithalat beyannamesinin tescil tarihindeki (01.01.2025) unsurlara göre hesaplanır ve bu tarihten başlayarak gecikme zammı oranında faiz tahsil edilir.
2025,89,D,Gümrük Rejimleri,Hariçte İşleme,Standart değişim sistemi,Olumlu kök,Tanım / Kavram,4458 Gümrük Kanunu,GK md. 144-148,Kolay,,,,Tamir süresince yerine kullanılmak üzere eşya ithaline imkan veren usul soruluyor.,"Tamir amacıyla yurt dışına gönderilen eşyanın yerine yedek (ikame) eşyanın ithaline imkan veren usul, hariçte işleme rejimindeki standart değişim sistemidir (GK 144-148)."
2025,90,D,"Genel Hükümler, İşlemler & Meslek",YYS & Onaylanmış Kişi,YYS askıya alma halleri,Olumsuz kök (değildir / yanlıştır),Kapsam & Şart,Kolaylaştırma Yönetmeliği,,Orta,,,,Yetkilendirilmiş yükümlü sertifikasının askıya alınmasını gerektirmeyen durum soruluyor.,"Sertifikanın sahte belgelere dayanılarak verildiğinin anlaşılması askıya alma değil iptal nedenidir; kesinleşmiş borcun ödenmemesi, unvan değişikliği başvurusunun yapılmaması, yasak eşya taşınması ve ISO belgelerinin ibraz edilmemesi askıya alma nedenidir."
2025,91,B,"Genel Hükümler, İşlemler & Meslek",YYS & Onaylanmış Kişi,OKS dış ticaret performans kriteri,Olumlu kök,Sayısal (süre-oran-tutar),Gümrük Yönetmeliği,,Zor,,,2 milyon / 4 milyon FOB ABD doları,Onaylanmış kişi statü belgesi için dış ticaret performans kriterine ilişkin doğru ifade soruluyor.,"Cevap anahtarına göre OKS performans kriteri, YGM ön inceleme sözleşmesinden geriye iki yıldaki on iki aylık iki dönemin her birinde en az 2 milyon FOB/ABD doları fiili ihracattır; 2 ve 4 milyon dolarlık ihracat bu şartı karşılar."
2025,92,D,"Genel Hükümler, İşlemler & Meslek",YYS & Onaylanmış Kişi,YYS yerinde gümrükleme koşulları,Olumsuz kök (değildir / yanlıştır),Kapsam & Şart,Kolaylaştırma Yönetmeliği,,Orta,,,,YYS sahiplerinin ithalatta yerinde gümrükleme izni için ek koşullarına ilişkin yanlış ifade soruluyor.,"Cevap anahtarına göre ithalatta yerinde gümrükleme için YYS-I statüsü, imalatçı olma, tartım düzeneği ile depolama-boşaltma-muayene donanımı aranır; yüz bin avro teminat verilmesi ek koşullar arasında yoktur."
2025,93,A,"Vergi Alacağı, Ceza & Kaçakçılık",Gümrük Yükümlülüğü & Teminat,Teminat mektupları,Olumsuz kök (değildir / yanlıştır),Doğru/Yanlış Hüküm,Gümrük Yönetmeliği,,Orta,,,,Gümrük Yönetmeliğine göre teminata ilişkin yanlış ifade soruluyor.,Gümrük işlemlerinde teminat olarak bankalarca verilen süresiz teminat mektupları kabul edilir; A'daki 'süreli' ifadesi yanlıştır. Toplu teminat takip edilebilirse diğer idarelerde de geçerlidir ve yükümlülüğe ilişkin süre bitiminden 20 gün önce tebligat yapılır.
2025,94,B,"Vergi Alacağı, Ceza & Kaçakçılık",Geri Verme / Kaldırma,Uluslararası anlaşmayla geri verme süresi,Olumlu kök,Sayısal (süre-oran-tutar),4458 Gümrük Kanunu,GK md. 214,Orta,,,1 yıl,Uluslararası anlaşma hükümleri çerçevesinde geri verme için başvuru süresi soruluyor.,"Türkiye'nin taraf olduğu uluslararası anlaşmalar çerçevesinde geri verme, gümrük vergilerinin yükümlüye tebliğinden itibaren 1 yıl içinde ilgili gümrük idaresine başvuru üzerine yapılır."
2025,95,A,"Vergi Alacağı, Ceza & Kaçakçılık","Tahakkuk, Tahsil & Zamanaşımı",Noksan alınan vergilerin ödeme süresi,Olumlu kök,Sayısal (süre-oran-tutar),4458 Gümrük Kanunu,GK md. 198,Orta,,,15 gün,Sonradan tebliğ edilen noksan gümrük vergilerinin ödeme süresine ilişkin doğru ifade soruluyor.,"Noksan alındığı tespit edilip yükümlüye tebliğ edilen gümrük vergileri tebliğ tarihinden itibaren 15 gün içinde ödenir. Cevap anahtarına göre diğer seçeneklerdeki ifadeler Kanuna uygun değildir: süre uzatımı (teminatla 3 ay / teminatsız 30 gün), tecil faizi alınmaması ve kalan kısmın 6 ayda ödenmesi."
2025,96,A,Dış Ticaret Politikası & Uluslararası Ticaret,"Uluslararası Ticaret, DTÖ & 1/95",Gümrük Birliği INF bilgi formları,Eşleştirme / Sıralama,Belge & Prosedür,Uluslararası Anlaşmalar,2006/10895 s. Karar,Zor,,,,2006/10895 sayılı Karardaki INF bilgi formlarının tanımlara göre doğru sıralaması soruluyor.,"INF 3 geri gelen eşyanın muafiyeti için ihracatçı gümrük idaresince, INF 2 hariçte işlemede üçgen trafik için, INF 4 tedarikçi beyanının doğruluğunun kontrolü için düzenlenen bilgi formudur."
2025,97,B,Menşe & Tercihli Ticaret,STA & Tercihli Menşe Belgeleri,STA bulunmayan ülke,Olumsuz kök (değildir / yanlıştır),Olgu Bilgisi,Uluslararası Anlaşmalar,,Orta,,,,Türkiye ile yürürlükte serbest ticaret anlaşması bulunmayan ülke soruluyor.,"Türkiye'nin Uruguay ile yürürlükte STA'sı yoktur; Faroe Adaları, Morityus, Singapur ve Şili ile STA'lar yürürlüktedir."
2025,98,E,"Genel Hükümler, İşlemler & Meslek",Yetkilendirilmiş Gümrük Müşavirliği,YGM tespit işlemi kodları,Olumsuz kök (değildir / yanlıştır),Olgu Bilgisi,Gümrük Genel Tebliğleri,YGM Tebliği,Zor,,,,YGM tespit işlemi kodu ile içerik eşleştirmelerinden yanlış olanı soruluyor.,"Cevap anahtarına göre DR2 tespit işlemi, DİR izni kapsamında ithal edilen eşyanın kıymetinin tespitine ilişkin değildir. AN4 (antrepo adres değişikliği başvurusunun ön incelemesi), AN7 (altışar aylık stok tespiti), GK1 (GKAİ ibra tespiti) ve NK1 (nihai kullanım tespiti) eşleştirmeleri doğrudur."
2025,99,D,"Genel Hükümler, İşlemler & Meslek",Gümrük Müşavirliği & Asgari Ücret,Asgari ücret tarifesinde birden fazla rejim,Olumlu kök,Kapsam & Şart,Gümrük Genel Tebliğleri,Asgari Ücret Tarifesi Tebliği,Kolay,,,,Aynı beyannamede birden fazla rejim bulunduğunda uygulanacak asgari ücret soruluyor.,Aynı beyannamede Asgari Ücret Tarifesi Tablosunda yer alan birden fazla rejim bulunması halinde tarifedeki yüksek ücret uygulanır.
2025,100,A,"Genel Hükümler, İşlemler & Meslek",Yetkilendirilmiş Gümrük Müşavirliği,Antrepo tespitlerinde aynı YGM şartı,Olumlu kök,Kapsam & Şart,Gümrük Genel Tebliğleri,YGM Tebliği,Zor,,,,Genel ve özel antrepolarda aynı YGM'ce yapılması zorunlu tespit işlemleri soruluyor.,"Genel antrepolarda AN7, AN8 ve AN9; özel antrepolarda AN6, AN7 ve AN9 tespit işlemlerinin aynı YGM tarafından yapılması zorunludur; diğer tespitler için yükümlü aynı veya başka bir YGM ile sözleşme yapabilir."
