Yıl,Soru No,Doğru Cevap,Bölüm,Konu Grubu,Konu,Alt Konu,Soru Kalıbı,Soru Tipi,Mevzuat,Zorluk,Soru Özeti,Öğrenilecek Bilgi
2021,1,D,Türkçe,Türkçe,Paragraf,Düşünceyi geliştirme yolları,Olumlu kök,Yorum / Çıkarım,—,Kolay,Fındık üretimine ilişkin metinde belirgin biçimde kullanılan düşünceyi geliştirme yolu soruluyor.,"Metinde düşünce oran, miktar ve yıllara ait rakamlarla desteklendiği için 'sayısal verilerden yararlanma' yolu kullanılmıştır."
2021,2,E,Türkçe,Türkçe,Sözcükte Anlam / Deyim,Sözcükte gerçek anlam,Olumlu kök,Dil Kuralı,—,Kolay,Altı çizili sözcüklerden hangisinin gerçek anlamıyla kullanıldığı soruluyor.,"'Ağacın dalları' ifadesindeki 'dal' gerçek anlamdadır; yıldız (ünlü sporcu), yüreksiz (korkak), ağaç denizi (çokluk) ve keçi (inatçı) mecaz anlamdadır."
2021,3,C,Türkçe,Türkçe,Yazım & Noktalama,-ki eki ve ki bağlacının yazımı,Olumlu kök,Dil Kuralı,—,Kolay,Hangi cümlede -ki eki veya ki bağlacıyla ilgili yazım yanlışı yapıldığı soruluyor.,Bulunma ekinden (-de) sonra gelen sıfat yapan -ki eki bitişik yazılır; 'gerisinde ki' yerine 'gerisindeki' yazılmalıdır.
2021,4,B,Türkçe,Türkçe,Dil Bilgisi,Gizli özne,Olumlu kök,Dil Kuralı,—,Orta,Öznesi cümlede yazılmayıp yüklemdeki kişi ekinden anlaşılan cümle soruluyor.,'Satın almadım' yüklemindeki birinci tekil kişi eki öznenin 'ben' olduğunu gösterir; özne cümlede yazılmadığı için gizli öznedir (edilgen cümlelerdeki özne ise sözde öznedir).
2021,5,A,Türkçe,Türkçe,Dil Bilgisi,Fiilden isim yapım eki,Olumlu kök,Dil Kuralı,—,Orta,Hangi sözcüğün fiil köküne ek alarak isim (ad) olduğu soruluyor.,"'Güleç' sözcüğü 'gül-' fiiline -eç eki getirilerek türetilmiş bir addır; borçlu, yoldaş, sarımtırak ve balıkçıl isim kök veya gövdelerinden türemiştir."
2021,6,C,Matematik,Matematik,Temel İşlem & Sayılar,Çarpımlar toplamı farkı,Olumlu kök,Hesaplama,—,Kolay,Verilen iki çarpımlar toplamı ifadesinin farkı (B-A) soruluyor.,A=2+12+30+56+90=190 ve B=3+15+35+63+99=215 olduğundan B-A=25'tir.
2021,7,A,Matematik,Matematik,Temel İşlem & Sayılar,İşlem tanımlama,Olumlu kök,Hesaplama,—,Kolay,Tanımlanan ♦ ve & işlemlerine göre (4♦3)&2 işleminin sonucu soruluyor.,4♦3=4+3-1=6 ve 6&2=6-2+3=7 olduğundan sonuç 7'dir.
2021,8,D,Matematik,Matematik,Temel İşlem & Sayılar,Harf örüntüsü,Olumlu kök,Hesaplama,—,Kolay,Sekiz harflik tekrar eden örüntüde baştan 77. sıradaki harf soruluyor.,Örüntü 8 harfte bir tekrarlandığından 77'nin 8'e bölümünden kalan 5'tir ve 5. harf 'O'dur.
2021,9,B,Matematik,Matematik,Problemler,Yaş problemi,Olumlu kök,Hesaplama,—,Orta,Baba ile iki çocuğunun yaşları arasındaki ilişkiden babanın bugünkü yaşı soruluyor.,"B+Ç=58 ve B-4=5(Ç-8)-2 denklemlerinden çocukların yaş toplamı 16, babanın yaşı 42 bulunur."
2021,10,C,Matematik,Matematik,Problemler,Ağırlıklı ortalama,Olumlu kök,Hesaplama,—,Kolay,Kız ve erkek sporcuların ağırlık ortalamalarından tüm grubun ortalaması soruluyor.,Grup ortalaması (12×48+8×68)/20=1120/20=56 kg'dır.
2021,11,A,Tarih (İnkılap),Tarih (İnkılap),Millî Mücadele,Milli Mücadele dönemi gazeteleri,Olumlu kök,Olgu Bilgisi,—,Orta,Anadolu ve Rumeli Müdafaa-i Hukuk Cemiyeti'nin yayın organı olarak Sivas'ta çıkarılan gazete soruluyor.,"İrade-i Milliye, Sivas Kongresi'nden sonra Anadolu ve Rumeli Müdafaa-i Hukuk Cemiyeti'nin yayın organı olarak Sivas'ta çıkarılmıştır."
2021,12,E,Tarih (İnkılap),Tarih (İnkılap),Millî Mücadele,Mudanya Ateşkes Antlaşması,Olumsuz kök (değildir / yanlıştır),Olgu Bilgisi,—,Kolay,11 Ekim 1922 tarihli Mudanya Mütarekesi'ni imzalamayan taraf soruluyor.,"Mudanya Mütarekesi'ni TBMM Hükümeti ile İngiltere, Fransa ve İtalya imzalamış (Yunanistan sonradan katılmış); Almanya taraf değildir."
2021,13,D,Tarih (İnkılap),Tarih (İnkılap),Millî Mücadele,II. Dönem TBMM faaliyetleri,Olumlu kök,Olgu Bilgisi,—,Orta,İkinci Dönem TBMM tarafından gerçekleştirilen olay soruluyor.,Lozan Barış Antlaşması 23 Ağustos 1923'te II. Dönem TBMM tarafından onaylanmıştır; diğer seçenekler I. TBMM dönemine aittir.
2021,14,C,Tarih (İnkılap),Tarih (İnkılap),İnkılaplar & Atatürk İlkeleri,Millet Mektepleri,Olumlu kök,Olgu Bilgisi,—,Kolay,Millet Mekteplerinin hangi yeniliği benimsetmek ve yaygınlaştırmak amacıyla açıldığı soruluyor.,Millet Mektepleri 1928'de yeni Türk alfabesinin halka öğretilmesi ve yaygınlaştırılması amacıyla açılmıştır.
2021,15,B,Tarih (İnkılap),Tarih (İnkılap),İnkılaplar & Atatürk İlkeleri,Halkçılık ilkesi,Olumlu kök,Tanım / Kavram,—,Kolay,"Fert, aile ve sınıf egemenliğini reddeden, kanun önünde eşitliği esas alan Atatürk ilkesi soruluyor.","Fert, aile ve sınıf ayrıcalığını reddederek kanun önünde eşitliği ve ayrıcalıksız toplumu öngören Atatürk ilkesi Halkçılıktır."
2021,16,B,Anayasa / Vatandaşlık,Anayasa / Vatandaşlık,Temel Hukuk & Devletin Nitelikleri,Anayasanın tanımı,Olumlu kök,Tanım / Kavram,—,Kolay,"Devletin temel yapısını, organlarını ve birey hak-ödevlerini düzenleyen üst hukuk kuralı soruluyor.","Devletin temel yapısını, yönetim biçimini, temel organlarını ve bunların ilişkilerini, bireyin hak ve ödevlerini düzenleyen üst hukuk kuralı anayasadır."
2021,17,D,Anayasa / Vatandaşlık,Anayasa / Vatandaşlık,Uluslararası Kuruluşlar,AB kurucu üyeleri,Olumsuz kök (değildir / yanlıştır),Olgu Bilgisi,—,Kolay,Avrupa Birliği'nin kurucu üyesi olmayan devlet soruluyor.,"AB'nin kurucu üyeleri Almanya, Fransa, İtalya, Belçika, Hollanda ve Lüksemburg'dur; Yunanistan sonradan (1981) katılmıştır."
2021,18,E,Anayasa / Vatandaşlık,Anayasa / Vatandaşlık,Uluslararası Kuruluşlar,Türkiye'nin üyelikleri,Olumlu kök,Olgu Bilgisi,—,Kolay,Türkiye'nin üyesi olduğu uluslararası oluşum soruluyor.,"Türkiye 1952'den beri NATO üyesidir; BDT, AB, EFTA ve OPEC üyesi değildir."
2021,19,C,Anayasa / Vatandaşlık,Anayasa / Vatandaşlık,Yürütme (Cumhurbaşkanı),Cumhurbaşkanının görev ve yetkileri,Olumsuz kök (değildir / yanlıştır),Kapsam & Şart,—,Kolay,Cumhurbaşkanının görev ve yetkileri arasında yer almayan seçenek soruluyor.,"Yürütme yetkisi Cumhurbaşkanına, yasama yetkisi ise TBMM'ye aittir; Cumhurbaşkanı yasama yetkisini üstlenmez."
2021,20,A,Anayasa / Vatandaşlık,Anayasa / Vatandaşlık,Seçimler,Milletvekili seçilme yaşı,Olumlu kök,Sayısal (süre-oran-tutar),—,Kolay,1982 Anayasası'nın güncel hâline göre milletvekili seçilebilme yaşı soruluyor.,2017 Anayasa değişikliğiyle 18 yaşını dolduran her Türk milletvekili seçilebilir.
2021,21,A,Gümrük Mevzuatı,Gümrük Rejimleri,Dahilde İşleme Rejimi,DİR şartlı muafiyet sistemi,Olumlu kök,Tanım / Kavram,4458 Gümrük Kanunu,Kolay,Vergileri teminata bağlanarak DİR kapsamında geçici ithal edilen eşyanın yararlandığı sistemin adı soruluyor.,Serbest dolaşımda olmayan eşyanın vergileri teminata bağlanarak DİR kapsamında ithal edilip işlem görmüş ürün olarak ihracında teminatın iade edildiği sisteme şartlı muafiyet sistemi denir.
2021,22,C,Gümrük Mevzuatı,Meslek & Kolaylaştırma,Gümrük Müşavirliği & Temsil,Temsil hakkı,Olumsuz kök (değildir / yanlıştır),Doğru/Yanlış Hüküm,4458 Gümrük Kanunu,Orta,Gümrük Kanunu'na göre temsil hakkı ile ilgili söylenemeyecek ifade soruluyor.,"Temsilci, temsil edilen kişi namına hareket ettiğini beyan etmek, temsilin doğrudan mı dolaylı mı olduğunu belirtmek ve temsil yetki belgesini ibraz etmek zorundadır."
2021,23,B,Gümrük Mevzuatı,Gümrük Rejimleri,Antrepo Rejimi,Antrepo işleticisi,Olumsuz kök (değildir / yanlıştır),Doğru/Yanlış Hüküm,4458 Gümrük Kanunu,Orta,Antrepo işleticisine ilişkin yanlış ifade soruluyor.,Gümrük antreposu işletme izni yalnızca Türkiye'de yerleşik kişilere verilir; yani yerleşik olma şartı aranır.
2021,24,E,Gümrük Mevzuatı,Genel Hükümler & Gümrük İşlemleri,"Özet Beyan, Geçici Depolama, Beyan & Muayene",Belge saklama süresinin başlangıcı,Olumsuz kök (değildir / yanlıştır),Doğru/Yanlış Hüküm,4458 Gümrük Kanunu,Orta,Gümrük Kanunu'na göre belge saklama süresine ilişkin yanlış bilgi soruluyor.,"Serbest dolaşıma giriş veya ihracat için beyan edilen eşyada beş yıllık belge saklama süresi, beyannamenin tescil edildiği yılın başından değil sonundan itibaren işlemeye başlar."
2021,25,A,Gümrük Mevzuatı,Meslek & Kolaylaştırma,YYS & Onaylanmış Kişi (Kolaylaştırma),Yetkilendirilmiş yükümlü statüsü şartları,Olumsuz kök (değildir / yanlıştır),Kapsam & Şart,4458 Gümrük Kanunu,Orta,Gümrük Kanunu'na göre yetkilendirilmiş yükümlü statüsü için gereken şartlar arasında yer almayan seçenek soruluyor.,"GK md. 5/A'daki şartlar ciddi ihlal bulunmaması, düzenli ticari kayıt, gerektiğinde mali yeterlilik ve uygun emniyet-güvenlik standartlarıdır; 'en az iki yıldır faaliyette bulunma' Kanun'daki şartlar arasında yer almaz."
2021,26,D,Gümrük Mevzuatı,Genel Hükümler & Gümrük İşlemleri,Temel Kavramlar & Tanımlar,Gümrük rejimlerinin sayısı,Olumlu kök,Sayısal (süre-oran-tutar),4458 Gümrük Kanunu,Kolay,Gümrük Kanunu'nda düzenlenen gümrük rejimi sayısı soruluyor.,"Gümrük Kanunu'nda 8 rejim vardır: serbest dolaşıma giriş, transit, gümrük antrepo, dahilde işleme, gümrük kontrolü altında işleme, geçici ithalat, hariçte işleme ve ihracat."
2021,27,A,Gümrük Mevzuatı,Vergilendirme Unsurları (Tarife-Menşe-Kıymet),Tarife & BTB,Gümrük tarifesinin kapsamı,Olumsuz kök (değildir / yanlıştır),Kapsam & Şart,4458 Gümrük Kanunu,Orta,Gümrük Kanunu'na göre gümrük tarifesinin kapsamadığı unsur soruluyor.,"Gümrük tarifesi TGTC'yi, ona dayanan diğer cetvelleri, anlaşmalarla veya tek taraflı tanınan tercihli tarifeleri ve eşyanın niteliği/nihai kullanımına bağlı indirim-muafiyetleri kapsar; yalnızca serbest bölgeye konulan eşyaya şartlı muafiyet tarifenin kapsamında değildir."
2021,28,A,Gümrük Mevzuatı,Gümrük Rejimleri,"Transit Rejimi (TIR, NCTS)",Ulusal transit tanımı,Olumlu kök,Tanım / Kavram,4458 Gümrük Kanunu,Kolay,İhracat işlemleri tamamlanmış eşyanın gümrük gözetiminde TGB içinde bir noktadan diğerine taşınmasına uygulanan rejim soruluyor.,Serbest dolaşıma girmemiş eşya ile ihracat işlemleri tamamlanmış eşyanın gümrük gözetiminde TGB içinde bir noktadan diğerine taşınması transit rejimine tabidir.
2021,29,C,Gümrük Mevzuatı,Vergilendirme Unsurları (Tarife-Menşe-Kıymet),Gümrük Kıymeti,Kıymet yöntemlerinin uygulama sırası,Olumlu kök,Kapsam & Şart,4458 Gümrük Kanunu,Kolay,Beyan sahibinin yazılı talebiyle uygulama sırası değiştirilebilen kıymet yöntemleri soruluyor.,Beyan sahibinin yazılı talebi idarece uygun bulunursa yalnızca indirgeme yöntemi ile hesaplanmış kıymet yönteminin uygulama sırası değiştirilebilir.
2021,30,C,Gümrük Mevzuatı,Muafiyetler,"Muafiyetler (Yolcu, Posta, Geri Gelen Eşya)",Geri gelen eşya süresi,Olumlu kök,Sayısal (süre-oran-tutar),4458 Gümrük Kanunu,Kolay,İhraç edilen serbest dolaşımdaki eşyanın vergisiz yeniden serbest dolaşıma girebileceği süre soruluyor.,İhraç edilen serbest dolaşımdaki eşya 3 yıl içinde yeniden serbest dolaşıma girerse beyan sahibinin talebiyle ithalat vergilerinden muaf tutulur (geri gelen eşya).
2021,31,E,Gümrük Mevzuatı,Vergilendirme Unsurları (Tarife-Menşe-Kıymet),Gümrük Kıymeti,Fiilen ödenen veya ödenecek fiyat,Olumsuz kök (değildir / yanlıştır),Doğru/Yanlış Hüküm,4458 Gümrük Kanunu,Orta,Fiilen ödenen veya ödenecek fiyat hakkında söylenemeyecek ifade soruluyor.,"Alıcının pazarlama dahil kendi hesabına yaptığı faaliyetler, satıcı yararına veya satıcıyla yapılan anlaşma sonucu yapılmış olsa dahi satıcıya yapılmış dolaylı ödeme sayılmaz."
2021,32,D,Gümrük Mevzuatı,Genel Hükümler & Gümrük İşlemleri,"Özel İşlemler (Akaryakıt, Kumanya, Posta)",Taşıtların geçici çıkışı,Olumsuz kök (değildir / yanlıştır),Doğru/Yanlış Hüküm,Gümrük Yönetmeliği,Orta,TGB'den geçici olarak çıkarılacak taşıtlara ilişkin doğru olmayan ifade soruluyor.,"Taşıtların TGB'den geçici çıkarılma süresi beş yıl değildir; düzenlemenin yerleşiklere uygulanması, Taşıt Takip Programına kayıt, triptik/gümrük geçiş karnesinin beyanname sayılması ve demiryolu araçlarında uluslararası anlaşmalara göre işlem yapılması doğrudur."
2021,33,D,Gümrük Mevzuatı,Genel Hükümler & Gümrük İşlemleri,"Özet Beyan, Geçici Depolama, Beyan & Muayene",Özet beyan ve gümrük gözetimi,Olumsuz kök (değildir / yanlıştır),Doğru/Yanlış Hüküm,4458 Gümrük Kanunu,Zor,Özet beyan kapsamı eşyanın TGB'ye girişine ilişkin yanlış hüküm soruluyor.,GK md. 29'a göre TGB'ye getirilen eşya girişinden itibaren gümrük kontrolüne değil gümrük gözetimine tabidir ve gümrük idarelerince denetlenebilir.
2021,34,A,Gümrük Mevzuatı,Genel Hükümler & Gümrük İşlemleri,Tasfiye,Tasfiyede uygulanacak vergi oranı,Olumlu kök,Belge & Prosedür,4458 Gümrük Kanunu,Orta,Beyannamesi verilmiş tasfiyelik eşyanın satış bedelinden alınacak verginin hangi tarihteki orana göre belirleneceği soruluyor.,Tasfiye edilen eşya için gümrük beyannamesi verilmişse satış bedelinden alınacak gümrük vergisi beyannamenin tescil tarihindeki vergi oranına göre belirlenir.
2021,35,A,Gümrük Mevzuatı,Vergilendirme Unsurları (Tarife-Menşe-Kıymet),Gümrük Kıymeti,Kur çevrimi,Olumlu kök,Belge & Prosedür,4458 Gümrük Kanunu,Kolay,Faturadaki yabancı paraların Türk lirasına çevrilmesinde kullanılacak kur soruluyor.,"Yabancı paralar, gümrük yükümlülüğünün başladığı tarihte yürürlükte olan T.C. Merkez Bankası döviz satış kuru üzerinden Türk lirasına çevrilir."
2021,36,A,Gümrük Mevzuatı,Genel Hükümler & Gümrük İşlemleri,"Özet Beyan, Geçici Depolama, Beyan & Muayene",GOİK verilme süreleri,Olumsuz kök (değildir / yanlıştır),Doğru/Yanlış Hüküm,4458 Gümrük Kanunu,Orta,Gümrüğe sunulan eşyaya GOİK belirlenmesi zorunluluğu hakkında söylenemeyecek ifade soruluyor.,"GK md. 48'e göre özet beyan kapsamı eşyaya denizyolunda 45, diğer yollarda 20 gün içinde GOİK verilir; süreleri kısaltma veya uzatmaya Bakanlık izin verir ve gerçek ihtiyacı aşan uzatma yapılamaz; gümrük müdürlüklerince 'uzatılır' ve 'elli günü aşan talepte gerekçe' hükmü Kanun'da yer almaz."
2021,37,C,Gümrük Mevzuatı,Meslek & Kolaylaştırma,Gümrük Müşavirliği & Temsil,Gümrük müşavirliği tüzel kişiliği,Olumsuz kök (değildir / yanlıştır),Doğru/Yanlış Hüküm,Gümrük Yönetmeliği,Orta,Gümrük müşavirliğinin tüzel kişilik oluşturularak yürütülmesine ilişkin doğru olmayan ifade soruluyor.,Gümrük müşavir yardımcıları da gümrük müşavirliği tüzel kişiliğine ortak olabilir; ortak olamayacakları ifadesi yanlıştır.
2021,38,B,Gümrük Mevzuatı,Vergilendirme Unsurları (Tarife-Menşe-Kıymet),Menşe,Bağlayıcı menşe bilgisi başvurusu,Olumsuz kök (değildir / yanlıştır),Kapsam & Şart,Gümrük Yönetmeliği,Orta,Bağlayıcı menşe bilgisi başvurusunda zorunlu olmayan bilgi/belge soruluyor.,"Sınıflandırmaya esas bileşimi belirlemeye yönelik tahlil metotları BTB (tarife) başvurusuna ait bilgidir; BMB başvurusunda tarife pozisyonu, bileşim, görülen işlem/işçilik ve imalat sürecini gösteren belgeler istenir."
2021,39,D,Gümrük Mevzuatı,Vergilendirme Unsurları (Tarife-Menşe-Kıymet),Gümrük Kıymeti,İndirgeme yönteminde 90 gün,Olumlu kök,Sayısal (süre-oran-tutar),Gümrük Yönetmeliği,Orta,İndirgeme yönteminde aynı/yakın tarihte satış yoksa ilk satış fiyatı için esas alınan süre soruluyor.,Aynı veya yakın tarihte satış yoksa ithal tarihinden itibaren 90 gün içinde ithal edildiği hâl ve durumda Türkiye'de yapılan ilk satışın birim fiyatı esas alınır.
2021,40,C,Gümrük Mevzuatı,Muafiyetler,"Muafiyetler (Yolcu, Posta, Geri Gelen Eşya)",Yolcu eşyasının geçici depolama süresi,Olumlu kök,Sayısal (süre-oran-tutar),Gümrük Yönetmeliği,Orta,Yolcu eşyasının geçici depolama yerinde mücbir sebep aranmadan uzatılarak kalabileceği süre soruluyor.,"Yolcu eşyaları geçici depolama yerlerinde, talep hâlinde mücbir sebep belgesi aranmaksızın gümrük müdürlüğünce 3 aya kadar uzatılarak kalabilir."
2021,41,E,Gümrük Mevzuatı,Gümrük Rejimleri,Antrepo Rejimi,Antrepodaki eşyada işlem bitirme süresi,Olumlu kök,Sayısal (süre-oran-tutar),4458 Gümrük Kanunu,Orta,Antrepodaki eşya için GOİK beyannamesi tescilinden sonra işlemlerin bitirilmesi gereken süre soruluyor.,Antrepodaki eşya için GOİK beyannamesi verildiğinde işlemler tescilden itibaren 30 gün içinde bitirilmelidir; bitirilmezse eşya tasfiyelik hâle gelir.
2021,42,B,Gümrük Mevzuatı,Gümrük Rejimleri,Serbest Dolaşıma Giriş,Serbest dolaşım statüsünün kaybı,Olumsuz kök (değildir / yanlıştır),Kapsam & Şart,4458 Gümrük Kanunu,Orta,Serbest dolaşımdaki eşyanın statüsünü kaybetmediği durum soruluyor.,"Nihai kullanım nedeniyle indirimli/sıfır vergiden yararlanma statü kaybına yol açmaz; beyannamenin iptali ile DİR geri ödeme, kusurlu eşya veya GOİK nedeniyle vergilerin geri verilmesi statüyü kaybettirir."
2021,43,E,Gümrük Mevzuatı,Genel Hükümler & Gümrük İşlemleri,Temel Kavramlar & Tanımlar,Ekonomik etkili gümrük rejimleri,Olumsuz kök (değildir / yanlıştır),Kapsam & Şart,4458 Gümrük Kanunu,Kolay,Ekonomik etkili gümrük rejimi sayılmayan rejim soruluyor.,"Ekonomik etkili rejimler antrepo, dahilde işleme, gümrük kontrolü altında işleme, geçici ithalat ve hariçte işlemedir; transit ekonomik etkili rejim değildir."
2021,44,D,Gümrük Mevzuatı,Gümrük Rejimleri,Gümrük Kontrolü Altında İşleme,GKAİ'de işlenmiş ürün,Olumlu kök,Tanım / Kavram,4458 Gümrük Kanunu,Kolay,Gümrük kontrolü altında işleme rejiminde elde edilen ürünlerin adı soruluyor.,GKAİ rejiminde eşyanın niteliğini veya durumunu değiştiren işlemler sonucunda elde edilen ürünlere işlenmiş ürün denir.
2021,45,B,Gümrük Mevzuatı,Gümrük Rejimleri,Geçici İthalat,Geçici ithalat rejiminin tanımı,Olumlu kök,Tanım / Kavram,4458 Gümrük Kanunu,Kolay,Eşyanın vergilerden tam/kısmi muaf kullanılıp değişmeden yeniden ihracını sağlayan rejimin adı soruluyor.,Serbest dolaşımda olmayan eşyanın tam veya kısmi muafiyetle TGB'de kullanılıp olağan yıpranma dışında değişmeden yeniden ihracını sağlayan rejim geçici ithalat rejimidir.
2021,46,E,Gümrük Mevzuatı,Genel Hükümler & Gümrük İşlemleri,Serbest Bölge & Gümrüksüz Satış,Serbest bölgedeki eşyanın durumu,Olumsuz kök (değildir / yanlıştır),Doğru/Yanlış Hüküm,"Genel (""gümrük mevzuatına göre"")",Orta,Serbest bölgeye konulmuş serbest dolaşımda olmayan eşyaya ilişkin yanlış ifade soruluyor.,"Serbest bölgeye konulan eşyanın kalış süresi bir ayla sınırlı değildir; eşya izne gerek olmaksızın mutat elleçlemeye ve DİR, GKAİ, geçici ithalat rejimlerine tabi tutulabilir."
2021,47,D,Gümrük Mevzuatı,Gümrük Rejimleri,"Transit Rejimi (TIR, NCTS)",Transitte teminat istisnası,Olumsuz kök (değildir / yanlıştır),Kapsam & Şart,4458 Gümrük Kanunu,Kolay,Transitte teminat verilmesi kuralının istisnasını oluşturmayan taşıma şekli soruluyor.,"Hava, deniz, demiryolu ve boru hattıyla yapılan transit taşımalar teminat zorunluluğunun istisnasıdır; karayolu taşımaları bu istisna kapsamında değildir."
2021,48,C,Gümrük Mevzuatı,Meslek & Kolaylaştırma,Yetkilendirilmiş Gümrük Müşavirliği,YGM günlük rapor,Olumlu kök,Tanım / Kavram,Tebliğler,Orta,YGM Tebliği'ne göre sayım tutanakları ve önemli olaylara ilişkin bilgileri içeren raporun adı soruluyor.,Yetkilendirilmiş gümrük müşavirinin sayım tutanakları ve diğer önemli olaylara ilişkin bilgileri içeren raporuna günlük rapor denir.
2021,49,B,Gümrük Mevzuatı,Dış Ticaret,Dış Ticaret Belgeleri & Teşkilat,Çeki listesi,Olumlu kök,Tanım / Kavram,"Genel (""gümrük mevzuatına göre"")",Kolay,Farklı kaplara konulan eşyada her kaptaki miktarı gösteren belgenin adı soruluyor.,Fatura kapsamı eşyanın çeşitli cins ve ağırlıktaki kaplara konulması hâlinde her kaptaki eşya miktarını gösteren belge çeki listesidir.
2021,50,C,Gümrük Mevzuatı,Genel Hükümler & Gümrük İşlemleri,"Özet Beyan, Geçici Depolama, Beyan & Muayene",Beyannamenin iptali süresi,Olumlu kök,Sayısal (süre-oran-tutar),Gümrük Yönetmeliği,Orta,Yanlışlıkla vergiyi gerektiren rejime tabi tutulan eşyada beyanname iptali talebinin süresi soruluyor.,Eşyanın yanlışlıkla vergi ödenmesini gerektiren bir rejime tabi tutulması hâlinde beyanname iptali tescil tarihinden itibaren 3 ay içinde talep edilmelidir.
2021,51,A,Gümrük Mevzuatı,Genel Hükümler & Gümrük İşlemleri,"Özet Beyan, Geçici Depolama, Beyan & Muayene",Kontrol hatlarının renkleri,Tablo / Eşleştirme,Tanım / Kavram,Gümrük Yönetmeliği,Kolay,Tanımları verilen beyan kontrol hatlarının renkleriyle doğru eşleştirilmesi soruluyor.,"Muayene ve belge kontrolü kırmızı hat, yalnız belge kontrolü sarı hat, OKS sahiplerinin ihracatta kontrolsüz işlem gördüğü hat mavi hat, belge kontrolü ve muayene yapılmayan hat yeşil hattır."
2021,52,A,Gümrük Mevzuatı,Gümrük Rejimleri,Hariçte İşleme,Üçgen trafik,Olumlu kök,Tanım / Kavram,Gümrük Yönetmeliği,Kolay,Rejime giriş ve rejimi kapatan gümrük idarelerinin farklı olduğu durumun adı soruluyor.,Gümrük idarelerinden yalnızca birinin TGB'de olması kaydıyla rejime giriş gümrük idaresi ile rejimi kapatan gümrük idaresinin farklı olduğu duruma üçgen trafik denir.
2021,53,C,Gümrük Mevzuatı,Gümrük Rejimleri,Geçici İthalat,Kısmi muafiyet oranı,Olumlu kök,Sayısal (süre-oran-tutar),4458 Gümrük Kanunu,Kolay,Kısmi muafiyetle geçici ithal edilen eşyadan her ay alınacak vergi oranı soruluyor.,"Kısmi muafiyetle geçici ithal edilen eşya için her ay, eşya serbest dolaşıma girseydi alınacak vergilerin %3'ü alınır."
2021,54,A,Gümrük Mevzuatı,Gümrük Rejimleri,Antrepo Rejimi,A tipi antrepo,Olumlu kök,Tanım / Kavram,Gümrük Yönetmeliği,Kolay,İşleticinin stok kaydı tuttuğu ve noksanlıktan doğan vergiden sorumlu olduğu genel antrepo tipi soruluyor.,İşleticinin stok kayıtlarını tuttuğu ve eşyadaki noksanlıktan doğan gümrük vergisinden sorumlu olduğu genel antrepo A tipi antrepodur.
2021,55,E,Gümrük Mevzuatı,Gümrük Rejimleri,Serbest Dolaşıma Giriş,Gümrük Statü Belgesi,Olumsuz kök (değildir / yanlıştır),Doğru/Yanlış Hüküm,"Genel (""gümrük mevzuatına göre"")",Orta,Gümrük Statü Belgesine ilişkin yanlış ifade soruluyor.,"Hatalı beyan anlaşıldığında Gümrük Statü Belgesi iptal edilip yenisi düzenlenir; ancak iptal edilen belgeler imha edilmez, saklanır."
2021,56,B,Gümrük Mevzuatı,Genel Hükümler & Gümrük İşlemleri,Tasfiye,Tasfiye yöntemleri,Öncüllü (I-II-III),Kapsam & Şart,4458 Gümrük Kanunu,Orta,Gümrük Kanunu'na göre tasfiyelik eşyaya uygulanabilecek tasfiye yöntemleri soruluyor.,"Tasfiyelik eşya ihale yoluyla satış, yeniden ihraç amaçlı satış, perakende satış ve imha (ayrıca devir) yöntemleriyle tasfiye edilir; mutat elleçleme bir tasfiye yöntemi değildir."
2021,57,D,Gümrük Mevzuatı,Meslek & Kolaylaştırma,Yetkilendirilmiş Gümrük Müşavirliği,YGM rapor türleri,Olumsuz kök (değildir / yanlıştır),Kapsam & Şart,Tebliğler,Orta,YGM Tebliği'ne göre düzenlenen raporlar arasında yer almayan rapor soruluyor.,"YGM Tebliği'nde olumlu, olumsuz ve şartlı tespit raporları ile tespit raporu bulunur; 'tasdik raporu' YGM raporları arasında yer almaz."
2021,58,B,Gümrük Mevzuatı,Muafiyetler,"Muafiyetler (Yolcu, Posta, Geri Gelen Eşya)",Ticari faaliyetle bağlantılı istisnalar,Olumsuz kök (değildir / yanlıştır),Kapsam & Şart,4458 Gümrük Kanunu,Orta,Ticari faaliyetle bağlantılı serbest dolaşıma sokulan eşyadan gümrük vergisi istisnası kapsamında olmayan soruluyor.,Sermaye malları ancak işyerinin Türkiye'ye nakli dolayısıyla ithal edildiğinde istisnadan yararlanır; işyeri nakli dışında ithal edilen sermaye malları istisna kapsamında değildir.
2021,59,C,Gümrük Mevzuatı,Genel Hükümler & Gümrük İşlemleri,"Özel İşlemler (Akaryakıt, Kumanya, Posta)",Posta gönderilerinde kontrol ve muayene,Öncüllü (I-II-III),Kapsam & Şart,Gümrük Yönetmeliği,Orta,Posta yoluyla gelen veya giden hangi gönderilerin gümrük kontrol ve muayenesine tabi olduğu soruluyor.,"Gelen koliler, gönderilen posta çantaları ve iade edilen eşyalar gümrük kontrol ve muayenesine tabidir; içinde eşya bulunmadığı anlaşılan giden mektuplar tabi değildir."
2021,60,D,Gümrük Mevzuatı,Genel Hükümler & Gümrük İşlemleri,Tasfiye,İhaleyle tasfiyede rejim başvurusu,Olumlu kök,Belge & Prosedür,"Genel (""gümrük mevzuatına göre"")",Orta,İhaleyle tasfiye edilecek eşyanın bir gümrük rejimine tabi tutulması için başvurulabilecek son tarih soruluyor.,İhale yoluyla satış suretiyle tasfiye edilecek eşyanın bir gümrük rejimine tabi tutulması ihale ilanının yayımlandığı tarihe kadar istenebilir.
2021,61,D,Gümrük Mevzuatı,Dış Ticaret,Dış Ticaret Belgeleri & Teşkilat,Proforma fatura,Olumlu kök,Tanım / Kavram,"Genel (""gümrük mevzuatına göre"")",Kolay,Anlaşma aşamasında satıcının alıcıya gönderdiği teklif niteliğindeki belgenin adı soruluyor.,"Malın niteliklerini ve birim fiyatını içeren, anlaşma aşamasında satıcının alıcıya gönderdiği teklif niteliğindeki belge proforma faturadır."
2021,62,A,Gümrük Mevzuatı,Genel Hükümler & Gümrük İşlemleri,Tasfiye,Şerhli taşıtların tasfiyesi,Olumlu kök,Belge & Prosedür,"Genel (""gümrük mevzuatına göre"")",Orta,Şerhli taşıtların tasfiyesinde şerhlerin hangi tarihten itibaren kalkmış sayılacağı soruluyor.,"Satılamaz, devredilemez, haciz, rehin, ipotek gibi şerhler ayrıca bir işleme gerek olmaksızın tasfiye kararının alındığı tarihten itibaren kalkmış sayılır."
2021,63,B,Gümrük Mevzuatı,Genel Hükümler & Gümrük İşlemleri,Tasfiye,Tasfiyelik eşya,Olumsuz kök (değildir / yanlıştır),Kapsam & Şart,4458 Gümrük Kanunu,Orta,Gümrük Kanunu'na göre tasfiyeye tabi olmayan eşya soruluyor.,Antrepodaki eşya için GOİK beyannamesi tescilinden sonra işlemleri on günde değil otuz gün içinde bitirilmeyen eşya tasfiyelik olur; bu nedenle 'on gün' ifadesi tasfiye hâli değildir.
2021,64,A,Gümrük Mevzuatı,Muafiyetler,"Muafiyetler (Yolcu, Posta, Geri Gelen Eşya)",Geçici ihracatta süre aşımı,Olumlu kök,Belge & Prosedür,"Genel (""gümrük mevzuatına göre"")",Zor,İhraç edilen eşyanın yasal ve uzatılmış süreyi aşarak geri getirilmesinde uygulanacak işlemler soruluyor.,"Süresi aşılarak geri getirilen eşyaya usulsüzlük cezası kesilir, gümrük vergileri tahsil edilir ve serbest dolaşıma giriş rejimi hükümleri uygulanır."
2021,65,E,Gümrük Mevzuatı,Genel Hükümler & Gümrük İşlemleri,"Özel İşlemler (Akaryakıt, Kumanya, Posta)",Posta kolisi listesi,Olumsuz kök (değildir / yanlıştır),Kapsam & Şart,Gümrük Yönetmeliği,Orta,Posta kolilerinin beyan edildiği sıra numaralı listede yer almayan husus soruluyor.,"Posta koli listesinde yıllık müteselsil sıra numarası, çıkış ülkesi, kolinin sayısı-marka-numarası ve geldiği yol yer alır; muayene eden memurun adres bilgileri yer almaz."
2021,66,E,Gümrük Mevzuatı,Genel Hükümler & Gümrük İşlemleri,Temel Kavramlar & Tanımlar,Vergilendirmenin temel unsurları,Öncüllü (I-II-III),Kapsam & Şart,"Genel (""gümrük mevzuatına göre"")",Kolay,"Gümrük vergisi hesaplanırken tarife, menşe ve kıymetten hangilerinin dikkate alındığı soruluyor.","Gümrük vergisinin hesaplanmasında eşyanın tarife sınıflandırması, menşei ve gümrük kıymeti birlikte dikkate alınır."
2021,67,B,Gümrük Mevzuatı,Genel Hükümler & Gümrük İşlemleri,"Özel İşlemler (Akaryakıt, Kumanya, Posta)",Posta eşyasının sevki,Olumlu kök,Belge & Prosedür,Gümrük Yönetmeliği,Kolay,Mektup postası dışındaki posta eşyasının başka gümrük idaresine sevkinde uygulanacak rejim soruluyor.,Mektup postası dışında kalan eşyanın başka bir gümrük idaresine sevki transit rejimi hükümleri çerçevesinde yapılır.
2021,68,D,Gümrük Mevzuatı,Gümrük Rejimleri,İhracat Rejimi,Fiili ihracat tanımı,Olumlu kök,Tanım / Kavram,4458 Gümrük Kanunu,Kolay,Eşyanın beyanname tescilindeki durumunu koruyarak TGB'yi terk etmesinin adı soruluyor.,Eşyanın beyanname tescilindeki durum ve niteliğini gümrük kontrolünden çıkarken de aynen koruyarak TGB'yi terk etmesine fiili ihracat denir.
2021,69,E,Gümrük Mevzuatı,Genel Hükümler & Gümrük İşlemleri,"Özel İşlemler (Akaryakıt, Kumanya, Posta)",Liman bayilerinin nitelikleri,Olumsuz kök (değildir / yanlıştır),Kapsam & Şart,Gümrük Yönetmeliği,Orta,Liman bayilerinin gemiye yağ ve yakıt beyannamesi tescil ettirebilmek için sahip olması gereken özelliklerden olmayan soruluyor.,"Liman bayilerinde anonim/limited şirket olma, en az 50.000 TL ödenmiş sermaye, 200 DWT tanker veya toplu teminat ve yöneticilerin belirli suçlardan mahkûm olmaması aranır; TGB dışına sefer yapmama şartı yoktur."
2021,70,A,Gümrük Mevzuatı,Genel Hükümler & Gümrük İşlemleri,"Özel İşlemler (Akaryakıt, Kumanya, Posta)",Kabotajda yakıt tespiti,Olumlu kök,Belge & Prosedür,Gümrük Yönetmeliği,Orta,Kabotaja girecek gemilerde alınan ve sarf edilen yakıt farkının hangi defterlere göre belirleneceği soruluyor.,Kabotaja girecek gemilerin yabancı limanlardan aldığı ve sarf ettiği yakıt arasındaki fark seyir jurnali ve devriçark defterine göre belirlenir.
2021,71,C,Gümrük Mevzuatı,Gümrük Rejimleri,İhracat Rejimi,Gümrük beyannamesinin içeriği,Olumlu kök,Tanım / Kavram,"Genel (""gümrük mevzuatına göre"")",Kolay,"İhracatçı birliği onayından sonra gümrüğe verilen, eşyaya ilişkin bilgileri içeren belgenin adı soruluyor.","Gönderici-alıcı, kıymet, tarife, menşe, taşıma ve vergi bilgilerini içeren, ihracatçı birliği onayından sonra gümrük idaresine verilen belge gümrük beyannamesidir."
2021,72,D,Gümrük Mevzuatı,Muafiyetler,"Muafiyetler (Yolcu, Posta, Geri Gelen Eşya)",Diplomatik muafiyet kapsamı,Olumsuz kök (değildir / yanlıştır),Kapsam & Şart,2009/15481 Karar,Orta,Diplomatik muafiyetlerden yararlanamayan kişi soruluyor.,Milletlerarası resmi kuruluşların misyon şefleri ve diplomatik memurları ancak Türkiye'de ikamet etmeleri hâlinde diplomatik muafiyetten yararlanır; ikamet etmeyenler yararlanamaz.
2021,73,E,Gümrük Mevzuatı,Muafiyetler,"Muafiyetler (Yolcu, Posta, Geri Gelen Eşya)",Bilgi materyali istisnası,Öncüllü (I-II-III),Kapsam & Şart,"Genel (""gümrük mevzuatına göre"")",Orta,Bilgi materyali kapsamında gümrük vergisi istisnasına konu eşyalar soruluyor.,"Yayın veya patent haklarını koruyan örgütlere gönderilen eşya, turistik reklamcılık malzemeleri ve ticari değeri olmayan belge ve eşyanın tamamı bilgi materyali olarak gümrük vergisinden istisnadır."
2021,74,E,Gümrük Mevzuatı,Muafiyetler,"Muafiyetler (Yolcu, Posta, Geri Gelen Eşya)",Eğitim-bilim ve tıbbi eşya istisnası,Öncüllü (I-II-III),Kapsam & Şart,4458 Gümrük Kanunu,Orta,Cumhurbaşkanınca belirlenen kurumlarca ticari amaçsız ithal edilen eşyadan istisna kapsamındakiler soruluyor.,"Eğitim-bilim-kültür eşyası ve bilimsel aletler, tıbbi teşhis-tedavi cihazları, Ar-Ge eşyası ve ilaç kalite kontrol maddelerinin tamamı bu istisna kapsamındadır."
2021,75,A,Gümrük Mevzuatı,Gümrük Rejimleri,Geçici İthalat,Geçici ithalat rejiminin tanımı,Olumlu kök,Tanım / Kavram,4458 Gümrük Kanunu,Kolay,Olağan yıpranma dışında değişmeden yeniden ihracı öngören muafiyetli kullanım rejimi soruluyor.,Serbest dolaşımda olmayan eşyanın ithalat vergilerinden tam/kısmi muaf olarak TGB'de kullanılıp olağan yıpranma dışında değişmeden yeniden ihracını sağlayan rejim geçici ithalattır.
2021,76,E,Gümrük Mevzuatı,Meslek & Kolaylaştırma,Gümrük Müşavirliği & Temsil,Dolaylı temsil ve vekâletname,Olumlu kök,Doğru/Yanlış Hüküm,Gümrük Yönetmeliği,Orta,Gümrük müşavirleri ve yardımcıları açısından doğru ifade soruluyor.,Dolaylı temsil yoluyla iş takibini eşya sahibince verilmiş noter tasdikli vekâletnameyi haiz gümrük müşavirleri yapar; kamu kurum ve kuruluşlarının vekâletnamelerinde noter onayı aranmaz.
2021,77,C,Gümrük Mevzuatı,Meslek & Kolaylaştırma,Gümrük Müşavirliği & Temsil,İzin belgesinin harca tabiliği,Olumlu kök,Kapsam & Şart,Gümrük Yönetmeliği,Orta,Gümrük müşavirlerine verilen izin belgesinin tabi olduğu mali yükümlülük soruluyor.,Gümrük müşavirlerine mesleki faaliyete başlamaları için verilen izin belgeleri harca tabidir.
2021,78,B,Gümrük Mevzuatı,Vergi Alacağı (Yükümlülük-Tahsil-Geri Verme),"Tahakkuk, Tebliğ & Tahsil",Hatalı beyanda faiz,Olumlu kök,Tanım / Kavram,4458 Gümrük Kanunu,Orta,Hatalı beyan nedeniyle eksik alınan vergilere yükümlülük ile kesinleşme arası için uygulanan fer'i alacak soruluyor.,"Hatalı beyan sonucu hiç veya noksan alınan gümrük vergilerine, yükümlülüğün başladığı tarih ile kesinleştiği tarih arası için uygulanan fer'i kamu alacağı faizdir."
2021,79,E,Gümrük Mevzuatı,Vergi Alacağı (Yükümlülük-Tahsil-Geri Verme),"Tahakkuk, Tebliğ & Tahsil","Tahakkuk, tebliğ ve tahsil",Olumsuz kök (değildir / yanlıştır),Doğru/Yanlış Hüküm,4458 Gümrük Kanunu,Zor,"Gümrük vergilerinin tahakkuku, tebliği ve ödenmesine ilişkin yanlış ifade soruluyor.",Gümrük vergileri ceza davası açılması şartına bağlı olmaksızın 6183 sayılı Kanun'daki tahsil zamanaşımı süreleri içinde tahsil edilir; ceza davası koşulu üç yıllık tebligat süresinin uzamasıyla ilgilidir.
2021,80,C,Gümrük Mevzuatı,Vergi Alacağı (Yükümlülük-Tahsil-Geri Verme),Geri Verme / Kaldırma,Geri verme ve kaldırmanın kapsamı,Olumsuz kök (değildir / yanlıştır),Doğru/Yanlış Hüküm,4458 Gümrük Kanunu,Orta,Gümrük vergilerinin geri verilmesi veya kaldırılmasına ilişkin yanlış ifade soruluyor.,Geri verme ve kaldırma hükümleri gümrük vergilerine ilişkindir; 6183 sayılı Kanun kapsamında tatbik edilen para cezalarına uygulanmaz.
2021,81,C,Gümrük Mevzuatı,Vergi Alacağı (Yükümlülük-Tahsil-Geri Verme),"Tahakkuk, Tebliğ & Tahsil",Ödeme süresinin uzatılması,Olumlu kök,Doğru/Yanlış Hüküm,4458 Gümrük Kanunu,Zor,"Gümrük vergilerinin tahakkuku, tebliği ve ödenmesine ilişkin doğru ifade soruluyor.",Gümrük vergilerinin ödeme süresi uzatıldığında 6183 sayılı Kanun uyarınca tecil faizi alınır.
2021,82,B,Gümrük Mevzuatı,Meslek & Kolaylaştırma,YYS & Onaylanmış Kişi (Kolaylaştırma),YYS sahiplerinde teminat oranı,Olumlu kök,Sayısal (süre-oran-tutar),Kolaylaştırma Yönetmeliği,Orta,"YYS sahiplerinden antrepo, GKAİ ve geçici ithalat rejimlerinde talep hâlinde alınacak teminat oranı soruluyor.",Yetkilendirilmiş yükümlü sertifikası sahiplerinden bu rejimlerde talep hâlinde ithalat vergilerinin %10'u oranında teminat alınır.
2021,83,C,Gümrük Mevzuatı,Meslek & Kolaylaştırma,Gümrük Müşavirliği & Temsil,GMY olma şartları,Olumsuz kök (değildir / yanlıştır),Kapsam & Şart,4458 Gümrük Kanunu,Orta,Gümrük Kanunu'nda gümrük müşavir yardımcısı olabilmek için sayılmayan koşul soruluyor.,"GMY olmak için TC vatandaşlığı, medeni hakları kullanma ehliyeti, memuriyetten çıkarılmamış olma ve sayılan suçlardan hüküm giymemiş olma aranır; bir gümrük müşaviri yanında üç yıl staj yapma şartı sayılmamıştır."
2021,84,A,Gümrük Mevzuatı,Meslek & Kolaylaştırma,Gümrük Müşavirliği & Temsil,Bilgi-belge değişikliği bildirimi,Olumlu kök,Sayısal (süre-oran-tutar),Gümrük Yönetmeliği,Orta,Gümrük müşavirlerinin bilgi ve belge değişikliklerini hangi süre içinde ve nereye bildireceği soruluyor.,"Gümrük müşavirleri izin belge numarası, şirket adı, temsile yetkili kişiler gibi bilgilerdeki değişiklikleri bir hafta içinde gümrük müşavirleri derneklerine bildirir."
2021,85,E,Gümrük Mevzuatı,Meslek & Kolaylaştırma,Gümrük Müşavirliği & Temsil,Serbest meslek makbuzu,Olumlu kök,Belge & Prosedür,Gümrük Yönetmeliği,Kolay,Şirkete bağlı olmayan dolaylı temsilci gümrük müşavirinin düzenlemesi gereken VUK belgesi soruluyor.,Bir şirkete bağlı olmaksızın dolaylı temsilci olarak iş takip eden gümrük müşavirleri 213 sayılı VUK'a göre serbest meslek makbuzu düzenler.
2021,86,A,Gümrük Mevzuatı,Meslek & Kolaylaştırma,Gümrük Müşavirliği & Temsil,Asgari ücret tarifesinde indirim,Olumlu kök,Sayısal (süre-oran-tutar),Tebliğler,Zor,"Asgari Ücret Tarifesi Tebliği'ne göre SDŞ, DTSŞ ve OKS/YYS sahiplerinin ihracatına uygulanabilecek indirim oranı soruluyor.","Sektörel dış ticaret şirketleri, dış ticaret sermaye şirketleri ile OKS, onaylanmış ihracatçı ve YYS sahibi firmaların ihracat işlemlerinde asgari ücretlerde %25 indirim uygulanabilir."
2021,87,E,Gümrük Mevzuatı,Meslek & Kolaylaştırma,Yetkilendirilmiş Gümrük Müşavirliği,Tecil-taksit tespit raporu kodu,Olumlu kök,Belge & Prosedür,Tebliğler,Zor,Tecil-taksit talep edenlerin çok zor durumda olup olmadığını tespit eden YGM raporunun kodu soruluyor.,Tecil ve taksitlendirme talep eden yükümlülerin çok zor durumda olup olmadığını tespit için düzenlenen YGM raporu ZD1 koduyla kodlanır.
2021,88,C,Gümrük Mevzuatı,Vergi Alacağı (Yükümlülük-Tahsil-Geri Verme),"Tahakkuk, Tebliğ & Tahsil",Çok zor durum tespiti formülü,Olumsuz kök (değildir / yanlıştır),Kapsam & Şart,Tebliğler,Zor,Tahsilat İşlemleri Tebliği'nde çok zor durum formülünde dikkate alınmayan hesap soruluyor.,"Çok zor durum tespitinde kasa, banka, kısa vadeli alacaklar ve kısa vadeli borçlar hesapları dikkate alınır; stoklar formülde yer almaz."
2021,89,B,Gümrük Mevzuatı,Gümrük Rejimleri,Dahilde İşleme Rejimi,Telafi edici vergi,Olumlu kök,Tanım / Kavram,4458 Gümrük Kanunu,Orta,DİR altında elde edilen Türk menşeli eşyanın tercihli tarifeden yararlanması için ödenecek verginin adı soruluyor.,Tercihli tarifeden yararlanma bünyedeki serbest dolaşımda olmayan eşyanın vergilerinin ödenmesine bağlıysa doğan yükümlülük kapsamında ödenen vergiye telafi edici vergi denir.
2021,90,E,Gümrük Mevzuatı,Muafiyetler,"Muafiyetler (Yolcu, Posta, Geri Gelen Eşya)",Posta ve hızlı kargoda yetkili makam,Olumlu kök,Yetkili Merci,4458 Gümrük Kanunu,Orta,Posta ve hızlı kargo ile gelen/giden eşyanın miktar ve değerini belirleyen makam soruluyor.,Posta ve hızlı kargo taşımacılığıyla gelen veya gönderilen eşyanın miktarını ve değerini belirlemeye Cumhurbaşkanı yetkilidir.
2021,91,D,Gümrük Mevzuatı,Ceza & Kaçakçılık,Kaçakçılık (5607),Kaçakçıların kamuoyuna ilanı,Olumlu kök,Kapsam & Şart,5607 Kaçakçılık Kanunu,Orta,Kaçakçılık yapan kişinin kamuoyuna ilan edilebilmesinin ön şartı soruluyor.,Kaçakçılık yapan kişinin kamuoyuna ilan edilebilmesi için hakkında verilen mahkûmiyet kararının kesinleşmiş olması gerekir.
2021,92,E,Gümrük Mevzuatı,Ceza & Kaçakçılık,Kaçakçılık (5607),Akaryakıtın tasfiyesi,Olumlu kök,Kapsam & Şart,5607 Kaçakçılık Kanunu,Orta,5607 sayılı Kanun'da tasfiyesi bağımsız bir hükümle özel olarak düzenlenen kaçak eşya soruluyor.,5607 sayılı Kanun'da el konulan akaryakıtın tasfiyesi bağımsız bir hükümle özel olarak düzenlenmiştir.
2021,93,C,Gümrük Mevzuatı,Ceza & Kaçakçılık,Kaçakçılık (5607),Kaçakçılıkla mücadele görevlileri,Olumsuz kök (değildir / yanlıştır),Yetkili Merci,5607 Kaçakçılık Kanunu,Kolay,"5607'ye göre kaçakçılık fiillerini önleme, izleme ve araştırmakla yükümlü olmayan personel soruluyor.","Mülki amirler, Emniyet, Jandarma, Sahil Güvenlik ve Ticaret Bakanlığı personeli görevlidir; gümrük sahasında görev yapan özel güvenlik personeli bu kapsamda değildir."
2021,94,D,Gümrük Mevzuatı,Ceza & Kaçakçılık,Kaçakçılık (5607),İzleme tutanağının unsurları,Olumsuz kök (değildir / yanlıştır),Kapsam & Şart,5607 Kaçakçılık Kanunu,Orta,Kaçakçılık fiillerinin izlenmesine ilişkin tutanakta zorunlu olmayan unsur soruluyor.,"Tutanakta düzenleme yeri, ilgilinin kimlik bilgileri, suç konusu eşyanın miktarı ve olaya ilişkin kanıtlar bulunur; düzenleyenlerin yerleşim yeri bilgileri zorunlu unsur değildir."
2021,95,E,Gümrük Mevzuatı,Ceza & Kaçakçılık,Kaçakçılık (5607),Akaryakıt yönetmeliğinde yetkili bakanlıklar,Öncüllü (I-II-III),Yetkili Merci,5607 Kaçakçılık Kanunu,Zor,El konulan akaryakıt yönetmeliğinde öngörülmeyen durumları sonuçlandırmaya yetkili bakanlıklar soruluyor.,"Yönetmelikte öngörülmeyen durumları konusuna göre Hazine ve Maliye, Ticaret ve İçişleri Bakanlıkları inceleyip sonuçlandırır; Adalet Bakanlığı bu kapsamda değildir."
2021,96,D,Gümrük Mevzuatı,Ceza & Kaçakçılık,Kaçakçılık (5607),Eşya türüne göre ceza artırımı,Olumsuz kök (değildir / yanlıştır),Kapsam & Şart,5607 Kaçakçılık Kanunu,Orta,Kaçakçılık cezasının yarısından iki katına kadar artırılmasına yol açmayan eşya soruluyor.,"Tütün, yaprak sigara kâğıdı, etil alkol ve alkollü içki gibi eşyada ceza yarısından iki katına kadar artırılır; elektronik sigara içme cihazı bu artırım kapsamında değildir."
2021,97,E,Gümrük Mevzuatı,Ceza & Kaçakçılık,Kaçakçılık (5607),KMK md. 9 kapsamındaki yetkiler,Öncüllü (I-II-III),Kapsam & Şart,5607 Kaçakçılık Kanunu,Orta,5607 md. 9 ile yetkili memurlara tanınan işlemler soruluyor.,"5607 md. 9, gümrük bölgesine kanuni yollar dışından girenler ile eşyalarını durdurma, el koyma ve arama yetkisi verir; gözaltı ve teknik araçlarla izleme bu maddede yer almaz."
2021,98,B,Gümrük Mevzuatı,Ceza & Kaçakçılık,Kaçakçılık (5607),Taşıma aracının müsaderesi,Olumsuz kök (değildir / yanlıştır),Doğru/Yanlış Hüküm,5607 Kaçakçılık Kanunu,Orta,Kaçak eşya taşınmasında kullanılan aracın müsaderesine ilişkin yanlış ifade soruluyor.,"Kaçak eşya taşımada kullanılan aracın müsaderesi 3628 sayılı Kanun'a göre değil, 5237 sayılı TCK'nın 54. maddesine göre yapılır."
2021,99,D,Gümrük Mevzuatı,Ceza & Kaçakçılık,Kaçakçılık (5607),5607 uygulama yönetmelikleri,Olumsuz kök (değildir / yanlıştır),Kapsam & Şart,5607 Kaçakçılık Kanunu,Zor,5607 sayılı Kanun'a ilişkin uygulama yönetmeliği çıkarılmamış konu soruluyor.,"5607'ye ilişkin ikramiye, el konulan eşya, el konulan akaryakıt ve vergisi eksik ödenen kara taşıtlarının iadesi hakkında yönetmelik çıkarılmış; alıkonulan tarım ürünleri hakkında çıkarılmamıştır."
2021,100,B,Gümrük Mevzuatı,Ceza & Kaçakçılık,Kaçakçılık (5607),Birlikte işlemede ceza artırımı,Olumlu kök,Sayısal (süre-oran-tutar),5607 Kaçakçılık Kanunu,Kolay,5607'deki suçların kaç veya daha fazla kişiyle işlenmesi hâlinde cezanın yarı oranında artırılacağı soruluyor.,5607'de tanımlanan suçlar üç veya daha fazla kişi tarafından birlikte işlenirse verilecek ceza yarı oranında artırılır.
2022,1,D,Türkçe,Türkçe,Paragraf,Paragrafta ana düşünce,Olumlu kök,Yorum / Çıkarım,—,Kolay,Kentleşme ve yalnızlık konulu parçada asıl vurgulanan düşünce soruluyor.,"Parçada asıl vurgulanan düşünce, hızlı kentleşmenin komşulukları yok ederek insanı yalnızlığa ittiğidir."
2022,2,B,Türkçe,Türkçe,Sözcükte Anlam / Deyim,Deyimin açıklamasıyla verilmesi,Olumsuz kök (değildir / yanlıştır),Dil Kuralı,—,Kolay,Hangi cümlede deyimin anlamını açıklayan bir ifadenin bulunmadığı soruluyor.,'Kılı kırk yarmak' deyimi cümlede açıklaması olmadan kullanılmıştır; diğer cümlelerde deyimler açıklamalarıyla birlikte verilmiştir.
2022,3,C,Türkçe,Türkçe,Yazım & Noktalama,'Hiçbir şey' sözcüğünün yazımı,Olumsuz kök (değildir / yanlıştır),Dil Kuralı,—,Kolay,Verilen cümlelerden hangisinde yazım yanlışı bulunduğu soruluyor.,"'Hiçbir' bitişik, 'şey' ayrı yazılır; doğrusu 'hiçbir şey' olduğundan 'hiç birşey' yazımı yanlıştır."
2022,4,C,Türkçe,Türkçe,Paragraf,Anlatım akışını bozan cümle,Olumlu kök,Yorum / Çıkarım,—,Kolay,Anlama ve anlaşılma konulu paragrafta anlatım akışını bozan cümle soruluyor.,Paragraf anlama-anlaşılma üzerine kurulu olduğundan insanlar arasındaki yüzyıllık mücadeleden söz eden III. cümle akışı bozar.
2022,5,E,Türkçe,Türkçe,Yazım & Noktalama,Kesme işaretinin kullanımı,Olumsuz kök (değildir / yanlıştır),Dil Kuralı,—,Kolay,Hangi cümlede kesme işaretinin yanlış kullanıldığı soruluyor.,Özel adlara getirilen yapım ekleri kesme işaretiyle ayrılmaz; 'Ankara'lı' yerine 'Ankaralı' yazılmalıdır.
2022,6,C,Matematik,Matematik,Temel İşlem & Sayılar,Birinci dereceden denklem,Olumlu kök,Hesaplama,—,Kolay,5x-12=2x denkleminde x'in değeri soruluyor.,5x-12=2x ise 3x=12 olur ve x=4 bulunur.
2022,7,E,Matematik,Matematik,Temel İşlem & Sayılar,Kesirli ifade (bileşik kesir),Olumlu kök,Hesaplama,—,Kolay,(1 + 1/2) / (2 − 5/3) işleminin sonucu soruluyor.,"Pay 3/2, payda 1/3 olur; 3/2 ÷ 1/3 = 9/2."
2022,8,D,Matematik,Matematik,Temel İşlem & Sayılar,Üslü sayılarda karşılaştırma,Olumsuz kök (değildir / yanlıştır),Hesaplama,—,Kolay,Verilen üslü sayı eşitsizliklerinden hangisinin yanlış olduğu soruluyor.,"9² = 81 ve 3⁴ = 81 olduğundan ""9² < 3⁴"" eşitsizliği yanlıştır."
2022,9,A,Matematik,Matematik,Temel İşlem & Sayılar,"Kat, çarpan ve bölen",Öncüllü (I-II-III),Hesaplama,—,Kolay,"Kat, çarpan ve bölen kavramlarına ilişkin üç önermeden hangilerinin doğru olduğu soruluyor.","1-65 arasında 6'nın 10 katı (6-60) vardır; 12, 30'un çarpanı değildir ve 18'in en büyük böleni 18 olduğundan yalnız I doğrudur."
2022,10,A,Matematik,Matematik,Geometri,Dikdörtgende üçgen alanı,Olumlu kök,Hesaplama,—,Kolay,10 cm x 6 cm dikdörtgende kenar orta noktasıyla oluşan BCE üçgeninin alanı soruluyor.,"E, 6 cm'lik kenarın orta noktası olduğundan BCE dik üçgeninin alanı (10·3)/2 = 15 cm²'dir."
2022,11,E,Tarih (İnkılap),Tarih (İnkılap),Osmanlı Son Dönem & I. Dünya Savaşı,Misak-ı Milli esasları,Olumsuz kök (değildir / yanlıştır),Olgu Bilgisi,—,Orta,Misak-ı Milli kararlarından biri olmayan ifade soruluyor.,"Misak-ı Milli'de sınırların İtilaf Devletlerinin onayıyla belirleneceğine dair bir esas yoktur; bölünmezlik, Elviye-i Selase'de halkoylaması, azınlık haklarında karşılıklılık ve kapitülasyonların reddi esastır."
2022,12,D,Tarih (İnkılap),Tarih (İnkılap),Osmanlı Son Dönem & I. Dünya Savaşı,Mondros Ateşkes Antlaşması,Olumlu kök,Olgu Bilgisi,—,Kolay,I. Dünya Savaşı sonunda Osmanlı ile İtilaf Devletleri arasında imzalanan ateşkes soruluyor.,Osmanlı Devleti I. Dünya Savaşı'ndan 30 Ekim 1918'de imzalanan Mondros Ateşkes Antlaşması ile çekilmiştir.
2022,13,B,Tarih (İnkılap),Tarih (İnkılap),Millî Mücadele,Amasya Genelgesi,Olumlu kök,Olgu Bilgisi,—,Kolay,Milletin istiklalini yine milletin azim ve kararının kurtaracağı ifadesinin ilk geçtiği belge soruluyor.,"Vatanın bütünlüğü ve milletin istiklalinin tehlikede olduğu, milletin istiklalini yine milletin azim ve kararının kurtaracağı ilk kez Amasya Genelgesi'nde ifade edilmiştir."
2022,14,C,Tarih (İnkılap),Tarih (İnkılap),İnkılaplar & Atatürk İlkeleri,Halkçılık ilkesinin amacı,Olumlu kök,Tanım / Kavram,—,Kolay,Atatürk ilkelerinden Halkçılığın temel amacı soruluyor.,"Halkçılığın temel amacı sınıfsız, imtiyazsız, kaynaşmış bir kitle (toplum) yaratmaktır."
2022,15,A,Tarih (İnkılap),Tarih (İnkılap),Atatürk Dönemi Dış Politika,Lozan'da çözülemeyen sorunlar,Olumlu kök,Olgu Bilgisi,—,Orta,Lozan'da çözülemeyip sonradan Türkiye lehine çözülen sorun soruluyor.,Lozan'da Türkiye aleyhine düzenlenen Boğazlar sorunu 1936 Montrö Boğazlar Sözleşmesi ile Türkiye lehine çözülmüştür.
2022,16,D,Anayasa / Vatandaşlık,Anayasa / Vatandaşlık,Temel Hukuk & Devletin Nitelikleri,Pozitif hukuk tanımı,Olumlu kök,Tanım / Kavram,—,Kolay,Bir ülkede belli bir zamanda uygulanan hukuk kurallarının adı soruluyor.,Bir ülkede belli bir zamanda yürürlükte olan ve uygulanan hukuk kurallarına pozitif hukuk denir.
2022,17,D,Anayasa / Vatandaşlık,Anayasa / Vatandaşlık,Yasama (TBMM),TBMM milletvekili sayısı,Olumlu kök,Sayısal (süre-oran-tutar),—,Kolay,TBMM'nin kaç milletvekilinden oluştuğu soruluyor.,Türkiye Büyük Millet Meclisi 600 milletvekilinden oluşur.
2022,18,C,Anayasa / Vatandaşlık,Anayasa / Vatandaşlık,Yürütme (Cumhurbaşkanı),Cumhurbaşkanlığı kararnameleri,Olumsuz kök (değildir / yanlıştır),Doğru/Yanlış Hüküm,—,Orta,Olağan dönem Cumhurbaşkanlığı kararnamelerine ilişkin yanlış ifade soruluyor.,Olağan dönem Cumhurbaşkanlığı kararnameleri kanunlarda değişiklik yapamaz; CBK ile kanunda farklı hükümler bulunursa kanun hükümleri uygulanır.
2022,19,A,Anayasa / Vatandaşlık,Anayasa / Vatandaşlık,Yargı,Siyasi partilerin mali denetimi,Olumlu kök,Yetkili Merci,—,Kolay,Siyasi partilerin mali denetimini yapan organ soruluyor.,Siyasi partilerin mali denetimi Anayasa Mahkemesi tarafından yapılır.
2022,20,C,Anayasa / Vatandaşlık,Anayasa / Vatandaşlık,Yasama (TBMM),Yasama işlemi türleri,Olumlu kök,Kapsam & Şart,—,Kolay,Seçeneklerden hangisinin yasama işlemi olduğu soruluyor.,"Kanun TBMM'nin yaptığı bir yasama işlemidir; yönetmelik, genelge, tüzük ve talimat idari (yürütme) işlemleridir."
2022,21,C,Gümrük Mevzuatı,Ceza & Kaçakçılık,Kaçakçılık (5607),5607'de tanımlar ve artırımlar,Olumsuz kök (değildir / yanlıştır),Doğru/Yanlış Hüküm,5607 Kaçakçılık Kanunu,Zor,"5607 sayılı Kanun'daki tanımlar, görevli artırımı ve görevli mahkemeye ilişkin yanlış ifade soruluyor.","5607'ye göre gümrüklenmiş değer, ithal eşyası için CIF kıymeti ile ödenmesi gereken gümrük vergileri toplamını, ihraç eşyası için FOB kıymetini ifade eder; yalnızca CIF kıymeti değildir."
2022,22,D,Gümrük Mevzuatı,Ceza & Kaçakçılık,Kaçakçılık (5607),Kaçakçılıkta örgüt artırımı,Olumlu kök,Sayısal (süre-oran-tutar),5607 Kaçakçılık Kanunu,Orta,5607'deki suçların örgüt faaliyeti çerçevesinde işlenmesi halinde uygulanacak artırım soruluyor.,5607 sayılı Kanun'da tanımlanan suçların bir örgütün faaliyeti çerçevesinde işlenmesi halinde verilecek ceza iki kat artırılır.
2022,23,E,Gümrük Mevzuatı,Ceza & Kaçakçılık,Kaçakçılık (5607),Tehlikeli ve zararlı atık eşya,Olumlu kök,Belge & Prosedür,5607 Kaçakçılık Kanunu,Orta,Kaçakçılık konusu eşyanın toplum ve çevre sağlığına zararlı eşya veya atık olması halinde yapılacak işlem soruluyor.,Kaçakçılık konusu eşya toplum ve çevre sağlığı yönünden tehlikeli ve zararlı eşya ya da atık ise soruşturma başlatılmakla birlikte eşya gümrük yetkililerince derhal getirildiği ülkeye iade edilir.
2022,24,B,Gümrük Mevzuatı,Ceza & Kaçakçılık,Kaçakçılık (5607),Kaçakçılık suçlarının cezaları,Olumlu kök,Doğru/Yanlış Hüküm,5607 Kaçakçılık Kanunu,Zor,5607'de tanımlanan kaçakçılık suçlarının hapis ve adli para cezası miktarlarına ilişkin doğru ifade soruluyor.,Eşyayı aldatıcı işlem ve davranışlarla gümrük vergilerini kısmen veya tamamen ödemeden ülkeye sokan kişi iki yıldan beş yıla kadar hapis ve on bin güne kadar adli para cezası ile cezalandırılır.
2022,25,D,Gümrük Mevzuatı,Ceza & Kaçakçılık,Kaçakçılık (5607),Kaçakçılıkla mücadelede görevliler,Olumsuz kök (değildir / yanlıştır),Yetkili Merci,5607 Kaçakçılık Kanunu,Orta,"5607'ye göre kaçakçılığı önleme, izleme ve araştırmakla görevli olmayan birim soruluyor.","5607'ye göre mülki amirler, Emniyet, Jandarma ve Sahil Güvenlik personeli görevli olup Kara Kuvvetleri Komutanlığı Sınır Birlikleri personeli bu görevliler arasında sayılmamıştır."
2022,26,D,Gümrük Mevzuatı,Ceza & Kaçakçılık,Kaçakçılık (5607),Kaçakçılık davasına katılma,Olumlu kök,Yetkili Merci,5607 Kaçakçılık Kanunu,Orta,5607 kapsamındaki davalarda başvurusu üzerine davaya katılan olarak kabul edilen kurum soruluyor.,5607 sayılı Kanun'da tanımlanan suçlardan açılan davalarda ilgili gümrük idaresi başvurusu üzerine davaya katılan olarak kabul edilir.
2022,27,B,Gümrük Mevzuatı,Ceza & Kaçakçılık,Kaçakçılık (5607),Kaçakçılık fiillerinin kapsamı,Olumsuz kök (değildir / yanlıştır),Kapsam & Şart,5607 Kaçakçılık Kanunu,Orta,5607 hükümlerine göre kaçakçılık fiili sayılmayan eylem soruluyor.,"Muaf olarak ithal edilen eşyayı süresi içinde yurt dışına çıkarmamak 5607'de kaçakçılık fiili olarak sayılmamıştır; izinsiz akaryakıt üretimi, boru hattından alınan ürünlerin satışı, bandrol taklidi ve transit eşyayı gümrük bölgesinde bırakmak kaçakçılık fiilidir."
2022,28,D,Gümrük Mevzuatı,Genel Hükümler & Gümrük İşlemleri,Temel Kavramlar & Tanımlar,Gümrük rejimleri listesi,Olumsuz kök (değildir / yanlıştır),Kapsam & Şart,4458 Gümrük Kanunu,Kolay,Seçeneklerden hangisinin gümrük rejimi olmadığı soruluyor.,"Geçici ihracat ayrı bir gümrük rejimi değildir; gümrük rejimleri serbest dolaşıma giriş, transit, antrepo, dahilde işleme, GKAİ, geçici ithalat, hariçte işleme ve ihracattır."
2022,29,B,Gümrük Mevzuatı,Vergi Alacağı (Yükümlülük-Tahsil-Geri Verme),Gümrük Yükümlülüğü & Teminat,İhracatta yükümlülüğün başlaması,Olumlu kök,Kapsam & Şart,4458 Gümrük Kanunu,Orta,İhracat vergilerine tabi eşyanın ihracında gümrük yükümlülüğünün başladığı tarih soruluyor.,İhracat vergilerine tabi eşyanın gümrük beyannamesi kapsamında ihracında gümrük yükümlülüğü beyannamenin tescil tarihinde başlar.
2022,30,B,Gümrük Mevzuatı,Dış Ticaret,Dış Ticaret Politikası & İthalatta Vergiler,Fikri haklarda re'sen alıkoyma,Olumlu kök,Sayısal (süre-oran-tutar),4458 Gümrük Kanunu,Orta,Fikri ve sınai hakları ihlal ettiğine dair açık delil bulunan eşyanın re'sen alıkonulabileceği azami süre soruluyor.,Fikri ve sınai hakları ihlal ettiğine dair açık deliller bulunan eşya gümrük idaresince en fazla 3 iş günü süreyle re'sen alıkonulabilir.
2022,31,C,Gümrük Mevzuatı,Genel Hükümler & Gümrük İşlemleri,Temel Kavramlar & Tanımlar,GOİK kapsamı,Olumsuz kök (değildir / yanlıştır),Kapsam & Şart,4458 Gümrük Kanunu,Orta,Gümrükçe onaylanmış işlem veya kullanım kapsamında olmayan işlem soruluyor.,"GOİK; bir gümrük rejimine tabi tutma, serbest bölgeye giriş, yeniden ihracat, imha ve gümrüğe terki kapsar; serbest dolaşımdaki eşyanın OSB'deki bir firmaya satışı GOİK değildir."
2022,32,A,Gümrük Mevzuatı,Genel Hükümler & Gümrük İşlemleri,"Özet Beyan, Geçici Depolama, Beyan & Muayene",Özet beyan sonrası GOİK süresi,Olumlu kök,Sayısal (süre-oran-tutar),4458 Gümrük Kanunu,Kolay,Özet beyan kapsamındaki eşyaya GOİK verilmesi için öngörülen süre soruluyor.,"Özet beyan kapsamı eşyaya denizyolu ile gelenlerde 45 gün, diğer yollarla (karayolu dahil) gelenlerde 20 gün içinde GOİK verilir."
2022,33,B,Gümrük Mevzuatı,Genel Hükümler & Gümrük İşlemleri,Temel Kavramlar & Tanımlar,Ekonomik etkili rejimler,Olumsuz kök (değildir / yanlıştır),Kapsam & Şart,4458 Gümrük Kanunu,Kolay,Ekonomik etkili gümrük rejimi olmayan rejim soruluyor.,"Ekonomik etkili gümrük rejimleri antrepo, dahilde işleme, GKAİ, geçici ithalat ve hariçte işlemedir; transit rejimi bunlar arasında değildir."
2022,34,D,Gümrük Mevzuatı,Vergi Alacağı (Yükümlülük-Tahsil-Geri Verme),Gümrük Yükümlülüğü & Teminat,Gümrük yükümlülüğünün sona ermesi,Olumsuz kök (değildir / yanlıştır),Kapsam & Şart,4458 Gümrük Kanunu,Orta,Gümrük yükümlülüğünü sona erdirmeyen hal soruluyor.,"Gümrük yükümlülüğü vergilerin ödenmesi veya kaldırılması, beyannamenin iptali ve kanuna aykırı giren eşyanın müsaderesi ile sona erer; beyannamenin düzeltilmesi yükümlülüğü sona erdirmez."
2022,35,A,Gümrük Mevzuatı,Dış Ticaret,Dış Ticaret Politikası & İthalatta Vergiler,İthalat Rejimi Kararı listeleri,Olumsuz kök (değildir / yanlıştır),Doğru/Yanlış Hüküm,Dış Ticaret Mevzuatı,Orta,İthalat Rejimi Kararı eki listelerin içeriğine ilişkin yanlış ifade soruluyor.,"İthalat Rejimi Kararı'nda I sayılı liste tarım ürünlerini, IV sayılı liste balık ve diğer su ürünlerini gösterir; I sayılı listenin su ürünlerini gösterdiği ifadesi yanlıştır."
2022,36,B,Gümrük Mevzuatı,Ceza & Kaçakçılık,İdari Para Cezaları & İtiraz,Lisans/izin eksikliğinde GK 235,Olumsuz kök (değildir / yanlıştır),Doğru/Yanlış Hüküm,4458 Gümrük Kanunu,Zor,GK 235 uyarınca lisans/izin belgesine tabi eşyanın belgesiz beyanında uygulanacak yaptırımlara ilişkin yanlış ifade soruluyor.,"Bu durumda fark gümrük vergileri alınır ve eşya mahrecine iade, transit veya terk edilebilir; ancak idari para cezası 'gümrük vergileri tutarında' değil, eşyanın gümrüklenmiş değeri esas alınarak verilir."
2022,37,C,Gümrük Mevzuatı,Gümrük Rejimleri,Serbest Dolaşıma Giriş,Nihai kullanım izni,Olumsuz kök (değildir / yanlıştır),Doğru/Yanlış Hüküm,"Genel (""gümrük mevzuatına göre"")",Orta,Nihai kullanım uygulamasına ilişkin yanlış ifade soruluyor.,Nihai kullanım kapsamındaki eşya bir izin hak sahibinden başka bir izin hak sahibine devredilebilir; devredilemeyeceği ifadesi yanlıştır.
2022,38,E,Gümrük Mevzuatı,Dış Ticaret,Dış Ticaret Politikası & İthalatta Vergiler,İthalatta alınan vergi ve fonlar,Olumsuz kök (değildir / yanlıştır),Kapsam & Şart,"Genel (""gümrük mevzuatına göre"")",Orta,Eşyanın ithalatında alınan vergi ve fonlardan olmayan kalem soruluyor.,"İthalatta ek mali yükümlülük, KDV, ÖTV ve ilave gümrük vergisi alınır; ticari ithalatta TRT bandrolü ithalatta alınan vergi ve fonlar arasında sayılmaz."
2022,39,E,Gümrük Mevzuatı,Gümrük Rejimleri,Serbest Dolaşıma Giriş,Serbest dolaşım statüsünün kaybı,Olumsuz kök (değildir / yanlıştır),Kapsam & Şart,4458 Gümrük Kanunu,Orta,GK'ya göre serbest dolaşım statüsünü sona erdirmeyen hal soruluyor.,Serbest dolaşım statüsü beyannamenin iptali ve GK 213-214 ile geri ödeme sistemli DİR kapsamındaki geri verme/kaldırma ile sona erer; beyannamede düzeltme yapılması statüyü sona erdirmez.
2022,40,D,Gümrük Mevzuatı,Gümrük Rejimleri,Serbest Dolaşıma Giriş,TGB'ye getirilmeden serbest dolaşım,Olumlu kök,Kapsam & Şart,2009/15481 Karar,Orta,2009/15481 Karar'a göre Türkiye Gümrük Bölgesi'ne getirilmeksizin serbest dolaşıma girebilecek eşya soruluyor.,Kararda belirtilen şartların sağlanması koşuluyla Türk Bayrağı çekilmiş gemiler Türkiye Gümrük Bölgesi'ne getirilmeksizin serbest dolaşıma sokulabilir.
2022,41,D,Gümrük Mevzuatı,Genel Hükümler & Gümrük İşlemleri,Temel Kavramlar & Tanımlar,'Gümrük vergileri' deyimi,Olumlu kök,Tanım / Kavram,4458 Gümrük Kanunu,Kolay,Eşyaya uygulanan ithalat veya ihracat vergilerinin tümünü ifade eden deyim soruluyor.,"GK md. 3'e göre 'gümrük vergileri', ilgili mevzuat uyarınca eşyaya uygulanan ithalat vergilerinin ya da ihracat vergilerinin tümünü ifade eder."
2022,42,B,Gümrük Mevzuatı,Ceza & Kaçakçılık,İdari Para Cezaları & İtiraz,İthali yasak eşyada GK 235/1,Olumlu kök,Sayısal (süre-oran-tutar),4458 Gümrük Kanunu,Orta,GK 235/1'e göre ithali yasak eşyanın tespitinde verilecek idari para cezası soruluyor.,Serbest dolaşıma giriş rejiminde eşyanın ithalinin yasak olduğu tespit edilirse fark vergiler alınır ve eşyanın gümrüklenmiş değerinin dört katı idari para cezası verilir.
2022,43,B,Gümrük Mevzuatı,Dış Ticaret,Dış Ticaret Politikası & İthalatta Vergiler,Tarife kontenjanı tanımı,Olumlu kök,Tanım / Kavram,"Genel (""gümrük mevzuatına göre"")",Kolay,Belirli dönemde vergi indirimi veya muafiyetle yapılan ithalatın miktar/değerini ifade eden kavram soruluyor.,Belirli bir dönem itibarıyla gümrük vergisi ve/veya diğer mali yüklerde indirim yapılan ya da muafiyet sağlanan ithalatın miktar veya değerine tarife kontenjanı denir.
2022,44,A,Gümrük Mevzuatı,Vergilendirme Unsurları (Tarife-Menşe-Kıymet),Gümrük Kıymeti,Satış bedeli yönteminin uygulanabilirliği,Olumlu kök,Kapsam & Şart,"Genel (""gümrük mevzuatına göre"")",Orta,Koşullar sağlanırsa kıymeti satış bedeli yöntemiyle belirlenebilecek işlem soruluyor.,"İlişkili firmalardan yapılan ithalatta ilişki fiyatı etkilememişse satış bedeli yöntemi uygulanabilir; ayrı tüzel kişiliği olmayan şubeler, finansal kiralama, ödünç ve imha için ödemeli gönderimler satış sayılmaz."
2022,45,B,Gümrük Mevzuatı,Genel Hükümler & Gümrük İşlemleri,"Özet Beyan, Geçici Depolama, Beyan & Muayene",Miras eşyasının beyanı,Olumlu kök,Belge & Prosedür,Gümrük Yönetmeliği,Orta,Türkiye'de vefat eden yabancıların mirasçılarına intikal eden eşyanın hangi belgeyle beyan edileceği soruluyor.,Türkiye'de vefat eden yabancıların ülkelerindeki kanuni mirasçılarına intikal eden kişisel eşya ve ev eşyası sözlü beyan formu ile beyan edilir.
2022,46,C,Gümrük Mevzuatı,Gümrük Rejimleri,Dahilde İşleme Rejimi,Telafi edici vergi,Olumlu kök,Tanım / Kavram,"Genel (""gümrük mevzuatına göre"")",Orta,DİR şartlı muafiyetle elde edilen Türk menşeli eşyanın tercihli ithalatı nedeniyle ödenecek verginin adı soruluyor.,"Tercihli tarife uygulaması bünyedeki serbest dolaşımda olmayan eşyanın ithalat vergilerinin ödenmesi koşuluna bağlıysa, DİR şartlı muafiyet sistemi kapsamında ödenen bu vergiye telafi edici vergi denir."
2022,47,E,Gümrük Mevzuatı,Vergilendirme Unsurları (Tarife-Menşe-Kıymet),Gümrük Kıymeti,Royalti ve lisans ücreti tanımı,Olumsuz kök (değildir / yanlıştır),Kapsam & Şart,Gümrük Yönetmeliği,Orta,Gümrük Yönetmeliği'ndeki royalti ve lisans ücreti tanımında yer almayan unsur soruluyor.,"Royalti ve lisans ücreti tanımı patent, dizayn, model, tescilli tasarım gibi hakları kapsar; mizanpaj bu tanımda yer almaz."
2022,48,A,Gümrük Mevzuatı,Vergilendirme Unsurları (Tarife-Menşe-Kıymet),Gümrük Kıymeti,Aynı eşya tanımı,Olumsuz kök (değildir / yanlıştır),Kapsam & Şart,Gümrük Yönetmeliği,Kolay,Kıymet hükümleri kapsamında 'aynı eşya'da bulunması zorunlu olmayan özellik soruluyor.,"Aynı eşya; fiziksel özellik, kalite ve tanındığı özellikler dahil her bakımdan aynı olan ve aynı ülkede üretilmiş eşyadır; aynı kişi tarafından üretilmiş olması zorunlu değildir."
2022,49,E,Gümrük Mevzuatı,Vergilendirme Unsurları (Tarife-Menşe-Kıymet),Gümrük Kıymeti,Satış bedelini engelleyen kısıtlamalar,Olumlu kök,Kapsam & Şart,4458 Gümrük Kanunu,Orta,Alıcının eşyayı elden çıkarma veya kullanmasına ilişkin hangi kısıtlamanın satış bedeli yöntemini engellediği soruluyor.,"Kanunla veya yetkili mercilerce konulan, yeniden satış bölgesini sınırlayan ya da kıymeti önemli ölçüde etkilemeyen kısıtlamalar dışındaki, eşyanın kullanım yeri ve şekline ilişkin kısıtlamalar satış bedelinin esas alınmasını engeller."
2022,50,E,Gümrük Mevzuatı,Vergilendirme Unsurları (Tarife-Menşe-Kıymet),Gümrük Kıymeti,Son yöntemde esas alınmayacaklar,Olumsuz kök (değildir / yanlıştır),Kapsam & Şart,4458 Gümrük Kanunu,Orta,Son yönteme göre kıymet belirlenirken esas alınmayacak unsurlar arasında sayılmayan seçenek soruluyor.,"Son yöntemde önceki yöntemlerin makul bir esneklikle uygulanmasıyla bulunan kıymet esas alınabilir; Türkiye'deki iç satış fiyatı, ihraç ülkesi iç piyasa fiyatı, üçüncü ülkeye ihraç fiyatı ve asgari kıymetler esas alınamaz."
2022,51,E,Gümrük Mevzuatı,Vergilendirme Unsurları (Tarife-Menşe-Kıymet),Gümrük Kıymeti,Kıymete ilave edilen komisyonlar,Olumsuz kök (değildir / yanlıştır),Kapsam & Şart,4458 Gümrük Kanunu,Kolay,Satış bedeline eklenecek unsurlar arasında yer almayan alıcı masrafı soruluyor.,"Satış komisyonu, tellaliye, ambalaj bedeli ve tek eşya muamelesi gören kap maliyeti kıymete eklenir; satın alma komisyonu gümrük kıymetine dahil edilmez."
2022,52,E,Gümrük Mevzuatı,Vergilendirme Unsurları (Tarife-Menşe-Kıymet),Gümrük Kıymeti,Fiilen ödenen veya ödenecek fiyat,Olumsuz kök (değildir / yanlıştır),Doğru/Yanlış Hüküm,"Genel (""gümrük mevzuatına göre"")",Orta,Fiilen ödenen veya ödenecek fiyata ilişkin yanlış ifade soruluyor.,Alıcının pazarlama dahil kendi hesabına yaptığı faaliyetler satıcıya yapılmış dolaylı ödeme sayılmaz ve gümrük kıymetine dahil edilmez.
2022,53,E,Gümrük Mevzuatı,Vergilendirme Unsurları (Tarife-Menşe-Kıymet),Gümrük Kıymeti,Hesaplanmış kıymet unsurları,Olumsuz kök (değildir / yanlıştır),Kapsam & Şart,4458 Gümrük Kanunu,Orta,Hesaplanmış kıymet yönteminde toplama dahil edilmeyen unsur soruluyor.,"Hesaplanmış kıymet; malzeme ve imalat maliyetleri, aynı sınıf eşyanın satışındaki mutat kâr ve genel giderler ile nakliye-sigorta giderlerinin toplamıdır; pazarlama giderleri ayrıca toplama eklenmez."
2022,54,A,Gümrük Mevzuatı,Vergi Alacağı (Yükümlülük-Tahsil-Geri Verme),"Tahakkuk, Tebliğ & Tahsil",Hatalı beyanda faiz uygulaması,Olumlu kök,Tanım / Kavram,4458 Gümrük Kanunu,Orta,GK 193/3'e göre hatalı beyan sonucu noksan alınan vergilere uygulanacak ek tutar soruluyor.,"Beyan sahibinin hatalı beyanı sonucu hiç veya noksan alınan gümrük vergilerine, yükümlülüğün başladığı tarih ile vergilerin kesinleştiği tarih arasındaki süre için faiz uygulanır."
2022,55,B,Gümrük Mevzuatı,Vergilendirme Unsurları (Tarife-Menşe-Kıymet),Gümrük Kıymeti,Kıymette kur çevrimi,Olumlu kök,Belge & Prosedür,"Genel (""gümrük mevzuatına göre"")",Kolay,Kıymet tespitinde yabancı paraların Türk Lirasına çevrilmesinde kullanılacak kur soruluyor.,Gümrük vergisine esas kıymetin tespitinde fatura veya belgelerdeki yabancı paralar T.C. Merkez Bankası döviz satış kurları üzerinden Türk Lirasına çevrilir.
2022,56,E,Gümrük Mevzuatı,Gümrük Rejimleri,Gümrük Kontrolü Altında İşleme,GKAİ'de işlem görmüş ürün kıymeti,Öncüllü (I-II-III),Kapsam & Şart,"Genel (""gümrük mevzuatına göre"")",Zor,GKAİ'de serbest dolaşıma girecek işlem görmüş ürünün kıymetinin belirlenmesinde uygulanabilecek yöntemler soruluyor.,"GKAİ'de işlem görmüş ürünün kıymeti ilgilinin tercihine göre üçüncü ülkedeki aynı/benzer eşya kıymeti, ithal eşya kıymeti ile işleme maliyetinin toplamı, ilişkiden etkilenmemiş satış fiyatı veya Türkiye'deki satış fiyatı esas alınarak belirlenebilir."
2022,57,A,Gümrük Mevzuatı,Gümrük Rejimleri,Geçici İthalat,Taşıt takip programları,Olumlu kök,Belge & Prosedür,Tebliğler,Zor,Eşya ve yolcu taşımayan tüzel kişiler adına kayıtlı otomobilin kaydedileceği program soruluyor.,Geçici İthal Edilen Kara Taşıtları Tebliği'ne göre eşya ve yolcu taşımayan tüzel kişilikler adına kayıtlı otomobiller 1 No.lu Taşıt Takip Programına kaydedilir.
2022,58,B,Gümrük Mevzuatı,Gümrük Rejimleri,Hariçte İşleme,Üçgen trafikte INF 2 formu,Olumlu kök,Belge & Prosedür,Gümrük Yönetmeliği,Orta,Hariçte işlemede üçgen trafikte geçici ihraç eşyası bilgilerinin bildirildiği form soruluyor.,Hariçte işleme rejiminde üçgen trafikte işlem görmüş ürünlerin muafiyetten yararlanması için geçici ihraç eşyasına ilişkin bilgiler INF 2 bilgi formu ile bildirilir.
2022,59,D,Gümrük Mevzuatı,Gümrük Rejimleri,Hariçte İşleme,Bedelli tamirde vergilendirme,Boşluk doldurma,Kapsam & Şart,4458 Gümrük Kanunu,Orta,Bedelli tamir için geçici ihraç edilen eşyada ithalat vergisinin hesaplanacağı kıymet ve tarih soruluyor.,"Bedel karşılığı tamir edilen eşyada ithalat vergileri, gümrük kıymeti olarak tamir masraflarına eşit tutar dikkate alınarak serbest dolaşıma giriş beyannamesinin tescil tarihindeki vergi oranı ve unsurlarına göre belirlenir."
2022,60,E,Gümrük Mevzuatı,Gümrük Rejimleri,Geçici İthalat,Geçici ithalat genel hükümleri,Olumsuz kök (değildir / yanlıştır),Doğru/Yanlış Hüküm,"Genel (""gümrük mevzuatına göre"")",Orta,Geçici ithalat rejimine ilişkin yanlış ifade soruluyor.,"Geçici ithalat rejimi kapsamındaki eşya bir başkasına satılamaz; tüketilebilir ve ayniyeti tespit edilemeyen eşya rejimden yararlandırılmaz, kısmi muafiyette her ay için vergilerin %3'ü dışında kalan tutar teminata bağlanır."
2022,61,A,Gümrük Mevzuatı,Gümrük Rejimleri,Geçici İthalat,CPD karnesi,Olumlu kök,Belge & Prosedür,Tebliğler,Orta,Ticari ve kişisel kara taşıtları için kefil kuruluşlarca verilen teminat hükmündeki belge soruluyor.,Ticari ve kişisel kullanıma mahsus kara taşıtları için ulusal ve uluslararası kefil kuruluşlarca verilen teminat hükmündeki belge Gümrüklerden Geçiş Karnesi (CPD)'dir.
2022,62,D,Gümrük Mevzuatı,Genel Hükümler & Gümrük İşlemleri,Temel Kavramlar & Tanımlar,Şartlı muafiyet düzenlemesi,Boşluk doldurma,Kapsam & Şart,4458 Gümrük Kanunu,Orta,Şartlı muafiyet düzenlemesi deyimine dahil olmayan rejim soruluyor.,"Şartlı muafiyet düzenlemesi, serbest dolaşımda olmayan eşyaya transit, antrepo, şartlı muafiyet sistemli DİR, GKAİ ve geçici ithalat rejimlerinin uygulanmasıdır; hariçte işleme dahil değildir."
2022,63,E,Gümrük Mevzuatı,Meslek & Kolaylaştırma,Gümrük Müşavirliği & Temsil,Mesleğe engel suçlar,Olumsuz kök (değildir / yanlıştır),Kapsam & Şart,4458 Gümrük Kanunu,Orta,Gümrük müşaviri/yardımcısı olmaya engel teşkil etmeyen suç soruluyor.,"İrtikap, yalan yere şahadet, iftira ve dolandırıcılıktan hüküm giymek gümrük müşavirliğine engeldir; görevi kötüye kullanma sayılan engel suçlar arasında değildir."
2022,64,D,Gümrük Mevzuatı,Meslek & Kolaylaştırma,Gümrük Müşavirliği & Temsil,İzin belgesinin tedbiren alınması,Olumlu kök,Sayısal (süre-oran-tutar),4458 Gümrük Kanunu,Orta,GK Geçici 6. maddeye göre izin belgelerinin tedbiren alınabileceği azami süre soruluyor.,Mevzuata aykırı hareketi görülen gümrük müşaviri ve yardımcılarının izin belgeleri tedbir mahiyetinde en fazla 6 ay süreyle geçici olarak alınabilir.
2022,65,E,Gümrük Mevzuatı,Ceza & Kaçakçılık,İdari Para Cezaları & İtiraz,241/1 usulsüzlük cezası tutarı,Olumlu kök,Sayısal (süre-oran-tutar),4458 Gümrük Kanunu,Zor,2022 yılı için GK 241/1 kapsamındaki usulsüzlük cezası tutarı soruluyor.,GK 241/1 maddesindeki usulsüzlük cezası 2022 yılı için yeniden değerleme ile 235 TL olarak uygulanmıştır.
2022,66,C,Gümrük Mevzuatı,Ceza & Kaçakçılık,İdari Para Cezaları & İtiraz,İtiraz süresi,Olumlu kök,Sayısal (süre-oran-tutar),4458 Gümrük Kanunu,Kolay,"Gümrük vergileri, cezalar ve idari kararlara karşı itiraz süresi soruluyor.","GK 242'ye göre tebliğ edilen vergi, ceza ve idari kararlara karşı tebliğden itibaren 15 gün içinde bir üst makama, üst makam yoksa aynı makama itiraz edilir."
2022,67,D,Gümrük Mevzuatı,Meslek & Kolaylaştırma,Yetkilendirilmiş Gümrük Müşavirliği,YGM rapor kodları,Olumlu kök,Belge & Prosedür,Tebliğler,Zor,Genel antrepoya eşya giriş-çıkış tespitine ilişkin YGM raporunun kodu soruluyor.,YGM Tebliği'ne göre genel antrepoya eşya giriş çıkış işlemlerinin tespitine ilişkin rapor AN8 kodlu rapordur.
2022,68,E,Gümrük Mevzuatı,Gümrük Rejimleri,Antrepo Rejimi,E tipi antrepo,Olumlu kök,Tanım / Kavram,Gümrük Yönetmeliği,Orta,Eşyanın izin hak sahibinin depolama yerine ulaşınca stok kayıtlarına alındığı antrepo tipi soruluyor.,"E tipi antrepoda eşya, izin hak sahibinin antrepo addedilen depolama yerine ulaştığında stok kayıtlarına alınır."
2022,69,B,Gümrük Mevzuatı,Ceza & Kaçakçılık,İdari Para Cezaları & İtiraz,Antrepoda izinsiz elleçleme cezası,Olumlu kök,Sayısal (süre-oran-tutar),4458 Gümrük Kanunu,Orta,Antrepodaki eşyanın izinsiz olarak büyük kaptan küçük kaba aktarılmasında uygulanacak yaptırım soruluyor.,Antrepodaki eşyanın asli niteliği değiştirilmeden gümrük izni alınmaksızın elleçlenmesi (kap değiştirme) halinde usulsüzlük cezası dört kat uygulanır.
2022,70,E,Gümrük Mevzuatı,Ceza & Kaçakçılık,İdari Para Cezaları & İtiraz,Antrepo beyanında farklılık cezası,Olumlu kök,Vaka / Senaryo,4458 Gümrük Kanunu,Zor,Antrepo beyannamesinde ithali izne tabi ve belirgin farklı cinste eşya çıkması halinde uygulanacak yaptırım soruluyor.,Antrepo beyanında farklı çıkan eşyanın ithali kamu kurumu iznine tabi ve beyan edilenden belirgin şekilde farklı cinste ise farklı çıkan eşyanın gümrüklenmiş değerinin iki katı idari para cezası verilir.
2022,71,D,Gümrük Mevzuatı,Vergilendirme Unsurları (Tarife-Menşe-Kıymet),Tarife & BTB,BTB başvuru belgeleri,Olumsuz kök (değildir / yanlıştır),Kapsam & Şart,Gümrük Yönetmeliği,Orta,Gümrük Yönetmeliği'ne göre BTB başvurusunda bulunması gerekmeyen bilgi/belge soruluyor.,"BTB başvurusunda hak sahibi/başvuran bilgileri, eşyanın ayrıntılı tanımı ve numune, fotoğraf vb. belgeler istenir; daha önce yapılmış ithalat/ihracata ait beyanname ve eklerinin orijinal nüshaları istenmez."
2022,72,E,Gümrük Mevzuatı,Gümrük Rejimleri,Antrepo Rejimi,Antrepo tipleri ve süreler,Öncüllü (I-II-III),Doğru/Yanlış Hüküm,"Genel (""gümrük mevzuatına göre"")",Zor,"Antrepo tipleri, gümrük kapısı mağazalarına izin ve antrepoda kalış süresine ilişkin öncüllerden yanlış olanlar soruluyor.","Dört öncül de yanlıştır: C tipi antrepo özel antrepodur, F tipi genel antrepodur, gümrük kapılarındaki satış mağazalarına izin vermeye Bölge Müdürlüğü yetkili değildir ve eşyanın antrepoda kalış süresi sınırlı değildir."
2022,73,E,Gümrük Mevzuatı,Gümrük Rejimleri,"Transit Rejimi (TIR, NCTS)",TIR taşıt onay belgesi,Olumsuz kök (değildir / yanlıştır),Kapsam & Şart,Tebliğler,Kolay,TIR Tebliği'ne göre taşıt onay belgesi düzenlenemeyecek taşıt soruluyor.,"TIR işlemlerinde yarı römork, brandalı taşıt, tanker ve panelvan için taşıt onay belgesi düzenlenebilir; binek otomobil için düzenlenemez."
2022,74,C,Gümrük Mevzuatı,Gümrük Rejimleri,"Transit Rejimi (TIR, NCTS)",TIR'da güzergah ve süre ihlali,Olumlu kök,Doğru/Yanlış Hüküm,Tebliğler,Zor,TIR Tebliği'ne göre güzergah kat etme süreleri ve ihlallerine ilişkin doğru ifade soruluyor.,TIR taşımalarında güzergah ihlali yaptığı tespit edilen taşıtlar için GK 241. maddenin altıncı fıkrası uyarınca para cezası uygulanır.
2022,75,C,Gümrük Mevzuatı,Gümrük Rejimleri,"Transit Rejimi (TIR, NCTS)",NATO SOFA transiti - Form 302,Olumlu kök,Belge & Prosedür,"Genel (""gümrük mevzuatına göre"")",Orta,NATO Kuvvetlerin Statüsü Sözleşmesi kapsamında transitin hangi belgeyle yapılacağı soruluyor.,NATO SOFA kapsamında eşyanın Türkiye Gümrük Bölgesi'nde transiti Form 302 belgesinin ibrazı ile yapılır.
2022,76,D,Gümrük Mevzuatı,Gümrük Rejimleri,"Transit Rejimi (TIR, NCTS)",Transitte teminat aranmayan haller,Olumsuz kök (değildir / yanlıştır),Kapsam & Şart,"Genel (""gümrük mevzuatına göre"")",Orta,Transit rejiminde teminat aranmayan taşıma şekli soruluyor.,Transit rejiminde boru hattı ile yapılan taşımalarda teminat aranmaz.
2022,77,C,Gümrük Mevzuatı,Genel Hükümler & Gümrük İşlemleri,"Özet Beyan, Geçici Depolama, Beyan & Muayene",Beyannamede düzeltme,Olumlu kök,Doğru/Yanlış Hüküm,4458 Gümrük Kanunu,Orta,GK 63 kapsamında beyannamede düzeltmeye ilişkin doğru ifade soruluyor.,GK 63'e göre beyannamede düzeltme gümrük idaresinin iznine bağlıdır ve GK 73 hükümleri saklı kalmak üzere eşyanın tesliminden sonra düzeltmeye izin verilmez.
2022,78,E,Gümrük Mevzuatı,Genel Hükümler & Gümrük İşlemleri,"Özet Beyan, Geçici Depolama, Beyan & Muayene",Beyanname yerine geçen belgeler,Olumsuz kök (değildir / yanlıştır),Belge & Prosedür,"Genel (""gümrük mevzuatına göre"")",Orta,Gümrük beyannamesi yerine kullanılmayan belge soruluyor.,"Sözlü beyan formu, elçilik mektubu, CPD karnesi ve yolcu beraberi numune, sergi ve fuar eşyası beyan formu beyanname yerine kullanılabilir; CIM taşıma belgesi beyanname yerine kullanılmaz."
2022,79,D,Gümrük Mevzuatı,Meslek & Kolaylaştırma,Gümrük Müşavirliği & Temsil,Doğrudan ve dolaylı temsil,Olumsuz kök (değildir / yanlıştır),Doğru/Yanlış Hüküm,4458 Gümrük Kanunu,Kolay,Gümrük mevzuatında temsile ilişkin yanlış ifade soruluyor.,Dolaylı temsilde temsilci kendi adına ancak başkasının hesabına hareket eder; doğrudan temsilde ise başkasının adına ve hesabına hareket eder.
2022,80,A,Gümrük Mevzuatı,Genel Hükümler & Gümrük İşlemleri,"Özet Beyan, Geçici Depolama, Beyan & Muayene",Muayene ve numune alma,Olumlu kök,Doğru/Yanlış Hüküm,4458 Gümrük Kanunu,Kolay,Gümrük mevzuatında muayeneye ilişkin doğru ifade soruluyor.,Gümrük idareleri beyan kapsamı eşyayı muayene edebilir ve ayrıntılı muayene veya tahlil amacıyla numune alabilir.
2022,81,E,Gümrük Mevzuatı,Dış Ticaret,Dış Ticaret Belgeleri & Teşkilat,Çeki listesi tanımı,Olumlu kök,Tanım / Kavram,"Genel (""gümrük mevzuatına göre"")",Kolay,Fatura kapsamı eşyanın kaplara göre miktarını gösteren belgenin adı soruluyor.,Bir fatura kapsamı eşyanın çeşitli cins ve ağırlıktaki kaplarda ne miktarda bulunduğunu gösteren belgeye çeki listesi denir.
2022,82,B,Gümrük Mevzuatı,Genel Hükümler & Gümrük İşlemleri,"Özet Beyan, Geçici Depolama, Beyan & Muayene",İhracatta geçici depolama süresi,Boşluk doldurma,Sayısal (süre-oran-tutar),Gümrük Yönetmeliği,Orta,İhracat amacıyla geçici depolama yerine konulan eşyanın kalış süresi ve verilebilecek ek süre soruluyor.,İhracat veya yeniden ihracat amacıyla geçici depolama yerine konulan eşya burada bir ay kalabilir; süre içinde talep edilirse gümrük müdürlüğünce en çok üç aya kadar ek süre verilebilir.
2022,83,D,Gümrük Mevzuatı,Muafiyetler,"Muafiyetler (Yolcu, Posta, Geri Gelen Eşya)",Taşıt muafiyetinden yararlananlar,Olumsuz kök (değildir / yanlıştır),Kapsam & Şart,2009/15481 Karar,Orta,Kullanılmış özel nakil vasıtasını muafen serbest dolaşıma sokamayan kişi soruluyor.,Türk vatandaşlığından izinle çıkıp yabancı ülke vatandaşlığı alan kişilerin kullanılmış özel nakil vasıtalarını gümrük vergisinden muaf olarak serbest dolaşıma sokmasına izin verilmez.
2022,84,E,Gümrük Mevzuatı,Muafiyetler,"Muafiyetler (Yolcu, Posta, Geri Gelen Eşya)",2009/15481 Karar muafiyet hükümleri,Olumsuz kök (değildir / yanlıştır),Doğru/Yanlış Hüküm,2009/15481 Karar,Zor,2009/15481 Karar'daki muafiyet hükümlerine ilişkin yanlış ifade soruluyor.,Otobüslerin standart depolarındaki yakıt için Kararda öngörülen muafiyet sınırı 550 litre değildir; 15 yaş üstü yolcuların hediyelik eşyası için 430 Avro sınırı ve kiralık konut ev eşyası muafiyeti ise doğrudur.
2022,85,D,Gümrük Mevzuatı,Muafiyetler,"Muafiyetler (Yolcu, Posta, Geri Gelen Eşya)",Kişisel ve şahsi eşya tanımları,Olumsuz kök (değildir / yanlıştır),Tanım / Kavram,2009/15481 Karar,Orta,"Karar'daki aile ünitesi, kişisel eşya, şahsi eşya ve yerleşim yeri nakli tanımlarına ilişkin yanlış ifade soruluyor.","Şahsi eşya, kişisel eşyayı da kapsayan; ev eşyası, özel nakil vasıtaları ve aile ihtiyaçlarını içeren daha geniş bir kavram olduğundan ikisinin kapsamı aynı değildir."
2022,86,B,Gümrük Mevzuatı,Muafiyetler,"Muafiyetler (Yolcu, Posta, Geri Gelen Eşya)",Hediyelik eşya muafiyet limiti,Olumlu kök,Sayısal (süre-oran-tutar),2009/15481 Karar,Kolay,Yolcu beraberi hediyelik eşya için 15 yaş altı ve üstü yolculara uygulanan limitler soruluyor.,"Yolcu beraberi hediyelik eşya muafiyet limiti 15 yaş altı yolcular için 150 Avro, 15 yaş üstü yolcular için 430 Avro'dur."
2022,87,B,Gümrük Mevzuatı,Vergi Alacağı (Yükümlülük-Tahsil-Geri Verme),Gümrük Yükümlülüğü & Teminat,Gümrük müşavirinin müteselsil sorumluluğu,Öncüllü (I-II-III),Vaka / Senaryo,4458 Gümrük Kanunu,Orta,Ek tahakkuk kararıyla istenen ilave verginin ödenmesinde X kişisi ve gümrük müşavirinin sorumluluğuna ilişkin yanlış ifade soruluyor.,Gümrük müşaviri hesabına beyanda bulunduğu kişiyle birlikte ilave tahakkuk eden vergiden müştereken ve müteselsilen sorumlu olduğundan vergi bir kez ödenir; ikisinin ayrı ayrı tamamını ödemesi gerekmez.
2022,88,B,Gümrük Mevzuatı,Vergi Alacağı (Yükümlülük-Tahsil-Geri Verme),"Tahakkuk, Tebliğ & Tahsil",Ek tahakkukta ödeme süresi,Olumlu kök,Sayısal (süre-oran-tutar),4458 Gümrük Kanunu,Kolay,Sonradan kontrolle hiç veya noksan alındığı belirlenen gümrük vergilerinin tebliğden itibaren ödeme süresi soruluyor.,Kontrol sonucu hiç veya noksan alındığı belirlenen gümrük vergileri yükümlüye tebliğ edildiği tarihten itibaren 15 gün içinde ödenir.
2022,89,C,Gümrük Mevzuatı,Vergi Alacağı (Yükümlülük-Tahsil-Geri Verme),Geri Verme / Kaldırma,Geri verme başvurusu ve süreleri,Olumsuz kök (değildir / yanlıştır),Doğru/Yanlış Hüküm,"Genel (""gümrük mevzuatına göre"")",Orta,Geri verme veya kaldırma başvurusuna ilişkin yanlış ifade soruluyor.,"GK 211 uyarınca yapılacak geri verme veya kaldırma işlemlerinde başvuru süresi bir yıl değil, tebliğden itibaren üç yıldır."
2022,90,A,Gümrük Mevzuatı,Vergi Alacağı (Yükümlülük-Tahsil-Geri Verme),Geri Verme / Kaldırma,Geri vermede yetkili birim,Olumlu kök,Yetkili Merci,"Genel (""gümrük mevzuatına göre"")",Orta,250.000 TL tutarındaki gümrük vergisinin geri verilmesi talebini değerlendirmeye yetkili birim soruluyor.,250.000 TL tutarında tahsil edilmiş gümrük vergisinin geri verilmesi talebini ilgili gümrük müdürlüğü değerlendirir.
2022,91,D,Gümrük Mevzuatı,Vergi Alacağı (Yükümlülük-Tahsil-Geri Verme),Geri Verme / Kaldırma,Uluslararası anlaşmayla geri verme,Olumlu kök,Sayısal (süre-oran-tutar),4458 Gümrük Kanunu,Orta,Uluslararası anlaşmalar kapsamında geri verme başvurusunun yapılması gereken süre soruluyor.,"Türkiye'nin taraf olduğu uluslararası anlaşmalar çerçevesinde gümrük vergilerinin geri verilmesi için başvuru, vergilerin tebliğinden itibaren 1 yıl içinde yapılır."
2022,92,E,Gümrük Mevzuatı,Vergi Alacağı (Yükümlülük-Tahsil-Geri Verme),Gümrük Yükümlülüğü & Teminat,Kabul edilmeyen teminatlar,Olumsuz kök (değildir / yanlıştır),Kapsam & Şart,Gümrük Yönetmeliği,Orta,Gümrük Yönetmeliği'ne göre teminat olarak kabul edilmeyen değer soruluyor.,"Gümrük işlemlerinde nakit Türk Lirası, süresiz banka teminat mektubu, DİBS ve Merkez Bankasınca kabul edilen dövizler teminat olarak kabul edilir; kesin kefalet senedi kabul edilmez."
2022,93,C,Gümrük Mevzuatı,Meslek & Kolaylaştırma,YYS & Onaylanmış Kişi (Kolaylaştırma),YYS başvurusunda faaliyet süresi,Olumlu kök,Sayısal (süre-oran-tutar),Kolaylaştırma Yönetmeliği,Kolay,Yetkilendirilmiş yükümlü statüsü başvurusu için aranan asgari faaliyet süresi soruluyor.,Yetkilendirilmiş yükümlü statüsü için başvuracak Türkiye Gümrük Bölgesi'nde yerleşik kişilerin en az 3 yıldır faaliyette bulunması gerekir.
2022,94,C,Gümrük Mevzuatı,Meslek & Kolaylaştırma,YYS & Onaylanmış Kişi (Kolaylaştırma),OKS kolaylıkları,Olumsuz kök (değildir / yanlıştır),Kapsam & Şart,Tebliğler,Orta,Onaylanmış kişi statüsü sahiplerinin faydalanamadığı uygulama soruluyor.,"Onaylanmış kişi statüsü sahipleri eksik beyan, kısmi ve götürü teminat ile mavi hat uygulamalarından yararlanır; yeşil hat bu kolaylıklar arasında değildir."
2022,95,B,Gümrük Mevzuatı,Meslek & Kolaylaştırma,YYS & Onaylanmış Kişi (Kolaylaştırma),Mavi hat uygulaması,Olumlu kök,Doğru/Yanlış Hüküm,Tebliğler,Orta,OKS Tebliği'ne göre mavi hat uygulamasına ilişkin doğru ifade soruluyor.,"Mavi hat, onaylanmış kişi statüsü sahiplerince sadece ihracat beyannamelerinde yararlanılan hattır."
2022,96,C,Gümrük Mevzuatı,Genel Hükümler & Gümrük İşlemleri,"Özet Beyan, Geçici Depolama, Beyan & Muayene",Numune ve tahlil işlemleri,Olumsuz kök (değildir / yanlıştır),Doğru/Yanlış Hüküm,Gümrük Yönetmeliği,Orta,Gümrük Yönetmeliği'ne göre numune alma ve tahlile ilişkin yanlış ifade soruluyor.,Eşya sahibi veya temsilcileri beyana konu eşyanın tahlili için gümrük laboratuvarlarına doğrudan numune gönderemez; numuneler gümrük idaresince gönderilir.
2022,97,D,Gümrük Mevzuatı,Gümrük Rejimleri,Dahilde İşleme Rejimi,DİR'in amaçları,Olumsuz kök (değildir / yanlıştır),Kapsam & Şart,"Genel (""gümrük mevzuatına göre"")",Kolay,Dahilde işleme rejiminin amaçlarından biri olmayan ifade soruluyor.,"DİR'in amaçları dünya fiyatlarından hammadde temini, ihracatı artırma, ihraç ürünlerini çeşitlendirme ve ihraç pazarlarını geliştirmektir; ithalatı artırarak ithalatçıyı desteklemek amaçları arasında değildir."
2022,98,A,Gümrük Mevzuatı,Vergilendirme Unsurları (Tarife-Menşe-Kıymet),Gümrük Kıymeti,Benzer eşya tanımı,Olumsuz kök (değildir / yanlıştır),Kapsam & Şart,Gümrük Yönetmeliği,Kolay,Kıymet hükümleri kapsamında 'benzer eşya'da bulunması gerekmeyen özellik soruluyor.,"Benzer eşya aynı işlevi görebilen, ticari olarak birbirini ikame edebilen, benzer özellik ve unsurlara sahip eşyadır; aynı ticari markayı taşıması gerekmez."
2022,99,E,Gümrük Mevzuatı,Vergilendirme Unsurları (Tarife-Menşe-Kıymet),Gümrük Kıymeti,Alıcı-satıcı arasında ilişki,Olumsuz kök (değildir / yanlıştır),Kapsam & Şart,Gümrük Yönetmeliği,Orta,Kıymet tespitinde alıcı ile satıcı arasında ilişkinin varlığının kabul edilmediği durum soruluyor.,"Birbirinin memuru/idarecisi olma, işçi-işveren ilişkisi ve doğrudan/dolaylı kontrol ilişki sayılır; yalnızca tek acente olarak iş ilişkisi içinde bulunmak ilişki varlığı için yeterli değildir."
2022,100,C,Gümrük Mevzuatı,Meslek & Kolaylaştırma,Gümrük Müşavirliği & Temsil,Müşavir yardımcısı ve stajyer yetkileri,Olumsuz kök (değildir / yanlıştır),Doğru/Yanlış Hüküm,4458 Gümrük Kanunu,Kolay,"GK'ya göre gümrük müşaviri, yardımcısı ve stajyerlerin yetki ve sorumluluklarına ilişkin yanlış ifade soruluyor.",Stajyerler gümrük idarelerinde iş takibi yapamaz; gümrük müşavir yardımcıları ise bir gümrük müşavirinin yanında onun adına iş takip edebilir.
2023,1,C,Türkçe,Türkçe,Cümlede Anlam,Cümlede pişmanlık anlamı,Olumlu kök,Dil Kuralı,—,Kolay,Verilen cümlelerden hangisinde pişmanlık anlamı bulunduğu soruluyor.,"""-meliydi"" (gereklilik kipinin hikâyesi) ile kurulan ""İyi tanımadığım birine bu kadar güvenmemeliydim."" cümlesi pişmanlık anlamı taşır."
2023,2,C,Türkçe,Türkçe,Sözcükte Anlam / Deyim,Cümlede deyim kullanımı,Olumlu kök,Dil Kuralı,—,Kolay,Hangi cümlede deyim kullanıldığı soruluyor.,"""Ağzını aramak"" birinin bir konudaki düşüncesini dolaylı yoldan öğrenmeye çalışmak anlamında bir deyimdir."
2023,3,E,Türkçe,Türkçe,Dil Bilgisi,Ünsüz yumuşaması istisnası,Olumsuz kök (değildir / yanlıştır),Dil Kuralı,—,Orta,Ünlüyle başlayan ek aldığında yumuşamaya uğramayan sözcük soruluyor.,"""Kibrit"" sözcüğü ünlüyle başlayan ek aldığında yumuşamaz (kibriti); kitap-kitabı, dört-dördü, kemik-kemiği, sonuç-sonucu yumuşar."
2023,4,C,Türkçe,Türkçe,Sözcükte Anlam / Deyim,Sesteş sözcükler,Olumsuz kök (değildir / yanlıştır),Dil Kuralı,—,Orta,Verilen sözcüklerden hangisinin sesteşi olmadığı soruluyor.,"""Seç"" sözcüğünün sesteşi yoktur; yüz, yol, kurum ve çay sözcüklerinin farklı anlamlı sesteşleri vardır."
2023,5,D,Türkçe,Türkçe,Sözcükte Anlam / Deyim,Sözcükte mecaz anlam,Olumlu kök,Dil Kuralı,—,Kolay,"""Karışmak"" sözcüğünün mecaz anlamda kullanıldığı cümle soruluyor.","""Aklım karışıyor"" ifadesinde ""karışmak"" zihnin bulanması anlamında mecazdır; diğer cümlelerde gerçek anlamda kullanılmıştır."
2023,6,C,Matematik,Matematik,Problemler,Yaş problemi,Olumlu kök,Hesaplama,—,Kolay,15 ve 12 yaşındaki iki kardeşin 5 yıl sonraki yaşları toplamı soruluyor.,Bugünkü yaş toplamı 15+12=27 olup 5 yıl sonra her biri 5 yaş büyüyeceğinden toplam 27+10=37 olur.
2023,7,E,Matematik,Matematik,Problemler,Uzunluk ölçü birimi dönüşümü,Olumsuz kök (değildir / yanlıştır),Hesaplama,—,Kolay,Uzunluk birimleriyle yapılan işlemlerden sonucu yanlış olanı soruluyor.,"22 km - 1500 m = 20.500 m (2.050.000 cm) olduğundan ""21500 cm"" sonucu yanlıştır."
2023,8,C,Matematik,Matematik,Problemler,Litre ile bölme problemi,Olumlu kök,Hesaplama,—,Kolay,675 litre zeytinyağının kaç adet 5 litrelik tenekeye dolacağı soruluyor.,675 / 5 = 135 teneke zeytinyağı gönderilir.
2023,9,B,Matematik,Matematik,Problemler,Saat ve zaman problemi,Olumlu kök,Hesaplama,—,Kolay,15:00'te okuldan çıkan öğrencinin ardışık etkinliklerden sonra ödeve başlama saati soruluyor.,25+45+55+60 = 185 dakika (3 saat 5 dakika) eklenince ödeve 18:05'te başlanır.
2023,10,A,Matematik,Matematik,Problemler,Ağırlık ölçüsü problemi,Olumlu kök,Hesaplama,—,Kolay,Günde 5 sefer 2 ton 550 kg taşıyan kamyonun bir haftada taşıdığı kömür soruluyor.,"2.550 kg × 5 × 7 = 89.250 kg, yani 89 ton 250 kg kömür taşınır."
2023,11,B,Tarih (İnkılap),Tarih (İnkılap),İnkılaplar & Atatürk İlkeleri,Cumhuriyetin ilanı,Olumlu kök,Olgu Bilgisi,—,Kolay,29 Ekim 1923 tarihinde yaşanan gelişme soruluyor.,Cumhuriyet 29 Ekim 1923'te ilan edilmiştir.
2023,12,A,Tarih (İnkılap),Tarih (İnkılap),İnkılaplar & Atatürk İlkeleri,Atatürk'ün doğum yeri ve yılı,Olumlu kök,Olgu Bilgisi,—,Kolay,Atatürk'ün doğum yeri ve yılının doğru eşleşmesi soruluyor.,Mustafa Kemal Atatürk 1881 yılında Selanik'te doğmuştur.
2023,13,D,Tarih (İnkılap),Tarih (İnkılap),İnkılaplar & Atatürk İlkeleri,Atatürk ilkeleri,Olumsuz kök (değildir / yanlıştır),Olgu Bilgisi,—,Kolay,Hangisinin Atatürk ilkelerinden biri olmadığı soruluyor.,"Atatürk ilkeleri cumhuriyetçilik, milliyetçilik, halkçılık, devletçilik, laiklik ve inkılapçılıktır; tesanütçülük bunlardan biri değildir."
2023,14,B,Tarih (İnkılap),Tarih (İnkılap),Millî Mücadele,Başkomutan Meydan Muharebesi,Olumlu kök,Olgu Bilgisi,—,Kolay,Milli Mücadele'yi zaferle sonuçlandıran son muharebe soruluyor.,Milli Mücadele'nin zaferle sonuçlanmasını sağlayan son muharebe Başkomutan Meydan Muharebesi'dir (1922).
2023,15,C,Tarih (İnkılap),Tarih (İnkılap),Atatürk Dönemi Dış Politika,Hatay'ın anavatana katılması,Olumlu kök,Olgu Bilgisi,—,Kolay,1939'da Türkiye sınırlarına katılan il soruluyor.,Hatay 1939 yılında Türkiye Cumhuriyeti sınırlarına dahil edilmiştir.
2023,16,E,Anayasa / Vatandaşlık,Anayasa / Vatandaşlık,Temel Hukuk & Devletin Nitelikleri,Değiştirilemez hükümler,Olumsuz kök (değildir / yanlıştır),Kapsam & Şart,—,Kolay,Anayasa md. 4 kapsamında değiştirilemeyen hükümlerden olmayan unsur soruluyor.,"Devletin şekli, nitelikleri, dili, bayrağı, milli marşı ve başkenti değiştirilemez; Cumhurbaşkanlığı konutunun yeri bu hükümler arasında yoktur."
2023,17,D,Anayasa / Vatandaşlık,Anayasa / Vatandaşlık,Seçimler,Seçimlerin genel esasları,Olumlu kök,Kapsam & Şart,—,Kolay,Anayasaya göre seçimlerin hangi oy ve sayım esasıyla yapıldığı soruluyor.,"Seçimler serbest, eşit, gizli, tek dereceli, genel oy ve açık sayım-döküm esaslarına göre yargı yönetim ve denetiminde yapılır."
2023,18,A,Anayasa / Vatandaşlık,Anayasa / Vatandaşlık,Temel Hukuk & Devletin Nitelikleri,Normlar hiyerarşisi,Olumlu kök,Olgu Bilgisi,—,Kolay,Normlar hiyerarşisinin en üstünde yer alan norm soruluyor.,Normlar hiyerarşisinde en üstte Anayasa bulunur.
2023,19,C,Anayasa / Vatandaşlık,Anayasa / Vatandaşlık,Yürütme (Cumhurbaşkanı),Cumhurbaşkanlığı seçim periyodu,Olumlu kök,Sayısal (süre-oran-tutar),—,Kolay,1982 Anayasası'na göre Cumhurbaşkanlığı seçimlerinin kaç yılda bir yapıldığı soruluyor.,Cumhurbaşkanlığı ve TBMM seçimleri beş yılda bir aynı günde yapılır.
2023,20,E,Anayasa / Vatandaşlık,Anayasa / Vatandaşlık,Temel Hukuk & Devletin Nitelikleri,Cumhuriyetin nitelikleri,Olumsuz kök (değildir / yanlıştır),Kapsam & Şart,—,Kolay,Türkiye Cumhuriyeti Devleti'nin nitelikleri arasında yer almayan özellik soruluyor.,"Türkiye demokratik, laik ve sosyal bir hukuk devletidir; üniter yapıda olup federal devlet niteliği taşımaz."
2023,21,C,Gümrük Mevzuatı,Ceza & Kaçakçılık,İdari Para Cezaları & İtiraz,Usulsüzlük cezasının niteliği,Olumlu kök,Tanım / Kavram,4458 Gümrük Kanunu,Orta,Vergi kaybına neden olan işlemler bölümü dışındaki maddeye dayanan para cezasının türü soruluyor.,Gümrük Kanunu'nda vergi kaybına neden olan işlemlere ilişkin cezalar bölümü dışında kalan maddelere dayanan para cezaları usulsüzlük cezasıdır.
2023,22,D,Gümrük Mevzuatı,Ceza & Kaçakçılık,Kaçakçılık (5607),Kaçakçılıkla mücadelede görevliler,Olumsuz kök (değildir / yanlıştır),Yetkili Merci,5607 Kaçakçılık Kanunu,Kolay,"Kaçakçılığı önleme, izleme ve araştırmakla görevli olmayanlar soruluyor.","5607'ye göre mülki amirler, Emniyet, Jandarma, Sahil Güvenlik ve gümrük muhafaza birimleri görevlidir; özel güvenlik çalışanları görevli değildir."
2023,23,D,Gümrük Mevzuatı,Meslek & Kolaylaştırma,Gümrük Müşavirliği & Temsil,Müşavirlerin belge saklama süresi,Olumlu kök,Sayısal (süre-oran-tutar),4458 Gümrük Kanunu,Orta,"Gümrük müşavirlerinin fatura, makbuz ve masraf belgelerini saklama süresi soruluyor.","Gümrük müşavirleri düzenledikleri fatura, makbuz ve masraf belgelerinin asıl ve örneklerini 5 yıl saklamak zorundadır."
2023,24,C,Gümrük Mevzuatı,Meslek & Kolaylaştırma,Gümrük Müşavirliği & Temsil,Disiplin cezalarında zamanaşımı,Olumlu kök,Sayısal (süre-oran-tutar),4458 Gümrük Kanunu,Orta,Disiplin cezalarının aykırılığın tespitinden itibaren hangi sürede zamanaşımına uğradığı soruluyor.,"Adli kovuşturma konusu olan haller dışında, disiplin cezaları aykırılığın tespitinden itibaren 3 yıl içinde uygulanmazsa zamanaşımına uğrar."
2023,25,E,Gümrük Mevzuatı,Meslek & Kolaylaştırma,Gümrük Müşavirliği & Temsil,Meslekten çıkarma halleri,Olumlu kök,Vaka / Senaryo,4458 Gümrük Kanunu,Kolay,Kaçakçılık suçundan mahkûmiyeti kesinleşen meslek mensubuna verilecek disiplin cezası soruluyor.,Kaçakçılık suçundan mahkûmiyet kararı kesinleşen meslek mensuplarına meslekten çıkarma cezası verilir.
2023,26,D,Gümrük Mevzuatı,Meslek & Kolaylaştırma,Gümrük Müşavirliği & Temsil,Değişikliklerin derneğe bildirilmesi,Olumlu kök,Sayısal (süre-oran-tutar),Gümrük Yönetmeliği,Orta,"İzin belgesi, şirket ve temsil bilgilerindeki değişikliklerin derneğe bildirim süresi soruluyor.","Gümrük müşavirleri izin belgesi no, şirket adı, temsile yetkili kişiler gibi bilgilerdeki değişiklikleri bir hafta içinde derneklerine bildirir."
2023,27,C,Gümrük Mevzuatı,Meslek & Kolaylaştırma,Gümrük Müşavirliği & Temsil,Disiplin cezası türleri,Olumsuz kök (değildir / yanlıştır),Kapsam & Şart,4458 Gümrük Kanunu,Orta,Meslek mensuplarına verilen disiplin cezalarından olmayanı soruluyor.,"Disiplin cezaları uyarma, kınama, geçici olarak mesleki faaliyetten alıkoyma ve meslekten çıkarmadır; izin belgesinin tedbiren geri alınması disiplin cezası değildir."
2023,28,C,Gümrük Mevzuatı,Meslek & Kolaylaştırma,Gümrük Müşavirliği & Temsil,Geçici alıkoyma cezası süresi,Olumlu kök,Sayısal (süre-oran-tutar),4458 Gümrük Kanunu,Orta,Geçici olarak mesleki faaliyetten alıkoyma cezasının alt ve üst süreleri soruluyor.,"Geçici olarak mesleki faaliyetten alıkoyma cezası 6 aydan az, 1 yıldan fazla olamaz."
2023,29,C,Gümrük Mevzuatı,Ceza & Kaçakçılık,İdari Para Cezaları & İtiraz,Temsil yetkisiz iş takibi cezası,Olumlu kök,Sayısal (süre-oran-tutar),4458 Gümrük Kanunu,Zor,Geçerli temsil yetkisi olmadan başkası adına iş takibinde uygulanacak usulsüzlük cezasının katı soruluyor.,Geçerli temsil yetkisi olmadan başka kişi adına veya hesabına iş takip edene 241/1'deki miktarın 4 katı usulsüzlük cezası uygulanır.
2023,30,A,Gümrük Mevzuatı,Ceza & Kaçakçılık,İdari Para Cezaları & İtiraz,Stajyer bildirimi usulsüzlük cezası,Olumlu kök,Sayısal (süre-oran-tutar),Gümrük Yönetmeliği,Zor,Stajyer ve GMY işe başlayış-ayrılış bildirimlerinin süresinde yapılmamasının usulsüzlük cezası soruluyor.,GY Ek-82'ye göre stajyer ve GMY işe başlayış/ayrılış bildiriminin süresinde yapılmaması halinde 241/1 uyarınca belirlenen tutar (1 kat) uygulanır.
2023,31,D,Gümrük Mevzuatı,Genel Hükümler & Gümrük İşlemleri,Temel Kavramlar & Tanımlar,GOİK deyiminin kapsamı,Olumsuz kök (değildir / yanlıştır),Kapsam & Şart,4458 Gümrük Kanunu,Orta,Gümrükçe onaylanmış işlem veya kullanım deyiminin içermediği işlem soruluyor.,"GOİK; rejime tabi tutma, serbest bölgeye girme, yeniden ihraç, imha ve gümrüğe terki kapsar; geçici depolama yerine konulma GOİK değildir."
2023,32,B,Gümrük Mevzuatı,Meslek & Kolaylaştırma,Yetkilendirilmiş Gümrük Müşavirliği,YGM antrepo rapor sınırı,Boşluk doldurma,Sayısal (süre-oran-tutar),Gümrük Yönetmeliği,Zor,YGM'nin antrepo giriş-çıkış ve stok tespiti için rapor düzenleyebileceği antrepo sayısı soruluyor.,Yetkilendirilmiş gümrük müşavirleri iki genel antrepoyu geçmemek üzere toplam dört antrepo için rapor düzenleyebilir.
2023,33,B,Gümrük Mevzuatı,Ceza & Kaçakçılık,İdari Para Cezaları & İtiraz,Tarife farkı vergi kaybı cezası,Olumlu kök,Sayısal (süre-oran-tutar),4458 Gümrük Kanunu,Orta,GK 234/1'e göre tarife değişikliği ile %5'i aşan vergi farkında uygulanacak cezanın katı soruluyor.,Kontrolde tarife değişip vergi farkı %5'i aşarsa ithalat vergilerinden ayrı olarak farkın 3 katı para cezası uygulanır.
2023,34,B,Gümrük Mevzuatı,Gümrük Rejimleri,Geçici İthalat,Fuar ve sergi eşyası,Olumlu kök,Belge & Prosedür,"Genel (""gümrük mevzuatına göre"")",Kolay,Fuar ve sergilerde sergilenmek üzere getirilen eşyaya uygulanan rejim soruluyor.,Fuar ve sergi yerlerinde sergilenmek üzere getirilen eşyaya geçici ithalat rejimi hükümleri uygulanır.
2023,35,D,Gümrük Mevzuatı,Gümrük Rejimleri,Antrepo Rejimi,Elleçleme izni veren makam,Olumlu kök,Yetkili Merci,"Genel (""gümrük mevzuatına göre"")",Kolay,Antrepolarda elleçleme faaliyetlerine izin veren makam soruluyor.,Antrepolardaki elleçleme faaliyetlerine gümrük müdürlüğü izin verir.
2023,36,B,Gümrük Mevzuatı,Dış Ticaret,Dış Ticaret Politikası & İthalatta Vergiler,Ticaret politikası önlemleri,Olumsuz kök (değildir / yanlıştır),Kapsam & Şart,4458 Gümrük Kanunu,Orta,Hangisinin ticaret politikası önlemi olmadığı soruluyor.,"Gözetim, kota, ithalat ve ihracat yasakları ticaret politikası önlemidir; gümrük vergisi bir ticaret politikası önlemi sayılmaz."
2023,37,B,Gümrük Mevzuatı,Gümrük Rejimleri,Geçici İthalat,Kısmi muafiyette aylık vergi oranı,Olumlu kök,Sayısal (süre-oran-tutar),4458 Gümrük Kanunu,Orta,Kısmi muafiyetle geçici ithal edilen eşya için her ay alınacak vergi tutarı soruluyor.,"Kısmi muafiyette her ay için, tescil tarihinde serbest dolaşıma girseydi alınacak vergilerin %3'ü tahsil edilir."
2023,38,B,Gümrük Mevzuatı,Genel Hükümler & Gümrük İşlemleri,"Özet Beyan, Geçici Depolama, Beyan & Muayene",Geçici depolanan eşya statüsü,Olumlu kök,Tanım / Kavram,4458 Gümrük Kanunu,Kolay,Gümrüğe sunulduktan sonra GOİK verilinceye kadar eşyanın statüsü soruluyor.,"Gümrüğe sunulan eşya, GOİK'e tabi tutuluncaya kadar geçici depolanan eşya statüsündedir."
2023,39,E,Gümrük Mevzuatı,Genel Hükümler & Gümrük İşlemleri,"Özet Beyan, Geçici Depolama, Beyan & Muayene",GOİK verilme süreleri,Boşluk doldurma,Sayısal (süre-oran-tutar),4458 Gümrük Kanunu,Kolay,Özet beyan kapsamı eşyaya deniz ve diğer yollarda GOİK verilme süreleri soruluyor.,"Özet beyan kapsamındaki eşyaya denizyolunda 45 gün, diğer yollarda 20 gün içinde GOİK belirlenerek işlemler tamamlanır."
2023,40,B,Gümrük Mevzuatı,Genel Hükümler & Gümrük İşlemleri,"Özet Beyan, Geçici Depolama, Beyan & Muayene",Beyanname yerine geçen belgeler,Olumsuz kök (değildir / yanlıştır),Kapsam & Şart,"Genel (""gümrük mevzuatına göre"")",Orta,Gümrük beyannamesi yerine geçen belgelerden olmayanı soruluyor.,"TIR karnesi, ATA karnesi, kumanya listesi ve elçilik mektubu beyanname yerine geçer; menşe şahadetnamesi beyanname yerine geçmez."
2023,41,B,Gümrük Mevzuatı,Vergilendirme Unsurları (Tarife-Menşe-Kıymet),Menşe,Menşe ispat belgeleri,Olumlu kök,Belge & Prosedür,"Genel (""gümrük mevzuatına göre"")",Kolay,Verilen belgelerden hangisinin menşe ispat belgesi olduğu soruluyor.,"EUR.1 dolaşım belgesi bir (tercihli) menşe ispat belgesidir; INF 3, konşimento ve satış sözleşmesi menşe belgesi değildir."
2023,42,A,Gümrük Mevzuatı,Vergilendirme Unsurları (Tarife-Menşe-Kıymet),Menşe,A.TR dolaşım belgesi,Olumlu kök,Vaka / Senaryo,"Genel (""gümrük mevzuatına göre"")",Orta,Almanya'dan ithal edilen sanayi ürünü için A.TR belgesinin etkisi soruluyor.,AB'den gelen sanayi ürünleri A.TR dolaşım belgesi eşliğinde gümrük vergisi ödenmeksizin ithal edilir; KDV ise alınır.
2023,43,B,Gümrük Mevzuatı,Ceza & Kaçakçılık,İdari Para Cezaları & İtiraz,İlişkinin beyan edilmemesi cezası,Olumlu kök,Sayısal (süre-oran-tutar),4458 Gümrük Kanunu,Zor,Vergi kaybı olmasa da ilişkili kişiler arasındaki satışta ilişkinin beyan edilmemesinin cezası soruluyor.,Vergi kaybı olmasa da GK 24'e göre alıcı-satıcı ilişkisinin beyan edilmemesi halinde 241/1'deki miktarın iki katı usulsüzlük cezası uygulanır.
2023,44,A,Gümrük Mevzuatı,Vergi Alacağı (Yükümlülük-Tahsil-Geri Verme),"Tahakkuk, Tebliğ & Tahsil",Tahakkukta uygulanacak kanun,Olumlu kök,Belge & Prosedür,4458 Gümrük Kanunu,Kolay,Gümrük vergilerinin tahakkukunda hangi kanun hükümlerinin uygulandığı soruluyor.,Gümrük vergilerinin tahakkuku Gümrük Kanunu hükümlerine göre yapılır.
2023,45,D,Gümrük Mevzuatı,Dış Ticaret,Dış Ticaret Politikası & İthalatta Vergiler,Gümrüklenmiş değer hesabı,Olumlu kök,Hesaplama,"Genel (""gümrük mevzuatına göre"")",Kolay,CIF kıymeti 50.000 TL ve gümrük vergileri 5.000 TL olan eşyanın gümrüklenmiş değeri soruluyor.,"Gümrüklenmiş değer, CIF kıymete gümrük vergilerinin eklenmesiyle bulunur: 50.000 + 5.000 = 55.000 TL."
2023,46,D,Gümrük Mevzuatı,Vergilendirme Unsurları (Tarife-Menşe-Kıymet),Gümrük Kıymeti,Kıymet tespit yöntemleri,Olumsuz kök (değildir / yanlıştır),Kapsam & Şart,4458 Gümrük Kanunu,Kolay,Gümrük kıymeti tespit yöntemlerinden olmayanı soruluyor.,"Kıymet yöntemleri satış bedeli, aynı eşya, benzer eşya, indirgeme, hesaplanmış değer ve son yöntemdir; aritmetik ortalama fiyat yöntemi yoktur."
2023,47,D,Gümrük Mevzuatı,Vergilendirme Unsurları (Tarife-Menşe-Kıymet),Gümrük Kıymeti,Veri taşıyıcılarında veri/komut,Olumlu kök,Kapsam & Şart,Gümrük Yönetmeliği,Orta,"Bilgi taşıyıcılarının kıymetinde ""veri veya komut"" deyimine giren kayıt soruluyor.","""Veri veya komut"" deyimi yazılımı kapsar; ses, sinematografik veya video kayıtlarını kapsamaz."
2023,48,B,Gümrük Mevzuatı,Muafiyetler,"Muafiyetler (Yolcu, Posta, Geri Gelen Eşya)",Yolcu beraberi muaf eşya,Olumsuz kök (değildir / yanlıştır),Kapsam & Şart,2009/15481 Karar,Orta,Yolcuların muafen getiremeyeceği eşya soruluyor.,"Yolcular limitler dahilinde hediyelik eşya, zati eşya, 1 kg çay ve bir evcil hayvanı muafen getirebilir; 10 karton sigara muafiyet limitini aşar."
2023,49,E,Gümrük Mevzuatı,Dış Ticaret,Dış Ticaret Politikası & İthalatta Vergiler,İthalatta tahsil edilen vergiler,Olumsuz kök (değildir / yanlıştır),Kapsam & Şart,"Genel (""gümrük mevzuatına göre"")",Kolay,İthalatta gümrük idarelerince tahsil edilmeyen vergi soruluyor.,"İthalatta gümrük vergisi, KDV, ÖTV ve ilave gümrük vergisi tahsil edilir; motorlu taşıtlar vergisi gümrük idaresince tahsil edilmez."
2023,50,D,Gümrük Mevzuatı,Muafiyetler,"Muafiyetler (Yolcu, Posta, Geri Gelen Eşya)",Yolcu eşyası ambarında kalma süresi,Olumlu kök,Sayısal (süre-oran-tutar),"Genel (""gümrük mevzuatına göre"")",Orta,Yolcu eşyasına mahsus gümrük ambarlarına konulan eşyanın kalabileceği süre soruluyor.,Yolcu beraberi getirilip yolcu eşyasına mahsus gümrük ambarlarına konulan eşya buralarda 3 ay kalabilir.
2023,51,E,Gümrük Mevzuatı,Ceza & Kaçakçılık,Kaçakçılık (5607),5607 sayılı Kanunun amacı,Olumlu kök,Tanım / Kavram,5607 Kaçakçılık Kanunu,Kolay,"Kaçakçılık fiillerini, yaptırımlarını ve önleme usullerini belirleyen kanun soruluyor.","Kaçakçılık fiil ve yaptırımları ile önleme, izleme, araştırma usul ve esasları 5607 sayılı Kaçakçılıkla Mücadele Kanunu'nda düzenlenir."
2023,52,D,Gümrük Mevzuatı,Gümrük Rejimleri,İhracat Rejimi,1000 rejim kodu,Olumlu kök,Belge & Prosedür,"Genel (""gümrük mevzuatına göre"")",Orta,"""1000"" rejim kodunun açıklaması soruluyor.","1000 rejim kodu, daha önce bir rejime tabi tutulmamış eşyanın kesin ihracatını ifade eder."
2023,53,B,Gümrük Mevzuatı,Muafiyetler,"Muafiyetler (Yolcu, Posta, Geri Gelen Eşya)",Geri gelen eşya süresi,Olumlu kök,Sayısal (süre-oran-tutar),4458 Gümrük Kanunu,Kolay,İhraç edilen serbest dolaşımdaki eşyanın geri gelen eşya muafiyeti için azami süre soruluyor.,"İhraç edilen serbest dolaşımdaki eşya, mücbir sebep hariç 3 yıl içinde yeniden serbest dolaşıma girerse talep üzerine ithalat vergilerinden muaf tutulur."
2023,54,E,Gümrük Mevzuatı,Gümrük Rejimleri,Geçici İthalat,Geçici ithalat rejimi tanımı,Olumlu kök,Tanım / Kavram,4458 Gümrük Kanunu,Kolay,Eşyanın değişmeden yeniden ihracı amacıyla vergilerden muaf kullanımını sağlayan rejim soruluyor.,Serbest dolaşımda olmayan eşyanın tamamen/kısmen muaf ve TPÖ'ye tabi olmadan kullanılıp değişmeden yeniden ihracını sağlayan rejim geçici ithalattır.
2023,55,C,Gümrük Mevzuatı,Gümrük Rejimleri,Dahilde İşleme Rejimi,Eşdeğer eşya tanımı,Olumlu kök,Tanım / Kavram,Dış Ticaret Mevzuatı,Orta,Dahilde işleme rejiminde eşdeğer eşyanın tanımı soruluyor.,"Eşdeğer eşya, işlem görmüş ürünlerin imali için ithal eşyasının yerine kullanılan serbest dolaşımdaki eşyadır."
2023,56,D,Gümrük Mevzuatı,Gümrük Rejimleri,Dahilde İşleme Rejimi,DİR izni veren idare,Olumlu kök,Yetkili Merci,"Genel (""gümrük mevzuatına göre"")",Orta,Gümrük mevzuatına göre dahilde işleme iznini vermeye yetkili idare soruluyor.,Gümrük mevzuatına göre dahilde işleme izni gümrük müdürlüğünce verilir.
2023,57,C,Gümrük Mevzuatı,Genel Hükümler & Gümrük İşlemleri,Temel Kavramlar & Tanımlar,Mücbir sebep halleri,Olumsuz kök (değildir / yanlıştır),Kapsam & Şart,Gümrük Yönetmeliği,Kolay,Gümrük Yönetmeliği'ne göre mücbir sebep ve beklenmeyen hallerden olmayanı soruluyor.,"Doğal afet, ağır kaza/hastalık/tutukluluk, seferberlik ve iflas mücbir sebep sayılır; yurtdışı gezisi mücbir sebep değildir."
2023,58,E,Gümrük Mevzuatı,Genel Hükümler & Gümrük İşlemleri,Serbest Bölge & Gümrüksüz Satış,Serbest bölgedeki eşyanın rejimleri,Olumsuz kök (değildir / yanlıştır),Doğru/Yanlış Hüküm,"Genel (""gümrük mevzuatına göre"")",Orta,Serbest bölgedeki serbest dolaşımda olmayan eşya hakkında yanlış ifade soruluyor.,"Serbest bölgedeki serbest dolaşımda olmayan eşya DİR, GKAİ, geçici ithalat veya serbest dolaşıma girebileceği gibi yurt dışına da gönderilebilir."
2023,59,B,Gümrük Mevzuatı,Muafiyetler,"Muafiyetler (Yolcu, Posta, Geri Gelen Eşya)",Geri gelen eşyada TPÖ istisnası,Olumlu kök,Yetkili Merci,4458 Gümrük Kanunu,Orta,İhracı dış ticaret önlemine konu eşyada geri gelen eşya muafiyeti istisnasını belirleyecek merci soruluyor.,İhracı dış ticaret önlemine konu eşyaya geri gelen eşya muafiyeti tanınmaması kuralının istisna hal ve şartlarını Cumhurbaşkanı belirler.
2023,60,B,Gümrük Mevzuatı,Ceza & Kaçakçılık,İdari Para Cezaları & İtiraz,Beyansız ihracat teşebbüsü cezası,Olumlu kök,Vaka / Senaryo,4458 Gümrük Kanunu,Zor,Vergi/kısıtlamaya tabi olmayan ticari eşyayı beyansız yurt dışına çıkarmaya çalışan kişiye ceza soruluyor.,İhracat vergisi veya kısıtlamaya tabi olmayan ticari eşyayı beyansız yurt dışına çıkarmaya çalışana eşyanın FOB değerinin onda biri oranında para cezası verilir.
2023,61,E,Gümrük Mevzuatı,Vergi Alacağı (Yükümlülük-Tahsil-Geri Verme),"Tahakkuk, Tebliğ & Tahsil",Kesinleşmiş vergilerin takibi,Olumlu kök,Belge & Prosedür,4458 Gümrük Kanunu,Kolay,Süresinde ödenmeyen kesinleşmiş gümrük vergilerinin takibinde uygulanacak kanun soruluyor.,Süresinde ödenmeyen kesinleşmiş gümrük vergileri 6183 sayılı Amme Alacaklarının Tahsil Usulü Hakkında Kanun hükümlerine göre takip edilir.
2023,62,C,Gümrük Mevzuatı,Gümrük Rejimleri,Antrepo Rejimi,Antrepodan GOİK işlem süresi,Olumlu kök,Sayısal (süre-oran-tutar),4458 Gümrük Kanunu,Zor,GK 70'e göre antrepodaki eşya için verilen beyannamede işlemlerin tamamlanma süresi soruluyor.,Antrepodaki eşyaya GOİK tayini için beyanname verildiğinde gümrük işlemleri tescilden itibaren 30 gün içinde bitirilmelidir.
2023,63,D,Gümrük Mevzuatı,Genel Hükümler & Gümrük İşlemleri,Temel Kavramlar & Tanımlar,Gümrük rejimleri listesi,Olumsuz kök (değildir / yanlıştır),Kapsam & Şart,4458 Gümrük Kanunu,Kolay,Verilenlerden hangisinin gümrük rejimi olmadığı soruluyor.,"Antrepo, transit, dahilde ve hariçte işleme gümrük rejimidir; nihai kullanım ayrı bir gümrük rejimi değildir."
2023,64,C,Gümrük Mevzuatı,Vergilendirme Unsurları (Tarife-Menşe-Kıymet),Menşe,Tümüyle elde edilen eşya,Olumsuz kök (değildir / yanlıştır),Kapsam & Şart,4458 Gümrük Kanunu,Kolay,"""Tümüyle bir ülkede elde edilen eşya"" kapsamına girmeyen ürün soruluyor.","İthal girdi kullanılarak üretilen ürünler tümüyle elde edilmiş sayılmaz; o ülkede çıkarılan maden, toplanan bitki, doğan hayvan ve ürünleri sayılır."
2023,65,B,Gümrük Mevzuatı,Gümrük Rejimleri,Dahilde İşleme Rejimi,Şartlı muafiyet ve geri ödeme,Olumsuz kök (değildir / yanlıştır),Doğru/Yanlış Hüküm,"Genel (""gümrük mevzuatına göre"")",Orta,Dahilde işleme rejimine ilişkin yanlış ifade soruluyor.,"Şartlı muafiyet sisteminde ithal eşyasının vergileri tahsil edilmez, teminata bağlanır; vergilerin tahsil edilip sonradan geri verildiği sistem geri ödeme sistemidir."
2023,66,D,Gümrük Mevzuatı,Genel Hükümler & Gümrük İşlemleri,Temel Kavramlar & Tanımlar,Gümrük idaresi tanımı,Olumlu kök,Tanım / Kavram,4458 Gümrük Kanunu,Orta,"Gümrük Kanunu'na göre ""gümrük idaresi veya idareleri"" deyiminin anlamı soruluyor.",Gümrük idaresi; gümrük mevzuatındaki işlemlerin kısmen veya tamamen yerine getirildiği merkez veya taşra teşkilatındaki hiyerarşik birimlerin tamamıdır.
2023,67,D,Gümrük Mevzuatı,Genel Hükümler & Gümrük İşlemleri,Temel Kavramlar & Tanımlar,Gümrük idaresi sayılan birimler,Olumsuz kök (değildir / yanlıştır),Kapsam & Şart,4458 Gümrük Kanunu,Orta,Gümrük idaresi olarak değerlendirilemeyecek birim soruluyor.,"Gümrük müdürlükleri, Gümrükler GM, tasfiye işletme müdürlükleri ve bölge müdürlükleri gümrük idaresidir; gümrük saymanlık müdürlükleri değildir."
2023,68,C,Gümrük Mevzuatı,Vergi Alacağı (Yükümlülük-Tahsil-Geri Verme),Gümrük Yükümlülüğü & Teminat,Yükümlülüğü sona erdiren haller,Öncüllü (I-II-III),Kapsam & Şart,"Genel (""gümrük mevzuatına göre"")",Orta,Gümrük yükümlülüğünü sona erdiren haller öncüllerden seçtiriliyor.,"Vergilerin ödenmesi ve eşyanın teslimden önce doğal özellik, beklenmeyen hal veya mücbir sebeple telef/kaybı yükümlülüğü sona erdirir; beyannamenin düzeltilmesi erdirmez."
2023,69,C,Gümrük Mevzuatı,Vergi Alacağı (Yükümlülük-Tahsil-Geri Verme),Geri Verme / Kaldırma,Geri verme ve kaldırma deyimleri,Öncüllü (I-II-III),Doğru/Yanlış Hüküm,4458 Gümrük Kanunu,Orta,Geri verme ve kaldırma tanımları ile kapsamına ilişkin yanlış öncül soruluyor.,Geri verme ve kaldırma hükümleri Gümrük Kanunu kapsamında uygulanan idari para cezalarına uygulanır; adli para cezalarına uygulanmaz.
2023,70,C,Gümrük Mevzuatı,Vergi Alacağı (Yükümlülük-Tahsil-Geri Verme),"Tahakkuk, Tebliğ & Tahsil",Tebligat zamanaşımı süresi,Olumlu kök,Sayısal (süre-oran-tutar),4458 Gümrük Kanunu,Kolay,Hiç alınmayan veya noksan alınan vergilerin tebliğ süresi soruluyor.,"Denetimde hiç alınmadığı veya noksan alındığı belirlenen gümrük vergileri, yükümlülüğün doğduğu tarihten itibaren 3 yıl içinde tebliğ edilir."
2023,71,A,Gümrük Mevzuatı,Genel Hükümler & Gümrük İşlemleri,Temel Kavramlar & Tanımlar,Gümrük statüsü deyimi,Olumlu kök,Tanım / Kavram,4458 Gümrük Kanunu,Kolay,"""Gümrük statüsü"" deyiminin ne ifade ettiği soruluyor.","Gümrük statüsü, eşyanın Türkiye Gümrük Bölgesinde serbest dolaşıma girmiş olup olmadığı yönünden durumunu ifade eder."
2023,72,E,Gümrük Mevzuatı,Dış Ticaret,Dış Ticaret Politikası & İthalatta Vergiler,Yasak ve kısıtlama koyma yetkisi,Olumlu kök,Yetkili Merci,4458 Gümrük Kanunu,Orta,"Kamu ahlakı, sağlık, fikri mülkiyet vb. gerekçelerle GOİK'e yasak/kısıtlama koyma yetkisi soruluyor.","Kamu ahlakı, düzeni, güvenliği, sağlık, ulusal hazineler ve fikri-sınai haklar gerekçesiyle GOİK'e yasak veya kısıtlama koymaya Cumhurbaşkanı yetkilidir."
2023,73,D,Gümrük Mevzuatı,Ceza & Kaçakçılık,Kaçakçılık (5607),Transit eşyasını bırakma cezası,Olumlu kök,Vaka / Senaryo,5607 Kaçakçılık Kanunu,Orta,Transit rejimindeki eşyayı hükümlere aykırı olarak gümrük bölgesinde bırakan kişiye ceza soruluyor.,Transit rejimindeki serbest dolaşımda olmayan eşyayı aykırı olarak Türkiye'de bırakana 1-3 yıl hapis ve 5.000 güne kadar adli para cezası verilir.
2023,74,C,Gümrük Mevzuatı,Genel Hükümler & Gümrük İşlemleri,"Özet Beyan, Geçici Depolama, Beyan & Muayene",Gümrük mevzuatında süreler,Öncüllü (I-II-III),Sayısal (süre-oran-tutar),"Genel (""gümrük mevzuatına göre"")",Orta,"Antrepo, yolcu eşyası ambarı ve denizyolu GOİK sürelerine ilişkin doğru öncüller soruluyor.",Antrepoda kalış süresi sınırsızdır ve denizyolu eşyasına GOİK süresi 45 gündür; yolcu eşyası ambarında kalma süresi 1 yıl değil 3 aydır.
2023,75,D,Gümrük Mevzuatı,Genel Hükümler & Gümrük İşlemleri,Temel Kavramlar & Tanımlar,Yükümlü tanımı,Olumlu kök,Tanım / Kavram,4458 Gümrük Kanunu,Kolay,Gümrük yükümlülüğünü yerine getirmekle sorumlu bütün kişileri ifade eden kavram soruluyor.,"Yükümlü, gümrük yükümlülüğünü yerine getirmekle sorumlu bütün kişileri ifade eder."
2023,76,D,Gümrük Mevzuatı,Vergi Alacağı (Yükümlülük-Tahsil-Geri Verme),Geri Verme / Kaldırma,Geri verme yapılamayacak haller,Olumsuz kök (değildir / yanlıştır),Doğru/Yanlış Hüküm,"Genel (""gümrük mevzuatına göre"")",Orta,Geri verme ve kaldırma başvurularına ilişkin yanlış ifade soruluyor.,Kasti tahrifat veya TPÖ'ye tabi eşyanın kıymetinin yükümlü beyanıyla artırılması sonucu ödenen/tahakkuk eden vergiler geri verilmez ve kaldırılmaz.
2023,77,E,Gümrük Mevzuatı,Vergi Alacağı (Yükümlülük-Tahsil-Geri Verme),"Tahakkuk, Tebliğ & Tahsil",Vergilerin tebliği ve itiraz,Olumsuz kök (değildir / yanlıştır),Doğru/Yanlış Hüküm,4458 Gümrük Kanunu,Zor,"Gümrük vergilerinin tebliği, uzlaşma ve itirazına ilişkin yanlış ifade soruluyor.",Tebliğ edilen gümrük vergilerine karşı yapılan itirazlar 60 gün değil 30 gün içinde karara bağlanarak ilgiliye tebliğ edilir.
2023,78,C,Gümrük Mevzuatı,Genel Hükümler & Gümrük İşlemleri,"Özet Beyan, Geçici Depolama, Beyan & Muayene",Tahlil sonucuna itiraz mercii,Olumlu kök,Yetkili Merci,"Genel (""gümrük mevzuatına göre"")",Orta,Tebliğ edilen tahlil sonuçlarına yükümlü itirazını karara bağlayan merci soruluyor.,Yükümlülerin tahlil sonuçlarına itirazı ilgili Gümrük ve Dış Ticaret Bölge Müdürlüğünce karara bağlanır.
2023,79,E,Gümrük Mevzuatı,Vergilendirme Unsurları (Tarife-Menşe-Kıymet),Gümrük Kıymeti,Kıymete eklenen unsurlar,Olumsuz kök (değildir / yanlıştır),Kapsam & Şart,4458 Gümrük Kanunu,Orta,Alıcının bedelsiz sağladığı unsurlardan kıymete dahil edilmeyeni soruluyor.,"Alıcının sağladığı mühendislik, plan ve taslak hizmetleri yalnızca Türkiye dışında gerçekleştirilmişse kıymete eklenir; Türkiye'de yapılanlar eklenmez."
2023,80,C,Gümrük Mevzuatı,Genel Hükümler & Gümrük İşlemleri,"Özet Beyan, Geçici Depolama, Beyan & Muayene",Tahlilin zorunlu olduğu haller,Olumsuz kök (değildir / yanlıştır),Kapsam & Şart,Gümrük Yönetmeliği,Zor,Gümrük Yönetmeliği'ne göre tahlili zorunlu kılan hallerden olmayanı soruluyor.,"Eşyanın anti-damping vergisine tabi olması tek başına tahlili zorunlu kılmaz; 27. fasılda dökme eşya, GTİP'in tespit edilememesi gibi haller kılar."
2023,81,C,Gümrük Mevzuatı,Genel Hükümler & Gümrük İşlemleri,"Özet Beyan, Geçici Depolama, Beyan & Muayene",Eşyanın muayenesi,Olumsuz kök (değildir / yanlıştır),Doğru/Yanlış Hüküm,Gümrük Yönetmeliği,Orta,Eşyanın muayenesine ilişkin yanlış ifade soruluyor.,Muayene şeklinin sistemce belirlenmediği durumlarda muayene memuru muayene şekline kendisi karar vererek muayeneyi yapar.
2023,82,E,Gümrük Mevzuatı,Meslek & Kolaylaştırma,Yetkilendirilmiş Gümrük Müşavirliği,YGM tespit işlemleri,Olumsuz kök (değildir / yanlıştır),Doğru/Yanlış Hüküm,Tebliğler,Orta,YGM Tebliği'ne göre yanlış ifade soruluyor.,Antrepo giriş-çıkış tespit işlemleri yetkilendirilmiş gümrük müşavirinin kendisi tarafından yapılır; yanında çalışan stajyere yaptırılamaz.
2023,83,C,Gümrük Mevzuatı,Genel Hükümler & Gümrük İşlemleri,Temel Kavramlar & Tanımlar,Şartlı muafiyet düzenlemesi,Olumsuz kök (değildir / yanlıştır),Kapsam & Şart,4458 Gümrük Kanunu,Orta,Verilen rejimlerden hangisinin şartlı muafiyet düzenlemesi olmadığı soruluyor.,"Transit, antrepo, GKAİ, geçici ithalat ve dahilde işleme (şartlı muafiyet) şartlı muafiyet düzenlemesidir; ihracat rejimi değildir."
2023,84,D,Gümrük Mevzuatı,Genel Hükümler & Gümrük İşlemleri,"Özet Beyan, Geçici Depolama, Beyan & Muayene",Gümrük beyanının tanımı,Olumsuz kök (değildir / yanlıştır),Kapsam & Şart,4458 Gümrük Kanunu,Orta,Gümrük beyanı tanımına girmeyen talep soruluyor.,Gümrük beyanı eşyayı bir gümrük rejimine tabi tutma isteğidir; imha bir rejim değil GOİK olduğundan imha talebi gümrük beyanı değildir.
2023,85,A,Gümrük Mevzuatı,Gümrük Rejimleri,Antrepo Rejimi,Genel antrepo tipleri,Olumlu kök,Kapsam & Şart,Gümrük Yönetmeliği,Kolay,Verilen antrepo tiplerinden hangisinin genel antrepo olduğu soruluyor.,"B tipi antrepo genel antrepodur; C, D ve E tipi antrepolar özel antrepodur."
2023,86,C,Gümrük Mevzuatı,Vergilendirme Unsurları (Tarife-Menşe-Kıymet),Tarife & BTB,BTB geçerlilik süresi,Olumlu kök,Sayısal (süre-oran-tutar),4458 Gümrük Kanunu,Kolay,Bağlayıcı tarife bilgisinin geçerlilik süresi soruluyor.,Bağlayıcı tarife bilgisi veriliş tarihinden itibaren 6 yıl geçerlidir.
2023,87,B,Gümrük Mevzuatı,Vergilendirme Unsurları (Tarife-Menşe-Kıymet),Menşe,BMB geçerlilik süresi,Olumlu kök,Sayısal (süre-oran-tutar),4458 Gümrük Kanunu,Kolay,Bağlayıcı menşe bilgisinin geçerlilik süresi soruluyor.,Bağlayıcı menşe bilgisi veriliş tarihinden itibaren 3 yıl geçerlidir.
2023,88,A,Gümrük Mevzuatı,Vergi Alacağı (Yükümlülük-Tahsil-Geri Verme),Gümrük Yükümlülüğü & Teminat,Gözetimden kaçırmada yükümlülük,Boşluk doldurma,Kapsam & Şart,4458 Gümrük Kanunu,Kolay,Vergiye tabi eşyanın kanuna aykırı olarak gümrük gözetimi dışına çıkarılmasının sonucu soruluyor.,Gümrük gözetimi altındaki ithalat vergilerine tabi eşya kanuna aykırı olarak gözetim dışına çıkarılırsa gümrük yükümlülüğü doğar.
2023,89,C,Gümrük Mevzuatı,Meslek & Kolaylaştırma,Gümrük Müşavirliği & Temsil,Dolaylı temsil yetkisi,Olumlu kök,Yetkili Merci,4458 Gümrük Kanunu,Orta,GOİK faaliyetlerini dolaylı temsil yoluyla takip edebilecek kişi soruluyor.,Eşyanın GOİK'e tabi tutulmasına ilişkin faaliyetler dolaylı temsil yoluyla gümrük müşaviri tarafından takip edilip sonuçlandırılabilir.
2023,90,E,Gümrük Mevzuatı,Genel Hükümler & Gümrük İşlemleri,"Özet Beyan, Geçici Depolama, Beyan & Muayene",Gümrük beyan türleri,Öncüllü (I-II-III),Kapsam & Şart,4458 Gümrük Kanunu,Orta,Gümrük beyanının yapılabileceği yollar öncüllerden seçtiriliyor.,"Gümrük beyanı yazılı, bilgisayar veri işleme tekniğiyle, sözlü veya eşya sahibinin rejime tabi tutma isteğini gösteren herhangi bir tasarrufla yapılabilir."
2023,91,E,Gümrük Mevzuatı,Genel Hükümler & Gümrük İşlemleri,Temel Kavramlar & Tanımlar,Türkiye Gümrük Bölgesi,Öncüllü (I-II-III),Kapsam & Şart,4458 Gümrük Kanunu,Kolay,Türkiye Gümrük Bölgesine dahil olan alanlar öncüllerden seçtiriliyor.,"Türkiye Gümrük Bölgesi Türkiye topraklarını, kara sularını, iç sularını ve hava sahasını kapsar."
2023,92,D,Gümrük Mevzuatı,Genel Hükümler & Gümrük İşlemleri,Temel Kavramlar & Tanımlar,Gümrük Kanunu'nun amacı,Olumlu kök,Tanım / Kavram,4458 Gümrük Kanunu,Orta,GK md. 1'e göre Kanunun amacı soruluyor.,Gümrük Kanunu'nun amacı Türkiye Cumhuriyeti Gümrük Bölgesine giren ve çıkan eşyaya ve taşıt araçlarına uygulanacak gümrük kurallarını belirlemektir.
2023,93,B,Gümrük Mevzuatı,Genel Hükümler & Gümrük İşlemleri,"Özet Beyan, Geçici Depolama, Beyan & Muayene",Beyanın kontrol hatları,Olumsuz kök (değildir / yanlıştır),Kapsam & Şart,Gümrük Yönetmeliği,Kolay,Gümrük Yönetmeliği'ndeki beyan kontrol türlerinden olmayanı soruluyor.,"Beyanın kontrol türleri kırmızı, sarı, yeşil ve mavi hattır; siyah hat diye bir kontrol türü yoktur."
2023,94,D,Gümrük Mevzuatı,Meslek & Kolaylaştırma,Gümrük Müşavirliği & Temsil,Meslek sınavlarına giriş hakkı,Olumlu kök,Sayısal (süre-oran-tutar),4458 Gümrük Kanunu,Orta,Gümrük müşavirliği ve GMY sınavlarına en fazla kaç kez girilebileceği soruluyor.,Gümrük müşavirliği ve gümrük müşavir yardımcılığı sınavlarının her birine en fazla üçer kez girilebilir.
2023,95,A,Gümrük Mevzuatı,Genel Hükümler & Gümrük İşlemleri,"Özet Beyan, Geçici Depolama, Beyan & Muayene",Özet beyanın niteliği,Olumlu kök,Doğru/Yanlış Hüküm,4458 Gümrük Kanunu,Kolay,Özet beyana ilişkin doğru ifade soruluyor.,"Özet beyan Türkiye Gümrük Bölgesine getirilen eşya için verilir; kıymetli evrak, taşıma senedi veya ithalat beyannamesi yerine geçen belge değildir."
2023,96,E,Gümrük Mevzuatı,Vergilendirme Unsurları (Tarife-Menşe-Kıymet),Tarife & BTB,Tarife pozisyonu örneği,Olumlu kök,Tanım / Kavram,Gümrük Yönetmeliği,Orta,Gümrük Yönetmeliği'ne göre tarife pozisyonuna örnek gösterilen kod soruluyor.,"Tarife pozisyonu 4 haneli koddur (ör. 01.02); 2 hane fasıl, 6 hane alt pozisyon, 12 hane GTİP'i ifade eder."
2023,97,A,Gümrük Mevzuatı,Genel Hükümler & Gümrük İşlemleri,Temel Kavramlar & Tanımlar,Brüt ağırlık tanımı,Olumlu kök,Tanım / Kavram,4458 Gümrük Kanunu,Kolay,Eşyanın kendi ağırlığı ile tüm ambalaj ve kapların ağırlıkları toplamının adı soruluyor.,Eşyanın kendi ağırlığı ile tüm ambalaj maddeleri ve kapların ağırlıkları toplamı brüt ağırlıktır.
2023,98,E,Gümrük Mevzuatı,Vergilendirme Unsurları (Tarife-Menşe-Kıymet),Gümrük Kıymeti,İlişkili kişi halleri,Olumsuz kök (değildir / yanlıştır),Kapsam & Şart,Gümrük Yönetmeliği,Orta,Kıymet tespitinde alıcı-satıcı ilişkisinin varlığını kabul ettirmeyen durum soruluyor.,"Memur/idareci, yasal ortak, işçi-işveren olmak veya birinin diğerini kontrol etmesi ilişki sayılır; aynı iş kolunda faaliyet göstermek ilişki sayılmaz."
2023,99,E,Gümrük Mevzuatı,Gümrük Rejimleri,Dahilde İşleme Rejimi,Dahilde işleme rejimi tanımı,Olumlu kök,Tanım / Kavram,4458 Gümrük Kanunu,Kolay,Serbest dolaşımda olmayan eşyanın işlenip yeniden ihracı için teminatla geçici ithalini sağlayan rejim soruluyor.,Serbest dolaşımda olmayan eşyanın işlem görmüş ürün üretiminde kullanılıp yeniden ihracı amacıyla vergileri teminata bağlanarak geçici ithali dahilde işleme rejimidir.
2023,100,B,Gümrük Mevzuatı,Dış Ticaret,Dış Ticaret Belgeleri & Teşkilat,Taşıma belgeleri,Olumlu kök,Belge & Prosedür,"Genel (""gümrük mevzuatına göre"")",Kolay,Verilen belgelerden hangisinin taşıma belgesi olduğu soruluyor.,"CMR karayolu taşımacılığında kullanılan bir taşıma belgesidir; fatura, çeki listesi ve menşe ispat belgesi taşıma belgesi değildir."
2024,1,C,Türkçe,Türkçe,Yazım & Noktalama,Birleşik fiillerin yazımı,Olumsuz kök (değildir / yanlıştır),Dil Kuralı,—,Kolay,Verilen birleşik fiillerden yazımı yanlış olanı soruyor.,"Ses olayına uğramayan 'arz etmek' ayrı yazılır; ses olayına uğrayan emretmek, hissetmek, affetmek, darbetmek bitişik yazılır."
2024,2,A,Türkçe,Türkçe,Sözcükte Anlam / Deyim,Sözcükte yan anlam,Olumlu kök,Dil Kuralı,—,Kolay,Hangi cümlede yan anlamda kullanılmış sözcük bulunduğunu soruyor.,'Dağın etekleri' söyleminde 'etek' sözcüğü temel anlamıyla ilgisini koruyarak yan anlamda kullanılmıştır.
2024,3,E,Türkçe,Türkçe,Sözcükte Anlam / Deyim,Zıt anlamlı sözcükler,Olumlu kök,Dil Kuralı,—,Kolay,Verilen sözcük çiftlerinden zıt anlamlı olanı soruyor.,"'Dâhil' ile 'hariç' zıt anlamlıdır; örnek-misal, acemi-toy, sorumluluk-mesuliyet, alelade-sıradan eş anlamlıdır."
2024,4,E,Türkçe,Türkçe,Yazım & Noktalama,Soru işaretinin kullanımı,Olumsuz kök (değildir / yanlıştır),Dil Kuralı,—,Orta,Hangi cümlede noktalama işaretinin yanlış kullanıldığını soruyor.,'Gece oldu mu' ifadesindeki 'mu' soru değil zaman/koşul anlamı katar; bu nedenle soru işareti konmaz.
2024,5,A,Türkçe,Türkçe,Dil Bilgisi,Topluluk adı,Olumlu kök,Dil Kuralı,—,Kolay,Hangi cümlede topluluk adı kullanıldığını soruyor.,'Sürü' gibi tekil biçimiyle birden çok varlığı karşılayan sözcükler topluluk adıdır.
2024,6,C,Matematik,Matematik,Problemler,Havuz-musluk problemi,Olumlu kök,Hesaplama,—,Kolay,İki özdeş muslukla 8 saatte dolan havuzu tek musluğun kaç saatte dolduracağını soruyor.,"İki eş musluk havuzu 8 saatte dolduruyorsa tek musluk iki katı sürede, yani 16 saatte doldurur."
2024,7,B,Matematik,Matematik,Problemler,Doz başına miktar hesabı,Olumlu kök,Hesaplama,—,Kolay,Günde üç dozla 30 günde biten 180 ml ilaçta bir dozun kaç ml olduğunu soruyor.,30 gün x 3 doz = 90 doz olduğundan 180 / 90 = 2 ml'dir.
2024,8,C,Matematik,Matematik,Geometri,Dikdörtgen ve kare çevre-alan,Olumlu kök,Hesaplama,—,Kolay,Dikdörtgen bahçeyle eşit çevreli kare bahçenin alanını soruyor.,"Dikdörtgenin çevresi 2x(100+140)=480 m, karenin kenarı 120 m ve alanı 14.400 m²'dir."
2024,9,B,Matematik,Matematik,Problemler,Kütle birimleriyle toplama,Olumlu kök,Hesaplama,—,Kolay,Farklı birimlerle verilen kütlelerin toplamını soruyor.,"1.300 g + 750 g + 1.000 g + 250 g = 3.300 g, yani 3 kg 300 g'dır."
2024,10,A,Matematik,Matematik,Temel İşlem & Sayılar,Birim kesir sıralaması,Olumlu kök,Hesaplama,—,Kolay,Birim kesirlerin doğru sıralamasını soruyor.,Payı 1 olan kesirlerde payda büyüdükçe kesir küçülür; bu nedenle 1/2 > 1/3 > 1/4'tür.
2024,11,C,Tarih (İnkılap),Tarih (İnkılap),Atatürk Dönemi Dış Politika,Balkan Antantı,Olumlu kök,Olgu Bilgisi,—,Kolay,"1934'te Türkiye, Yunanistan, Yugoslavya ve Romanya arasında imzalanan antlaşmayı soruyor.","Balkan Antantı 1934'te Türkiye, Yunanistan, Yugoslavya ve Romanya arasında sınırları karşılıklı garanti etmek için imzalanmıştır."
2024,12,D,Tarih (İnkılap),Tarih (İnkılap),Osmanlı Son Dönem & I. Dünya Savaşı,I. Dünya Savaşı cepheleri,Olumsuz kök (değildir / yanlıştır),Olgu Bilgisi,—,Kolay,Osmanlı Devleti'nin I. Dünya Savaşı'nda savaşmadığı cepheyi soruyor.,"Osmanlı Devleti Galiçya, Kafkasya, Makedonya ve Çanakkale gibi cephelerde savaşmış, İspanya'da bir cephesi olmamıştır."
2024,13,B,Tarih (İnkılap),Tarih (İnkılap),Millî Mücadele,Başkomutanlık Meydan Muharebesi,Olumlu kök,Olgu Bilgisi,—,Kolay,Milli Mücadele'yi zaferle sonuçlandıran muharebeyi soruyor.,"Milli Mücadele, 26 Ağustos 1922'de başlayan Başkomutanlık Meydan Muharebesi ile zaferle sonuçlanmıştır."
2024,14,E,Tarih (İnkılap),Tarih (İnkılap),İnkılaplar & Atatürk İlkeleri,1937'de Anayasa'ya giren ilkeler,Olumsuz kök (değildir / yanlıştır),Olgu Bilgisi,—,Kolay,1937'de Anayasa'ya giren Atatürk ilkelerinden olmayanı soruyor.,"1937'de Anayasa'ya giren ilkeler cumhuriyetçilik, milliyetçilik, halkçılık, devletçilik, laiklik ve inkılapçılıktır; gerçekçilik bunlardan değildir."
2024,15,C,Tarih (İnkılap),Tarih (İnkılap),İnkılaplar & Atatürk İlkeleri,İnkılapların kronolojisi,Olumsuz kök (değildir / yanlıştır),Olgu Bilgisi,—,Orta,Cumhuriyet'in ilanından sonra gerçekleşmeyen gelişmeyi soruyor.,"Saltanat 1 Kasım 1922'de, yani Cumhuriyet'in ilanından (29 Ekim 1923) önce kaldırılmıştır."
2024,16,D,Anayasa / Vatandaşlık,Anayasa / Vatandaşlık,Yasama (TBMM),Yasama yetkisi,Olumlu kök,Yetkili Merci,—,Kolay,Yasama yetkisinin hangi kuruma ait olduğunu soruyor.,Yasama yetkisi Türk Milleti adına TBMM'nindir ve bu yetki devredilemez.
2024,17,A,Anayasa / Vatandaşlık,Anayasa / Vatandaşlık,Temel Hak ve Ödevler,Ekonomik ve sosyal haklar,Olumlu kök,Kapsam & Şart,—,Kolay,Ekonomik ve sosyal haklar kapsamındaki hakkı soruyor.,"Barınma (konut) hakkı ekonomik ve sosyal haklardandır; yaşama, adil yargılanma ve özel hayatın gizliliği kişi hakları, seçme-seçilme siyasi haktır."
2024,18,C,Anayasa / Vatandaşlık,Anayasa / Vatandaşlık,Yasama (TBMM),Yasama dokunulmazlığı,Olumlu kök,Kapsam & Şart,—,Kolay,Yasama dokunulmazlığının hangi kurumun üyelerine tanındığını soruyor.,Yasama dokunulmazlığı TBMM üyelerine (milletvekillerine) tanınır.
2024,19,E,Anayasa / Vatandaşlık,Anayasa / Vatandaşlık,Temel Hukuk & Devletin Nitelikleri,Devletin yönetim şekli,Olumlu kök,Olgu Bilgisi,—,Kolay,Anayasa'ya göre Türkiye'nin yönetim şeklini soruyor.,Anayasa'nın 1. maddesine göre Türkiye Devleti bir Cumhuriyettir.
2024,20,E,Anayasa / Vatandaşlık,Anayasa / Vatandaşlık,Yargı,Yargı mercileri,Olumsuz kök (değildir / yanlıştır),Kapsam & Şart,—,Kolay,Seçeneklerden yargı mercii olmayan kurumu soruyor.,"Kamu Denetçiliği Kurumu TBMM'ye bağlı bir idari şikâyet/denetim kurumudur, yargı mercii değildir."
2024,21,A,Gümrük Mevzuatı,Vergilendirme Unsurları (Tarife-Menşe-Kıymet),Gümrük Kıymeti,Kıymet tespit yöntemleri,Olumlu kök,Kapsam & Şart,4458 Gümrük Kanunu,Kolay,Seçeneklerden hangisinin gümrük kıymeti tespit yöntemi olduğunu soruyor.,Hesaplanmış kıymet yöntemi bir gümrük kıymeti yöntemidir; diğer seçenekler transfer fiyatlandırması yöntemleridir.
2024,22,A,Gümrük Mevzuatı,Vergilendirme Unsurları (Tarife-Menşe-Kıymet),Gümrük Kıymeti,Eski model eşyada amortisman indirimi,Olumlu kök,Tanım / Kavram,Gümrük Yönetmeliği,Orta,Eski model eşya ve taşıtların fiyatından vergiye esas fiyat için yapılan düşümün adını soruyor.,Eski model eşya ve taşıtlarda model yılı fiyatından gümrük vergilerine esas fiyatı bulmak için yapılan düşüme amortisman indirimi denir.
2024,23,E,Gümrük Mevzuatı,Vergilendirme Unsurları (Tarife-Menşe-Kıymet),Gümrük Kıymeti,Yardımlar (GK 27/1-b),Olumsuz kök (değildir / yanlıştır),Kapsam & Şart,4458 Gümrük Kanunu,Orta,GK 27/1-b kapsamında gümrük kıymetine eklenmeyecek unsuru soruyor.,Alıcının pazarlama dahil kendi hesabına yaptığı faaliyetler GK 27/1-b kapsamındaki yardımlardan sayılmaz ve kıymete eklenmez.
2024,24,D,Gümrük Mevzuatı,Vergilendirme Unsurları (Tarife-Menşe-Kıymet),Gümrük Kıymeti,Kıymete eklenecek unsurlar,Olumlu kök,Kapsam & Şart,4458 Gümrük Kanunu,Orta,Gümrük kıymetine dahil edilecek unsuru soruyor.,İthal eşyasının Türkiye'deki giriş limanı veya yerine kadar yapılan nakliye ve sigorta giderleri gümrük kıymetine eklenir.
2024,25,B,Gümrük Mevzuatı,Vergilendirme Unsurları (Tarife-Menşe-Kıymet),Gümrük Kıymeti,Kıymette kur çevrimi,Olumlu kök,Belge & Prosedür,4458 Gümrük Kanunu,Kolay,Faturadaki yabancı paranın hangi kur üzerinden TL'ye çevrileceğini soruyor.,"Faturadaki yabancı paralar, gümrük yükümlülüğünün başladığı tarihte geçerli TCMB döviz satış kuru üzerinden TL'ye çevrilir."
2024,26,B,Gümrük Mevzuatı,Ceza & Kaçakçılık,İdari Para Cezaları & İtiraz,İlişkinin beyan edilmemesi cezası,Olumlu kök,Sayısal (süre-oran-tutar),4458 Gümrük Kanunu,Zor,Vergi kaybı olmasa da ilişkili kişiler arası satışta ilişkinin beyan edilmemesinin 2024 ceza tutarını soruyor.,Vergi kaybı doğmasa bile GK 24 kapsamındaki ilişkinin beyan edilmemesi halinde 2024 yılı için 1.656 TL usulsüzlük cezası uygulanır.
2024,27,E,Gümrük Mevzuatı,Vergilendirme Unsurları (Tarife-Menşe-Kıymet),Gümrük Kıymeti,Benzer eşya unsurları,Olumsuz kök (değildir / yanlıştır),Kapsam & Şart,Gümrük Yönetmeliği,Orta,Bir eşyanın benzer eşya sayılmasında dikkate alınmayan unsuru soruyor.,"Benzer eşyada benzer özellikler ve unsurlar, kalite, itibar ve ticari marka dikkate alınır; fiyat bu unsurlardan değildir."
2024,28,D,Gümrük Mevzuatı,Vergilendirme Unsurları (Tarife-Menşe-Kıymet),Gümrük Kıymeti,İlişkili kişiler,Olumsuz kök (değildir / yanlıştır),Kapsam & Şart,Gümrük Yönetmeliği,Kolay,Alıcı ile satıcı arasında ilişkinin kabul edilmediği durumu soruyor.,"Aynı sanayi kolunda faaliyet göstermek ilişki sayılmaz; yasal ortaklık, işçi-işveren ilişkisi, kontrol ve aile üyeliği ilişki sayılır."
2024,29,A,Gümrük Mevzuatı,Vergilendirme Unsurları (Tarife-Menşe-Kıymet),Menşe,Menşe şahadetnamesi içeriği,Öncüllü (I-II-III),Kapsam & Şart,Gümrük Yönetmeliği,Orta,Menşe şahadetnamesinde bulunması zorunlu olmayan bilgileri soruyor.,"Menşe şahadetnamesinde eşyanın kıymetinin bulunması zorunlu değildir; gönderen, Türkiye'deki alıcı ve eşyanın cinsi/nev'i/ağırlık bilgileri bulunmalıdır."
2024,30,C,Gümrük Mevzuatı,Genel Hükümler & Gümrük İşlemleri,Temel Kavramlar & Tanımlar,Şartlı muafiyet düzenlemesi,Olumsuz kök (değildir / yanlıştır),Kapsam & Şart,4458 Gümrük Kanunu,Orta,Şartlı muafiyet düzenlemesi sayılmayan uygulamayı soruyor.,"Şartlı muafiyet düzenlemesi transit, antrepo, şartlı muafiyet sistemi şeklinde DİR, GKAİ ve geçici ithalattır; geri ödeme sistemi şeklindeki DİR bu kapsamda değildir."
2024,31,E,Gümrük Mevzuatı,Dış Ticaret,Dış Ticaret Politikası & İthalatta Vergiler,İthalat Rejimi Kararı listeleri,Olumsuz kök (değildir / yanlıştır),Kapsam & Şart,Dış Ticaret Mevzuatı,Zor,İthalat Rejimi Kararı listeleri ile kapsadığı eşya eşleştirmelerinden yanlış olanı soruyor.,"VI sayılı listenin 'nihai kullanım kapsamında indirimli vergiden faydalanacak tarım ürünleri' olarak eşleştirilmesi yanlıştır; I-Tarım, III-İşlenmiş Tarım, IV-Balıkçılık, V-Gümrük vergisi askıya alınan sanayi ürünleri eşleştirmeleri doğrudur."
2024,32,A,Gümrük Mevzuatı,Ceza & Kaçakçılık,İdari Para Cezaları & İtiraz,Geçici ithalatta bilgisiz çıkış cezası,Olumlu kök,Vaka / Senaryo,4458 Gümrük Kanunu,Zor,Geçici ithal eşyasının bilgi verilmeden ama süresinde yurt dışına çıkarılmasında uygulanacak cezayı soruyor.,Geçici ithal eşyasının gümrüğe bilgi verilmeden ancak süresi içinde TGB dışına çıkarıldığı kabul edilebilir belgelerle kanıtlanırsa iki kat usulsüzlük cezası uygulanır.
2024,33,E,Gümrük Mevzuatı,Vergilendirme Unsurları (Tarife-Menşe-Kıymet),Menşe,Tümüyle elde edilen eşya,Olumsuz kök (değildir / yanlıştır),Kapsam & Şart,4458 Gümrük Kanunu,Orta,GK'ya göre tümüyle bir ülkede elde edilen eşya sayılmayan durumu soruyor.,Deniz ürünleri ancak o ülkenin bayrağını taşıyan araçlarla o ülkenin karasuları dışındaki denizlerden çıkarılırsa tümüyle elde edilmiş sayılır; 'herhangi bir ülkenin karasularından' ifadesi yanlıştır.
2024,34,E,Gümrük Mevzuatı,Vergilendirme Unsurları (Tarife-Menşe-Kıymet),Menşe,Yetersiz işçilik veya işlem,Olumsuz kök (değildir / yanlıştır),Kapsam & Şart,Gümrük Yönetmeliği,Kolay,GY md. 34'e göre yetersiz işçilik veya işlem sayılmayan işlemi soruyor.,"Yeni bir ürün imal edilmesi veya ekonomik yönden gerekli en son esaslı işçiliğin yapılması menşe kazandırır, yetersiz işçilik sayılmaz."
2024,35,B,Gümrük Mevzuatı,Dış Ticaret,Dış Ticaret Politikası & İthalatta Vergiler,Ek mali yükümlülük,Olumsuz kök (değildir / yanlıştır),Doğru/Yanlış Hüküm,Dış Ticaret Mevzuatı,Orta,İthalat Rejimi Kararına göre ek mali yükümlülüğe ilişkin yanlış ifadeyi soruyor.,"Ek mali yükümlülük vergi dairesince değil, gümrük vergisinin tabi olduğu usul ve hükümlere göre gümrük idaresince tahsil edilir."
2024,36,B,Gümrük Mevzuatı,Dış Ticaret,Dış Ticaret Politikası & İthalatta Vergiler,İlave gümrük vergisi,Olumsuz kök (değildir / yanlıştır),Doğru/Yanlış Hüküm,Dış Ticaret Mevzuatı,Orta,İlave Gümrük Vergisi Kararına ilişkin yanlış önermeyi soruyor.,İGV Kararının uygulanmasında eşyanın menşeinin doğru beyan edilmesinden ithalatçı sorumludur.
2024,37,D,Gümrük Mevzuatı,Dış Ticaret,Dış Ticaret Politikası & İthalatta Vergiler,Kota tanımı,Olumlu kök,Tanım / Kavram,"Genel (""gümrük mevzuatına göre"")",Kolay,Belirli dönemde izin verilen ithalatın miktar/değerini ifade eden kavramı soruyor.,Bir takvim yılı veya belirli bir dönemde yapılmasına izin verilen ithalatın miktar ve/veya değerine kota denir.
2024,38,A,Gümrük Mevzuatı,Vergilendirme Unsurları (Tarife-Menşe-Kıymet),Menşe,Menşe şahadetnamesini düzenleyen makam,Olumlu kök,Yetkili Merci,Gümrük Yönetmeliği,Orta,Serbest dolaşıma girişte ibraz edilecek menşe şahadetnamesini düzenleyecek makamı soruyor.,GY md. 38'e göre menşe şahadetnamesi menşe ülke veya ihracatçı ülke yetkili makamlarınca düzenlenir.
2024,39,C,Gümrük Mevzuatı,Gümrük Rejimleri,Geçici İthalat,Geçici ithalat beyan belgeleri,Olumsuz kök (değildir / yanlıştır),Belge & Prosedür,Gümrük Yönetmeliği,Kolay,Geçici ithalat rejim beyanında kullanılmayan belgeyi soruyor.,"TIR Karnesi transit belgesidir; geçici ithalat beyanı gümrük beyannamesi, sözlü beyan formu, ATA Karnesi ve Yabancı Taşıtlar Geçici Giriş Karnesi ile yapılabilir."
2024,40,B,Gümrük Mevzuatı,Vergilendirme Unsurları (Tarife-Menşe-Kıymet),Menşe,Menşe ve serbest dolaşım ayrımı,Olumsuz kök (değildir / yanlıştır),Vaka / Senaryo,"Genel (""gümrük mevzuatına göre"")",Orta,AB'de serbest dolaşıma girip A.TR ile Türkiye'ye gelen Çin malı için yanlış ifadeyi soruyor.,"İşçilik görmeden vergileri ödenerek AB'de serbest dolaşıma giren üçüncü ülke malı Almanya'da menşe kazanmaz; menşei Çin olarak kalır, yalnızca serbest dolaşım statüsü kazanır."
2024,41,C,Gümrük Mevzuatı,Vergilendirme Unsurları (Tarife-Menşe-Kıymet),Menşe,GTS menşe ispat belgesi,Olumlu kök,Belge & Prosedür,"Genel (""gümrük mevzuatına göre"")",Kolay,Genelleştirilmiş Tercihler Sistemi kapsamında kullanılan menşe ispat belgesini soruyor.,GTS kapsamında kullanılan menşe ispat belgesi Form A'dır.
2024,42,C,Gümrük Mevzuatı,Dış Ticaret,Dış Ticaret Politikası & İthalatta Vergiler,GTS tanımı,Olumlu kök,Tanım / Kavram,"Genel (""gümrük mevzuatına göre"")",Kolay,Gelişmiş ülkelerin gelişmekte olan ülkelere tek taraflı tanıdığı tercihli rejimin adını soruyor.,Gelişmiş ülkelerin gelişmekte olan ve en az gelişmiş ülkelere tek taraflı tanıdığı tercihli rejim Genelleştirilmiş Tercihler Sistemi'dir.
2024,43,E,Gümrük Mevzuatı,Gümrük Rejimleri,Serbest Dolaşıma Giriş,En yüksek vergili pozisyon uygulaması,Olumsuz kök (değildir / yanlıştır),Doğru/Yanlış Hüküm,4458 Gümrük Kanunu,Orta,Serbest dolaşıma giriş rejimine ilişkin yanlış ifadeyi soruyor.,Farklı tarife pozisyonlu eşyanın tamamına en yüksek vergili pozisyon üzerinden vergi uygulanması yalnızca beyan sahibinin talebi üzerine mümkündür.
2024,44,C,Gümrük Mevzuatı,Dış Ticaret,Dış Ticaret Politikası & İthalatta Vergiler,Sınır ticareti yetkisi,Boşluk doldurma,Yetkili Merci,4458 Gümrük Kanunu,Kolay,Sınır ticaretini düzenlemeye ve tek ve maktu tarife uygulamaya yetkili makamı soruyor.,"GK'ya göre sınır ticaretinin kapsamını, merkezlerini, usul ve esaslarını belirlemeye ve tek ve maktu tarife uygulamaya Cumhurbaşkanı yetkilidir."
2024,45,D,Gümrük Mevzuatı,Gümrük Rejimleri,İhracat Rejimi,İhracatta beyanname yerine geçen belgeler,Olumsuz kök (değildir / yanlıştır),Belge & Prosedür,Gümrük Yönetmeliği,Orta,GY'ye göre ihracı izin verilen eşyanın işlemlerinin yürütülmediği belgeyi soruyor.,"İhracatta özel fatura, kumanya listesi, Form 302 ve sözlü beyan formu ile işlem yürütülebilir; A.TR bir dolaşım belgesidir, işlem belgesi değildir."
2024,46,B,Gümrük Mevzuatı,Genel Hükümler & Gümrük İşlemleri,"Özet Beyan, Geçici Depolama, Beyan & Muayene",İhraç eşyasının geçici depolama süresi,Olumlu kök,Sayısal (süre-oran-tutar),Gümrük Yönetmeliği,Orta,İhracat amacıyla geçici depolama yerine konulan eşyanın orada kalabileceği süreyi soruyor.,GY'ye göre ihracat veya yeniden ihracat amacıyla geçici depolama yerine konulan eşya buralarda en fazla bir ay kalabilir.
2024,47,C,Gümrük Mevzuatı,Genel Hükümler & Gümrük İşlemleri,Temel Kavramlar & Tanımlar,İhracat gümrük idaresi tanımı,Olumlu kök,Tanım / Kavram,4458 Gümrük Kanunu,Orta,TGB'yi terk edecek eşyanın GOİK işlemlerinin yapıldığı gümrük idaresini soruyor.,TGB'yi terk edecek eşyanın risk analizine dayalı kontroller dahil GOİK işlemlerinin yapıldığı idare ihracat gümrük idaresidir.
2024,48,B,Gümrük Mevzuatı,Ceza & Kaçakçılık,İdari Para Cezaları & İtiraz,İhraç eşyasında %10 fark cezası,Olumlu kök,Vaka / Senaryo,4458 Gümrük Kanunu,Zor,İhraç eşyasında beyana göre %10'dan fazla miktar/cins farkında uygulanacak yaptırımı soruyor.,5607 saklı kalmak kaydıyla ihraç eşyasında %10'dan fazla miktar/cins farkında GK 241/1'deki miktarın iki katı usulsüzlük cezası uygulanır.
2024,49,D,Gümrük Mevzuatı,Gümrük Rejimleri,İhracat Rejimi,1040 rejim kodu,Olumlu kök,Belge & Prosedür,"Genel (""gümrük mevzuatına göre"")",Orta,1040 rejim kodunun açıklamasını soruyor.,"1040 rejim kodu, muafiyete tabi olmadan serbest dolaşım ile eş zamanlı yurtiçi kullanıma giren eşyanın kesin ihracatını ifade eder."
2024,50,D,Gümrük Mevzuatı,Gümrük Rejimleri,Dahilde İşleme Rejimi,Dahilde işleme izni şartları,Olumsuz kök (değildir / yanlıştır),Doğru/Yanlış Hüküm,4458 Gümrük Kanunu,Orta,Dahilde işleme izinlerine ilişkin doğru olmayan ifadeyi soruyor.,Ticari nitelikte olmayan dahilde işleme amaçlı ithalatta TGB dışında yerleşik kişilere de izin verilebilir; 'verilmez' ifadesi yanlıştır.
2024,51,B,Gümrük Mevzuatı,Gümrük Rejimleri,Dahilde İşleme Rejimi,Şartlı muafiyet ve geri ödeme sistemi,Olumsuz kök (değildir / yanlıştır),Doğru/Yanlış Hüküm,4458 Gümrük Kanunu,Orta,GK'ya göre dahilde işleme rejimine ilişkin yanlış ifadeyi soruyor.,Vergilerin teminata bağlanarak serbest dolaşımda olmayan eşyanın geçici ithali şartlı muafiyet sistemidir; geri ödeme sisteminde eşya serbest dolaşıma girer ve ihracat sonrası vergiler geri verilir.
2024,52,C,Gümrük Mevzuatı,Ceza & Kaçakçılık,İdari Para Cezaları & İtiraz,GK 235/2-a ihracat cezası,Olumlu kök,Vaka / Senaryo,4458 Gümrük Kanunu,Zor,GK 235/2-a'daki idari para cezasının hangi fiil nedeniyle verildiğini soruyor.,"GK 235/2-a kapsamındaki idari para cezası, ihracı genel düzenleyici idari işlemle yasaklanmış eşyanın ihracı halinde uygulanır."
2024,53,E,Gümrük Mevzuatı,Gümrük Rejimleri,Dahilde İşleme Rejimi,DİR'de ek süre mücbir sebepleri,Öncüllü (I-II-III),Kapsam & Şart,Tebliğler,Zor,DİR Tebliğine göre ek süreye dayanak mücbir sebep ve fevkalade halleri soruyor.,"DİR Tebliğine göre devlet yasakları/harp/abluka, faaliyetin kamu otoritesince kısıtlanması veya el konulması ve iflas/konkordato ek süreye dayanak olur; şahıs firması sahibinin ölümü bu listede yer almaz."
2024,54,B,Gümrük Mevzuatı,Gümrük Rejimleri,Dahilde İşleme Rejimi,Telafi edici vergi (TEV),Olumsuz kök (değildir / yanlıştır),Doğru/Yanlış Hüküm,4458 Gümrük Kanunu,Zor,GK'ya göre telafi edici vergiye ilişkin yanlış bilgiyi soruyor.,"TEV, ithalat değil ihracat beyannamesinin tescil tarihindeki vergi oranı ve vergilendirme unsurlarına göre hesaplanır."
2024,55,E,Gümrük Mevzuatı,Gümrük Rejimleri,İhracat Rejimi,TGB'yi terk tarihi,Öncüllü (I-II-III),Kapsam & Şart,Gümrük Yönetmeliği,Zor,GY'ye göre eşyanın TGB'yi terk ettiği tarih sayılmayan durumları soruyor.,Demiryolu çıkışlarında taşıtın hareket tarihi ile hava taşıtlarına kumanya/ihrakiye/donatım teslimlerinde taşıtın hareket tarihi terk tarihi sayılmaz (III ve V); kumanya teslimlerinde esas eşyanın teslim edildiği tarihtir.
2024,56,B,Gümrük Mevzuatı,Gümrük Rejimleri,"Transit Rejimi (TIR, NCTS)",Transitte teminat türleri,Olumlu kök,Kapsam & Şart,Gümrük Yönetmeliği,Orta,Ulusal ve ortak transitte kullanılabilecek teminat türünü soruyor.,Ulusal ve ortak transit rejimlerinde bireysel teminatın yanı sıra kapsamlı teminat kullanılabilir.
2024,57,A,Gümrük Mevzuatı,Ceza & Kaçakçılık,İdari Para Cezaları & İtiraz,Transitte serbest dolaşım eşyası aykırılığı,Olumlu kök,Vaka / Senaryo,Gümrük Yönetmeliği,Orta,Transitte taşınan serbest dolaşımdaki eşyada beyana aykırılıkta uygulanacak cezayı soruyor.,GY'ye göre transit rejiminde taşınan serbest dolaşımdaki eşyada beyana aykırılık tespit edilirse GK 241. madde (usulsüzlük cezası) uygulanır.
2024,58,C,Gümrük Mevzuatı,Gümrük Rejimleri,"Transit Rejimi (TIR, NCTS)",Teminattan vazgeçme izni,Olumlu kök,Yetkili Merci,Gümrük Yönetmeliği,Orta,Transitte teminattan vazgeçme iznini vermeye yetkili birimi soruyor.,Transit rejiminde basitleştirme olan teminattan vazgeçme izni Gümrükler Genel Müdürlüğünce verilir.
2024,59,C,Gümrük Mevzuatı,Gümrük Rejimleri,"Transit Rejimi (TIR, NCTS)",Transit taşıma belgeleri,Olumsuz kök (değildir / yanlıştır),Belge & Prosedür,4458 Gümrük Kanunu,Orta,Transit eşyasının taşınmasında kapsamında yapılamayacağı belgeyi soruyor.,"Transit taşıması TIR Karnesi, transit refakat belgesi, ATA Karnesi veya CIM gibi belgelerle yapılır; CMR bir taşıma sözleşmesi belgesi olup transit belgesi değildir."
2024,60,B,Gümrük Mevzuatı,Gümrük Rejimleri,"Transit Rejimi (TIR, NCTS)",Transitte teminat zorunluluğu,Öncüllü (I-II-III),Doğru/Yanlış Hüküm,4458 Gümrük Kanunu,Orta,Transit rejimine ilişkin öncüllerden yanlış olanları soruyor.,"Transitte teminat zorunludur; hava, deniz ve demiryolu taşımalarında teminatın 'her halde' aranmayacağı ifadesi yanlıştır."
2024,61,B,Gümrük Mevzuatı,Gümrük Rejimleri,"Transit Rejimi (TIR, NCTS)",TIR'da güzergâh kat etme süresi,Olumlu kök,Sayısal (süre-oran-tutar),Tebliğler,Zor,TIR Tebliğine göre Nisan-Eylül aylarında verilecek azami güzergâh kat etme süresini soruyor.,TIR Tebliğine göre Nisan-Eylül aylarında verilecek azami güzergâh kat etme süresi 120 saattir.
2024,62,E,Gümrük Mevzuatı,Muafiyetler,"Muafiyetler (Yolcu, Posta, Geri Gelen Eşya)",Engelli araç muafiyeti,Olumsuz kök (değildir / yanlıştır),Doğru/Yanlış Hüküm,2009/15481 Karar,Zor,Engellilerin muafen serbest dolaşıma sokacağı özel tertibatlı araçlara ilişkin yanlış ifadeyi soruyor.,Engelli kişilerin serbest dolaşıma soktuğu özel tertibatlı arazi taşıtlarına muafiyet tanınmaz.
2024,63,E,Gümrük Mevzuatı,Gümrük Rejimleri,Antrepo Rejimi,Özel antrepo türleri,Öncüllü (I-II-III),Kapsam & Şart,"Genel (""gümrük mevzuatına göre"")",Orta,Verilenlerden hangilerinin özel antrepo olduğunu soruyor.,İşleticisi ile kullanıcısı aynı kişi olan antrepo ve gümrüksüz satış mağazası özel antrepodur.
2024,64,A,Gümrük Mevzuatı,Gümrük Rejimleri,Antrepo Rejimi,Özel antrepoda eşya devri,Olumlu kök,Sayısal (süre-oran-tutar),Gümrük Yönetmeliği,Zor,Özel antrepoda devredilen eşyanın kaç iş günü içinde antrepodan çıkarılması gerektiğini soruyor.,"Özel antrepodaki eşyanın devri, devri müteakip 5 iş günü içinde yeni bir GOİK'e tabi tutularak antrepodan çıkarılması şartıyla kabul edilir."
2024,65,C,Gümrük Mevzuatı,Ceza & Kaçakçılık,Kaçakçılık (5607),Gümrük kapıları dışından sokma artırımı,Olumlu kök,Sayısal (süre-oran-tutar),5607 Kaçakçılık Kanunu,Orta,5607 md. 3'e göre eşyanın gümrük kapıları dışından sokulmasında ceza artırım oranını soruyor.,Eşyanın gümrük kapıları dışından ülkeye sokulması halinde verilecek ceza üçte birinden yarısına kadar artırılır.
2024,66,B,Gümrük Mevzuatı,Ceza & Kaçakçılık,Kaçakçılık (5607),Kaçakçılıkta teşebbüs,Olumlu kök,Vaka / Senaryo,5607 Kaçakçılık Kanunu,Orta,5607 md. 3'teki fiillerin teşebbüs aşamasında kalması halinde verilecek cezayı soruyor.,5607 md. 3'teki kaçakçılık fiillerinin teşebbüs aşamasında kalması halinde fail tamamlanmış suç gibi cezalandırılır.
2024,67,E,Gümrük Mevzuatı,Ceza & Kaçakçılık,Kaçakçılık (5607),Kaçakçılık suçunu oluşturan fiiller,Olumsuz kök (değildir / yanlıştır),Kapsam & Şart,5607 Kaçakçılık Kanunu,Orta,5607'ye göre kaçakçılık suçu oluşturmayan fiili soruyor.,Antrepo veya gümrükçe izin verilen yerlerdeki sayımlarda kayıtlara göre fazla eşya çıkması kaçakçılık suçu oluşturmaz.
2024,68,A,Gümrük Mevzuatı,Vergilendirme Unsurları (Tarife-Menşe-Kıymet),Menşe,Tercihsiz menşe belgesi,Olumlu kök,Belge & Prosedür,Gümrük Yönetmeliği,Kolay,GY md. 38'e göre tercihli olmayan menşei gösteren belgeyi soruyor.,"Tercihli olmayan menşei gösteren belge menşe şahadetnamesidir; EUR.1, menşe beyanı, Form A ve fatura beyanı tercihli menşe belgeleridir."
2024,69,B,Gümrük Mevzuatı,Gümrük Rejimleri,Geçici İthalat,Geçici ithalat genel hükümleri,Olumsuz kök (değildir / yanlıştır),Doğru/Yanlış Hüküm,"Genel (""gümrük mevzuatına göre"")",Orta,Geçici ithalat rejimine ilişkin yanlış ifadeyi soruyor.,Geçici ithalat rejimindeki eşyanın kiralanması mümkün değildir; gümrük izniyle kiralanabileceği ifadesi yanlıştır.
2024,70,C,Gümrük Mevzuatı,Gümrük Rejimleri,Geçici İthalat,Geçici ithalata konu eşya,Olumsuz kök (değildir / yanlıştır),Kapsam & Şart,Gümrük Yönetmeliği,Orta,Geçici ithalat rejimine konu olamayacak eşyayı soruyor.,"Uluslararası etkinliklerde kullanılmak üzere getirilen tüketilebilir nitelikteki eşya, yeniden ihracı mümkün olmadığından geçici ithalata konu olamaz."
2024,71,A,Gümrük Mevzuatı,Muafiyetler,"Muafiyetler (Yolcu, Posta, Geri Gelen Eşya)",Geri gelen eşyada süre aşımı,Olumlu kök,Vaka / Senaryo,4458 Gümrük Kanunu,Zor,Geçici ihraç edilen eşyanın üç yıllık süreyi aşarak geri getirilmesinde yapılacak işlemi soruyor.,Geri gelen eşya GK 168'deki üç yıllık (veya uzatılan) süreyi aşarak getirilirse 241/3-ı uyarınca usulsüzlük cezası uygulanır ve vergiler tahsil edilerek serbest dolaşıma giriş hükümleri uygulanır.
2024,72,B,Gümrük Mevzuatı,Gümrük Rejimleri,Geçici İthalat,Kısmi muafiyet ve teminat,Olumsuz kök (değildir / yanlıştır),Doğru/Yanlış Hüküm,4458 Gümrük Kanunu,Orta,GK'ya göre geçici ithalat rejimine ilişkin yanlış ifadeyi soruyor.,"Kısmi muafiyette vergilerin tamamı değil, eşyanın rejimde kaldığı her ay için hesaplanan vergilerin %3'ü tahsil edilir."
2024,73,B,Gümrük Mevzuatı,Gümrük Rejimleri,Gümrük Kontrolü Altında İşleme,GKAİ rejimi tanımı,Olumlu kök,Tanım / Kavram,4458 Gümrük Kanunu,Orta,GK'ya göre gümrük kontrolü altında işleme rejiminin doğru tanımını soruyor.,"GKAİ, serbest dolaşıma girmemiş eşyanın ithalat vergileri ve ticaret politikası önlemlerine tabi tutulmaksızın işlenmesi ve ürünlerin gümrük vergileri üzerinden serbest dolaşıma girmesini sağlar."
2024,74,E,Gümrük Mevzuatı,Gümrük Rejimleri,Gümrük Kontrolü Altında İşleme,GKAİ izin şartları,Olumsuz kök (değildir / yanlıştır),Doğru/Yanlış Hüküm,4458 Gümrük Kanunu,Orta,GK'ya göre gümrük kontrolü altında işleme rejimine ilişkin yanlış ifadeyi soruyor.,GKAİ rejiminde işlenmek üzere ithaline izin verilen eşyanın vergileri teminata bağlanır; 'teminata bağlanmaz' ifadesi yanlıştır.
2024,75,B,Gümrük Mevzuatı,Meslek & Kolaylaştırma,YYS & Onaylanmış Kişi (Kolaylaştırma),OKS faaliyet süresi şartı,Olumlu kök,Sayısal (süre-oran-tutar),Gümrük Yönetmeliği,Orta,Onaylanmış kişi statüsü başvurusu için gereken asgari faaliyet süresini soruyor.,GY'ye göre onaylanmış kişi statüsü için başvuracak TGB'de yerleşik kişinin en az 2 yıldır faaliyette bulunması gerekir.
2024,76,E,Gümrük Mevzuatı,Meslek & Kolaylaştırma,YYS & Onaylanmış Kişi (Kolaylaştırma),YYS geçerlilik süresi,Olumlu kök,Sayısal (süre-oran-tutar),Kolaylaştırma Yönetmeliği,Orta,Yetkilendirilmiş yükümlü sertifikasının geçerlilik süresini soruyor.,"YYS, askıya alma, geri alma veya iptal halleri saklı kalmak üzere süresiz geçerlidir."
2024,77,C,Gümrük Mevzuatı,Vergi Alacağı (Yükümlülük-Tahsil-Geri Verme),Gümrük Yükümlülüğü & Teminat,Götürü teminatın kullanımı,Olumsuz kök (değildir / yanlıştır),Kapsam & Şart,Gümrük Yönetmeliği,Orta,GY'ye göre götürü teminatın kullanılamayacağı rejimi soruyor.,"Götürü teminat transit rejiminde kullanılamaz; geçici ithalat, DİR, antrepo ve GKAİ rejimlerinde kullanılabilir."
2024,78,D,Gümrük Mevzuatı,Vergi Alacağı (Yükümlülük-Tahsil-Geri Verme),Gümrük Yükümlülüğü & Teminat,Teminat türleri,Olumsuz kök (değildir / yanlıştır),Kapsam & Şart,4458 Gümrük Kanunu,Orta,GK ve GY'de yer almayan teminat türünü soruyor.,"Gümrük mevzuatında bireysel, götürü, toplu ve kapsamlı teminat bulunur; 'yaygın toplu teminat' diye bir tür yoktur."
2024,79,C,Gümrük Mevzuatı,Vergi Alacağı (Yükümlülük-Tahsil-Geri Verme),"Tahakkuk, Tebliğ & Tahsil",Sonradan kontrolde tebligat süresi,Olumlu kök,Sayısal (süre-oran-tutar),4458 Gümrük Kanunu,Orta,Denetim sonucu hiç/noksan alındığı belirlenen vergilerde tebligat süresini soruyor.,"Denetim sonucu hiç veya noksan alındığı belirlenen gümrük vergileri, yükümlülüğün doğduğu tarihten itibaren üç yıl içinde tebliğ edilmelidir."
2024,80,B,Gümrük Mevzuatı,Vergi Alacağı (Yükümlülük-Tahsil-Geri Verme),"Tahakkuk, Tebliğ & Tahsil",Gümrük vergilerinin tebliği,Olumlu kök,Doğru/Yanlış Hüküm,4458 Gümrük Kanunu,Orta,GK'ya göre gümrük vergilerinin tebliğine ilişkin doğru ifadeyi soruyor.,Beyannamedeki vergi tutarı ile idarece hesaplanan tutar eşitse eşyanın teslimi gümrük vergilerinin yükümlüye tebliği yerine geçer.
2024,81,E,Gümrük Mevzuatı,Vergi Alacağı (Yükümlülük-Tahsil-Geri Verme),"Tahakkuk, Tebliğ & Tahsil",Noksan vergilerde ödeme süresi,Olumlu kök,Doğru/Yanlış Hüküm,4458 Gümrük Kanunu,Zor,Noksan alınan gümrük vergilerinin ödeme ve süre uzatımına ilişkin doğru ifadeyi soruyor.,Noksan alınan vergilerde ödeme süresi bitmeden yazılı istemde bulunulması ve teminat alınması şartıyla süre 30 gün daha uzatılabilir.
2024,82,B,Gümrük Mevzuatı,Ceza & Kaçakçılık,İdari Para Cezaları & İtiraz,Ceza tahakkuk zamanaşımı,Olumlu kök,Sayısal (süre-oran-tutar),4458 Gümrük Kanunu,Orta,Gümrük vergisi alacağına bağlı idari para cezalarının tahakkuk zamanaşımını soruyor.,"Gümrük vergileri alacağına bağlı idari para cezalarında tahakkuk zamanaşımı, yükümlülüğün doğduğu tarihten itibaren 3 yıldır."
2024,83,B,Gümrük Mevzuatı,Vergi Alacağı (Yükümlülük-Tahsil-Geri Verme),Geri Verme / Kaldırma,Uluslararası anlaşmayla geri verme süresi,Olumlu kök,Sayısal (süre-oran-tutar),4458 Gümrük Kanunu,Zor,Uluslararası anlaşma hükümlerine dayalı geri verme başvurusunun süresini soruyor.,"Uluslararası anlaşma hükümleri çerçevesinde geri verme başvurusu, vergilerin yükümlüye tebliğinden itibaren 1 yıl içinde yapılır."
2024,84,E,Gümrük Mevzuatı,Vergi Alacağı (Yükümlülük-Tahsil-Geri Verme),Geri Verme / Kaldırma,Geri verme başvuru ve karar usulü,Olumsuz kök (değildir / yanlıştır),Doğru/Yanlış Hüküm,"Genel (""gümrük mevzuatına göre"")",Orta,Geri verme veya kaldırmaya ilişkin yanlış ifadeyi soruyor.,"Geri verme veya kaldırma talebinin 45 gün içinde karara bağlanacağı ifadesi mevzuattaki süreyle uyuşmadığı için yanlıştır; elektronik form, başvuru sahipleri ve kusurlu eşyaya ilişkin ifadeler doğrudur."
2024,85,B,Gümrük Mevzuatı,Ceza & Kaçakçılık,İdari Para Cezaları & İtiraz,Cezanın birden fazla kişiye tebliği,Öncüllü (I-II-III),Vaka / Senaryo,4458 Gümrük Kanunu,Zor,Hem firmaya hem gümrük müşavirine tebliğ edilen idari para cezasının ödenmesine ilişkin doğru ifadeyi soruyor.,Cevap anahtarına göre aynı idari para cezası hem firmaya hem gümrük müşavirine tebliğ edilmişse her biri 25.000 TL'yi ayrı ayrı öder.
2024,86,C,Gümrük Mevzuatı,Genel Hükümler & Gümrük İşlemleri,"Özet Beyan, Geçici Depolama, Beyan & Muayene",Özet beyan verilme yeri ve süreleri,Öncüllü (I-II-III),Doğru/Yanlış Hüküm,Gümrük Yönetmeliği,Orta,Özet beyana ilişkin öncüllerden doğru olanları soruyor.,"Özet beyan giriş gümrük idaresine verilir; demiryolunda varıştan en az 2 saat önce, kısa mesafeli uçuşlarda en geç uçağın havalandığı anda verilir; uzun mesafeli uçuşlarda 8 saat ifadesi yanlıştır."
2024,87,D,Gümrük Mevzuatı,Meslek & Kolaylaştırma,Gümrük Müşavirliği & Temsil,Disiplin cezalarının uygulanma zamanı,Olumlu kök,Belge & Prosedür,4458 Gümrük Kanunu,Orta,Gümrük müşavirleri ve yardımcılarına disiplin cezalarının ne zaman uygulanacağını soruyor.,Gümrük müşavirleri ve yardımcılarına verilen disiplin cezaları kesinleşme tarihinden itibaren uygulanır.
2024,88,D,Gümrük Mevzuatı,Meslek & Kolaylaştırma,Yetkilendirilmiş Gümrük Müşavirliği,DR2 tespit raporu süresi,Olumlu kök,Sayısal (süre-oran-tutar),Tebliğler,Zor,YGM Tebliğine göre DR2 tespit raporunun tebligattan sonra sunulma süresini soruyor.,"YGM Tebliğine göre DR2 tespit raporları, gümrük idaresinin firmaya tebligatını müteakip en geç 1 ay içinde sunulur."
2024,89,B,Gümrük Mevzuatı,Meslek & Kolaylaştırma,Gümrük Müşavirliği & Temsil,Kınama cezası tanımı,Olumlu kök,Tanım / Kavram,4458 Gümrük Kanunu,Kolay,Kusurlu sayıldığının yazıyla bildirilmesi şeklindeki disiplin cezasının adını soruyor.,Meslek mensubuna görevinde ve davranışında kusurlu sayıldığının yazı ile bildirilmesi kınama cezasıdır.
2024,90,C,Gümrük Mevzuatı,Meslek & Kolaylaştırma,Gümrük Müşavirliği & Temsil,Meslekten çıkarmada yetkili merci,Olumlu kök,Yetkili Merci,4458 Gümrük Kanunu,Orta,Meslekten çıkarma cezalarını vermeye yetkili merciyi soruyor.,Gümrük müşavirlerine meslekten çıkarma cezası Yüksek Disiplin Kurulu tarafından verilir.
2024,91,A,Gümrük Mevzuatı,Meslek & Kolaylaştırma,Yetkilendirilmiş Gümrük Müşavirliği,YGM rapor kodları (TP1),Olumlu kök,Belge & Prosedür,Tebliğler,Zor,İRK md. 4 önlemlerine tabi eşyanın kapsam dışı tespitine ilişkin YGM raporunun kodunu soruyor.,Kapanmış beyannamelerde İthalat Rejimi Kararı md. 4 önlemlerine tabi eşyanın kapsam dışı olup olmadığının tespitine ilişkin YGM raporunun kodu TP1'dir.
2024,92,A,Gümrük Mevzuatı,Gümrük Rejimleri,"Transit Rejimi (TIR, NCTS)",Transit rejiminin sona ermesi,Olumlu kök,Vaka / Senaryo,4458 Gümrük Kanunu,Orta,Erenköy'den Sarp'a sevk edilen eşyada transit rejiminin ne zaman sona erdiğini soruyor.,"Transit rejimi, eşya ile birlikte ilgili belgelerin mevzuata uygun olarak varış gümrük idaresine sunulmasıyla sona erer."
2024,93,E,Gümrük Mevzuatı,Genel Hükümler & Gümrük İşlemleri,Temel Kavramlar & Tanımlar,GOİK kapsamı,Olumsuz kök (değildir / yanlıştır),Kapsam & Şart,4458 Gümrük Kanunu,Kolay,GK'ya göre gümrükçe onaylanmış işlem veya kullanım sayılmayan işlemi soruyor.,"GOİK; rejime tabi tutma, serbest bölgeye girme, yeniden ihraç, imha ve gümrüğe terktir; 'teslim' GOİK değildir."
2024,94,D,Gümrük Mevzuatı,Meslek & Kolaylaştırma,Gümrük Müşavirliği & Temsil,GMY izin belgesi verilme süresi,Olumlu kök,Sayısal (süre-oran-tutar),4458 Gümrük Kanunu,Orta,GMY izin belgesinin müracaat belgelerinin tamamlanmasından itibaren kaç gün içinde verileceğini soruyor.,Koşulları sağlayanlara müracaat belgelerinin tamamlanmasından itibaren 60 gün içinde Gümrük Müşavir Yardımcılığı İzin Belgesi verilir.
2024,95,A,Gümrük Mevzuatı,Ceza & Kaçakçılık,İdari Para Cezaları & İtiraz,İtiraz süresi,Olumlu kök,Sayısal (süre-oran-tutar),4458 Gümrük Kanunu,Kolay,"Vergi, ceza ve idari kararlara karşı itiraz süresini soruyor.","Tebliğ edilen gümrük vergileri, cezalar ve idari kararlara karşı tebliğden itibaren 15 gün içinde bir üst makama, yoksa aynı makama itiraz edilir."
2024,96,B,Gümrük Mevzuatı,Genel Hükümler & Gümrük İşlemleri,Tasfiye,Tasfiye yöntemleri,Olumsuz kök (değildir / yanlıştır),Kapsam & Şart,4458 Gümrük Kanunu,Orta,GK'da yer almayan tasfiye yöntemini soruyor.,"GK'daki tasfiye yöntemleri arasında tahsis, yeniden ihraç amaçlı satış, perakende satış ve imha vardır; sergi ve fuarlarda kullanım bir tasfiye yöntemi değildir."
2024,97,E,Gümrük Mevzuatı,Gümrük Rejimleri,İhracat Rejimi,İhracat beyannamesi kapatma süresi,Olumlu kök,Sayısal (süre-oran-tutar),Gümrük Yönetmeliği,Orta,Geçici depolamaya konulmadan ihraç edilecek eşyada beyanname kapatma süresini soruyor.,Geçici depolama yerine konulmadan ihraç edilecek eşyanın beyanname kapatma süresi iki ay olup gümrük müdürlüklerince makul sebeplerle en çok iki ay uzatılabilir.
2024,98,B,Gümrük Mevzuatı,Muafiyetler,"Muafiyetler (Yolcu, Posta, Geri Gelen Eşya)",Yolcu beraberi kişisel eşya limitleri,Olumsuz kök (değildir / yanlıştır),Sayısal (süre-oran-tutar),2009/15481 Karar,Orta,Karar Ek 9 yolcu beraberi kişisel eşya listesine ilişkin yanlış ifadeyi soruyor.,Yolcu beraberinde muafiyet tanınan puro miktarı 100 değil 50 adettir.
2024,99,B,Gümrük Mevzuatı,Genel Hükümler & Gümrük İşlemleri,Serbest Bölge & Gümrüksüz Satış,Serbest bölge genel hükümleri,Olumsuz kök (değildir / yanlıştır),Doğru/Yanlış Hüküm,"Genel (""gümrük mevzuatına göre"")",Orta,Serbest bölgelere ilişkin yanlış ifadeyi soruyor.,Serbest dolaşım hakkını kazanmış eşyanın serbest bölgeden AB'ye ihracında A.TR dolaşım belgesi düzenlenebilir; 'düzenlenemez' ifadesi yanlıştır.
2024,100,A,Gümrük Mevzuatı,Genel Hükümler & Gümrük İşlemleri,"Özet Beyan, Geçici Depolama, Beyan & Muayene",Geçici depolama yerleri,Olumsuz kök (değildir / yanlıştır),Doğru/Yanlış Hüküm,"Genel (""gümrük mevzuatına göre"")",Orta,Geçici depolama yerlerine ilişkin yanlış ifadeyi soruyor.,"Eşya geçici depolama yerine rejim beyanı kapsamında değil, özet beyan kapsamında konulur."
2025,1,A,Türkçe,Türkçe,Anlatım Bozukluğu,Gereksiz sözcük kullanımı,Olumlu kök,Dil Kuralı,—,Kolay,Verilen cümlelerden hangisinde anlatım bozukluğu bulunduğu soruluyor.,“Birlikte” ve “ortak olarak” aynı anlamı taşıdığından birlikte kullanılmaları gereksiz sözcükten kaynaklanan bir anlatım bozukluğudur.
2025,2,E,Türkçe,Türkçe,Yazım & Noktalama,Noktalama işaretlerinin işlevi,Olumsuz kök (değildir / yanlıştır),Dil Kuralı,—,Orta,Metinde hangi noktalama işareti kullanımının örneklendirilmediği soruluyor.,"Metinde sıralı cümleleri ayıran virgül yoktur; eser adı ve özel vurgu için tırnak, cümle sonunda nokta ve özel isme gelen eki ayıran kesme işareti örneklenmiştir."
2025,3,B,Türkçe,Türkçe,Paragraf,Paragrafın cevap verdiği soru,Olumlu kök,Yorum / Çıkarım,—,Orta,Paragrafın hangi soruya cevap olarak yazıldığı soruluyor.,"Parça, atalarımızın çok okumayı ve çok gezmeyi bir arada sürdürdüğünü anlattığı için “Çok gezen mi bilir, çok okuyan mı?” sorusuna cevaptır."
2025,4,D,Türkçe,Türkçe,Paragraf,Metinden neden çıkarımı,Olumsuz kök (değildir / yanlıştır),Yorum / Çıkarım,—,Kolay,Martının yuvasını denizdeki kayaya yapma nedenlerinden hangisinin metinde olmadığı soruluyor.,Metinde martının diğer martılarla birlikte yaşamak istediğine dair bir ifade yoktur; aksine yalnızlığı sevdiği belirtilir.
2025,5,C,Türkçe,Türkçe,Cümlede Anlam,Koşul-sonuç ilişkisi,Olumlu kök,Dil Kuralı,—,Kolay,Verilen cümledeki anlam ilişkisinin türü soruluyor.,“-sa/-se” şart ekiyle kurulan “çalışırsan başarılı olursun” yapısı koşul-sonuç ilişkisi bildirir.
2025,6,D,Matematik,Matematik,Problemler,Litre-mililitre dönüşümü,Olumlu kök,Hesaplama,—,Kolay,Üç yarım litrelik sütün 12 çocuğa eşit paylaştırılmasında kişi başına düşen miktar soruluyor.,3 × 500 ml = 1500 ml süt 12 çocuğa bölününce her çocuğa 125 ml düşer.
2025,7,E,Matematik,Matematik,Problemler,Saat ve süre hesabı,Olumlu kök,Hesaplama,—,Kolay,13.30'da başlayıp 2 saat 15 dakika süren ödevin bitiş saati soruluyor.,13.30'a 2 saat 15 dakika eklenince bitiş saati 15.45 olur.
2025,8,B,Matematik,Matematik,Problemler,Fiyat hesaplama problemi,Olumlu kök,Hesaplama,—,Kolay,Bir bardağın fiyatının 3 katından 100 lira fazla olan set fiyatı soruluyor.,Set fiyatı 3 × 250 + 100 = 850 liradır.
2025,9,D,Matematik,Matematik,Problemler,Düzenli artış problemi,Olumlu kök,Hesaplama,—,Kolay,80 lirası olan ve her hafta 30 lira biriktiren Berk'in 15. hafta sonundaki parası soruluyor.,80 + 15 × 30 = 530 lira olur.
2025,10,E,Matematik,Matematik,Problemler,Ders-teneffüs saat hesabı,Olumlu kök,Hesaplama,—,Kolay,8.40'ta başlayan 50 dakikalık derslerde 4. dersin bitiş saati soruluyor.,4 ders (200 dk) ile aradaki 3 teneffüs (30 dk) toplam 230 dakika olduğundan 8.40 + 3 saat 50 dakika = 12.30'dur.
2025,11,C,Tarih (İnkılap),Tarih (İnkılap),Millî Mücadele,Milli Mücadele dönemi olayları,Olumsuz kök (değildir / yanlıştır),Olgu Bilgisi,—,Kolay,Hangisinin Milli Mücadele döneminde gerçekleşmediği soruluyor.,Hilafetin kaldırılması (3 Mart 1924) Milli Mücadele sonrası Cumhuriyet dönemine ait bir inkılaptır.
2025,12,C,Tarih (İnkılap),Tarih (İnkılap),Millî Mücadele,Mudanya Mütarekesi,Olumlu kök,Olgu Bilgisi,—,Kolay,TBMM Hükümeti ile İtilaf Devletleri arasında imzalanan ateşkes antlaşması soruluyor.,"Mudanya Mütarekesi (11 Ekim 1922), Büyük Taarruz sonrasında TBMM Hükümeti ile İtilaf Devletleri arasında imzalanan ateşkestir."
2025,13,E,Tarih (İnkılap),Tarih (İnkılap),Millî Mücadele,Samsun'a çıkış tarihi,Olumlu kök,Olgu Bilgisi,—,Kolay,Mustafa Kemal Paşa'nın Samsun'a çıkış tarihi soruluyor.,Mustafa Kemal Paşa Milli Mücadeleyi başlatmak için 19 Mayıs 1919'da Samsun'a çıkmıştır.
2025,14,B,Tarih (İnkılap),Tarih (İnkılap),Millî Mücadele,Nutuk,Olumlu kök,Olgu Bilgisi,—,Kolay,Atatürk'ün Milli Mücadeleyi ve Cumhuriyet'in kuruluşunu anlattığı eserin adı soruluyor.,"Atatürk'ün 1927'de okuduğu Nutuk, 1919-1927 arası Milli Mücadele ve Cumhuriyet'in kuruluş sürecini anlatır."
2025,15,A,Tarih (İnkılap),Tarih (İnkılap),İnkılaplar & Atatürk İlkeleri,Atatürk inkılaplarının amaçları,Olumsuz kök (değildir / yanlıştır),Olgu Bilgisi,—,Kolay,Hangisinin Atatürk inkılaplarının temel amaçlarından olmadığı soruluyor.,"Atatürk inkılapları milli egemenliği ve çağdaşlaşmayı amaçlar; padişahlığı geri getirmek amaç değildir, saltanat 1922'de kaldırılmıştır."
2025,16,B,Anayasa / Vatandaşlık,Anayasa / Vatandaşlık,Temel Hak ve Ödevler,Temel hakların güvencesi,Olumlu kök,Olgu Bilgisi,—,Kolay,Temel hak ve özgürlüklerin hangi hukuki metinle güvenceye alındığı soruluyor.,Temel hak ve özgürlükler normlar hiyerarşisinin en üstündeki Anayasa ile güvence altına alınmıştır.
2025,17,B,Anayasa / Vatandaşlık,Anayasa / Vatandaşlık,Yürütme (Cumhurbaşkanı),Yürütme organının görevleri,Olumlu kök,Kapsam & Şart,—,Kolay,Yürütme organının görevleri arasında yer alan seçenek soruluyor.,"Kanunları uygulamak yürütmenin görevidir; kanun yapma ve değiştirme yasamaya, yargısal denetim yargıya aittir."
2025,18,C,Anayasa / Vatandaşlık,Anayasa / Vatandaşlık,Yasama (TBMM),Kanun teklif yetkisi,Olumlu kök,Yetkili Merci,—,Kolay,Kanun teklif etme yetkisinin kime ait olduğu soruluyor.,2017 Anayasa değişikliğiyle kanun teklif etme yetkisi yalnızca milletvekillerine aittir.
2025,19,C,Anayasa / Vatandaşlık,Anayasa / Vatandaşlık,Temel Hak ve Ödevler,Vatandaşlara özgü haklar,Olumlu kök,Kapsam & Şart,—,Kolay,Yalnızca T.C. vatandaşlarına tanınan hak soruluyor.,Seçme ve seçilme hakkı siyasi bir hak olup yalnızca Türk vatandaşlarına tanınmıştır.
2025,20,C,Anayasa / Vatandaşlık,Anayasa / Vatandaşlık,Seçimler,Seçme ve seçilme yaşı,Olumlu kök,Sayısal (süre-oran-tutar),—,Kolay,Türkiye'de seçme ve seçilme yaşı soruluyor.,Türkiye'de 18 yaşını dolduran vatandaşlar seçme ve milletvekili seçilme hakkına sahiptir.
2025,21,E,Gümrük Mevzuatı,Vergilendirme Unsurları (Tarife-Menşe-Kıymet),Gümrük Kıymeti,GATT gümrük kıymeti maddesi,Olumlu kök,Olgu Bilgisi,Dış Ticaret Mevzuatı,Kolay,1994 GATT'ın gümrük kıymetine ilişkin maddesi soruluyor.,Gümrük kıymeti 1994 GATT'ın VII. maddesinde düzenlenmiştir; Kıymet Anlaşması bu maddenin uygulanmasına ilişkindir.
2025,22,E,Gümrük Mevzuatı,Dış Ticaret,Dış Ticaret Politikası & İthalatta Vergiler,Gümrüklenmiş değer unsurları,Olumsuz kök (değildir / yanlıştır),Kapsam & Şart,"Genel (""gümrük mevzuatına göre"")",Kolay,Gümrüklenmiş değerin hesabında dikkate alınamayacak kalem soruluyor.,"Gecikme zammı gümrüklenmiş değere dahil edilmez; ek mali yükümlülük, gümrük vergisi, KDV ve ÖTV gibi ithalatta alınan vergiler dikkate alınır."
2025,23,E,Gümrük Mevzuatı,Genel Hükümler & Gümrük İşlemleri,Temel Kavramlar & Tanımlar,Gümrük vergileri deyimi,Olumsuz kök (değildir / yanlıştır),Kapsam & Şart,4458 Gümrük Kanunu,Kolay,Gümrük Kanunu'na göre gümrük vergileri tanımına girmeyen vergi soruluyor.,"Gümrük vergileri; gümrük vergisi, İGV, KDV, ÖTV gibi eşyanın ithal veya ihracına bağlı vergileri kapsar, Kurumlar Vergisi bu kapsama girmez."
2025,24,D,Gümrük Mevzuatı,Ceza & Kaçakçılık,İdari Para Cezaları & İtiraz,Kendiliğinden başvuruda ceza,Olumlu kök,Vaka / Senaryo,4458 Gümrük Kanunu,Zor,İdarece tespitten önce yükümlünün bildirdiği 1.000 TL noksan KDV için uygulanacak ceza soruluyor.,Gümrük idaresince tespit yapılmadan önce yükümlü kendiliğinden başvurursa eksik vergi için GK 234'teki vergi katı ceza yerine GK 241/1 usulsüzlük cezası (2025 için 1.191 TL) uygulanır.
2025,25,D,Gümrük Mevzuatı,Vergilendirme Unsurları (Tarife-Menşe-Kıymet),Gümrük Kıymeti,Kullanılmış taşıtta yıl düşümü,Olumlu kök,Hesaplama,"Genel (""gümrük mevzuatına göre"")",Orta,Kesin dönüşte getirilen kullanılmış otomobilin 2023 faturasına göre 2025'teki gümrük kıymeti soruluyor.,Kullanılmış taşıtta fatura tarihinden ithal tarihine kadar geçen her yıl için %10 düşülür; 2 yıl için 10.000 TL − %20 = 8.000 TL olur.
2025,26,C,Gümrük Mevzuatı,Vergilendirme Unsurları (Tarife-Menşe-Kıymet),Gümrük Kıymeti,EXW teslimde kıymet hesabı,Olumlu kök,Hesaplama,"Genel (""gümrük mevzuatına göre"")",Orta,EXW 5.000 TL'lik eşyaya nakliye ve sigorta eklenerek gümrük kıymetinin hesaplanması isteniyor.,"EXW bedeline Türkiye sınırına kadarki nakliye (500 TL) ve sigorta (100 TL) eklenir, sınırdan sonraki nakliye eklenmez: 5.000 + 500 + 100 = 5.600 TL."
2025,27,B,Gümrük Mevzuatı,Gümrük Rejimleri,Serbest Dolaşıma Giriş,Nihai kullanım izninin sonradan verilmesi,Boşluk doldurma,Sayısal (süre-oran-tutar),Tebliğler,Orta,YYS/OKS sahiplerine nihai kullanım izninin sonradan verilebilmesi için başvuru süresi soruluyor.,"YYS veya OKS sahiplerine, ayniyet ya da tahsis tespiti şartıyla beyanname tescilinden itibaren 3 ay içinde başvurulursa nihai kullanım izni sonradan verilebilir."
2025,28,E,Gümrük Mevzuatı,Gümrük Rejimleri,Serbest Dolaşıma Giriş,Nihai kullanım eşyasının devri,Olumsuz kök (değildir / yanlıştır),Doğru/Yanlış Hüküm,Tebliğler,Orta,Nihai kullanım kapsamındaki eşyanın devrine ilişkin yanlış ifade soruluyor.,Nihai kullanım eşyası başka bir izin hak sahibine devredildiğinde eşyaya ilişkin hak ve yükümlülükler devralan izin hak sahibine geçer.
2025,29,A,Gümrük Mevzuatı,Vergilendirme Unsurları (Tarife-Menşe-Kıymet),Tarife & BTB,BTB geçerlilik ve başvuru kuralları,Olumsuz kök (değildir / yanlıştır),Doğru/Yanlış Hüküm,Tebliğler,Zor,Tarife Tebliği (Seri No:14) BTB hükümlerine ilişkin yanlış ifade soruluyor.,"TGTC'de yapılan değişikliğe uymayan BTB, yasal sürenin dolması beklenmeden değişikliğin yürürlüğe girdiği tarihten itibaren geçerliliğini yitirir."
2025,30,E,Gümrük Mevzuatı,Gümrük Rejimleri,Serbest Dolaşıma Giriş,Tescil sonrası lehe vergi oranı,Öncüllü (I-II-III),Kapsam & Şart,4458 Gümrük Kanunu,Orta,Tescilden sonra indirilen ithalat vergisi oranının lehe uygulanması için gereken koşullar soruluyor.,"Tarımsal mali yükler dışındaki vergi oranı tescilden sonra indirilirse; beyan sahibinin talebi, indirimin vergiler ödenmeden veya teminata bağlanmadan önce yapılması ve gecikmenin beyan sahibinden kaynaklanmaması koşuluyla lehe oran uygulanır."
2025,31,E,Gümrük Mevzuatı,Gümrük Rejimleri,Serbest Dolaşıma Giriş,Serbest dolaşım statüsünün kaybı,Öncüllü (I-II-III),Kapsam & Şart,4458 Gümrük Kanunu,Orta,Serbest dolaşımdaki eşyanın bu statüsünü kaybettiği haller soruluyor.,"Beyannamenin iptali, geri ödeme sistemli DİR'de vergilerin geri verilmesi, kusurlu eşya ve ihraç/geri gönderme/GOİK nedeniyle vergilerin geri verilmesi veya kaldırılması hallerinin tümünde eşya serbest dolaşım statüsünü kaybeder."
2025,32,D,Gümrük Mevzuatı,Ceza & Kaçakçılık,İdari Para Cezaları & İtiraz,İthali yasak eşyanın iadesi,Olumlu kök,Sayısal (süre-oran-tutar),Gümrük Yönetmeliği,Zor,GK 235/1-a kapsamındaki eşyanın mahrecine iadesi veya transiti için süre soruluyor.,"GK 235/1-a kapsamındaki eşya, ithalinin yasak olduğunun yükümlüye bildirildiği tarihten itibaren 30 gün içinde talep üzerine mahrecine iade edilebilir veya ilgili kurumun uygun görüşüyle üçüncü ülkeye transit edilebilir."
2025,33,A,Gümrük Mevzuatı,Vergilendirme Unsurları (Tarife-Menşe-Kıymet),Menşe,Yetersiz işçilik veya işlemler,Öncüllü (I-II-III),Kapsam & Şart,Gümrük Yönetmeliği,Orta,Hangi işlemin menşe kazanımında yetersiz işçilik sayılmadığı soruluyor.,"Tarife pozisyonunun değişmesine yol açan üretim yetersiz işlem değildir; nakliyat ve depolamaya ilişkin işlemler, ambalaj değişikliği ve parçaların basit montajı yetersiz işçilik sayılır."
2025,34,E,Gümrük Mevzuatı,Vergilendirme Unsurları (Tarife-Menşe-Kıymet),Menşe,A.TR Dolaşım Belgesi,Olumlu kök,Belge & Prosedür,"Genel (""gümrük mevzuatına göre"")",Kolay,TR-AB sanayi ve işlenmiş tarım ürünleri ticaretinde serbest dolaşımı gösteren belge soruluyor.,Türkiye-AB Gümrük Birliği kapsamındaki sanayi ürünleri ve işlenmiş tarım ürünlerinde eşyanın serbest dolaşımda olduğu A.TR Dolaşım Belgesi ile gösterilir.
2025,35,C,Gümrük Mevzuatı,Vergilendirme Unsurları (Tarife-Menşe-Kıymet),Menşe,Menşe şahadetnamesinin içeriği,Olumsuz kök (değildir / yanlıştır),Kapsam & Şart,Gümrük Yönetmeliği,Orta,Menşe şahadetnamesinde bulunması zorunlu olmayan bilgi soruluyor.,"Menşe şahadetnamesinde gönderen ve alıcı bilgileri, kapların marka/numara/sayısı ve veren makamın tasdik şerhi zorunludur; eşyanın kıymeti zorunlu bilgi değildir."
2025,36,D,Gümrük Mevzuatı,Gümrük Rejimleri,Serbest Dolaşıma Giriş,Serbest dolaşıma giriş tanımı,Olumlu kök,Tanım / Kavram,4458 Gümrük Kanunu,Kolay,Hangi eşyanın serbest dolaşıma girmiş sayılacağı soruluyor.,Ticaret politikası önlemleri uygulanarak ithali için öngörülen diğer işlemleri tamamlanan ve kanunen ödenmesi gereken vergileri tahsil edilen eşya serbest dolaşıma girmiş sayılır.
2025,37,A,Gümrük Mevzuatı,Dış Ticaret,Dış Ticaret Politikası & İthalatta Vergiler,İthalat Rejimi Kararı eki listeler,Tablo / Eşleştirme,Kapsam & Şart,Dış Ticaret Mevzuatı,Zor,İthalat Rejimi Kararı eki liste numaraları ile kapsamlarının eşleştirmesindeki yanlış soruluyor.,"İthalat Rejimi Kararı eki listelerden III sayılı liste sanayi ürünlerine ait değildir; I sayılı liste tarım, IV sayılı liste balıkçılık ve su ürünleri, V ve VI sayılı listeler gümrük vergisi askıya alınan ürünlerdir."
2025,38,E,Gümrük Mevzuatı,Vergilendirme Unsurları (Tarife-Menşe-Kıymet),Menşe,Tümüyle elde edilen eşya,Öncüllü (I-II-III),Kapsam & Şart,4458 Gümrük Kanunu,Kolay,Gümrük Kanunu'na göre tümüyle elde edilen veya üretilen eşya sayılanlar soruluyor.,"O ülkede çıkarılan madencilik ürünleri, toplanan bitkisel ürünler ile doğan ve yetiştirilen canlı hayvanlar tümüyle elde edilmiş eşyadır; üretimi birden fazla ülkede yapılan eşya bu kapsamda değildir."
2025,39,E,Gümrük Mevzuatı,Vergilendirme Unsurları (Tarife-Menşe-Kıymet),Menşe,Menşe ispat belgelerinin basımı,Öncüllü (I-II-III),Yetkili Merci,Tebliğler,Orta,Menşe ispat belgelerini basmaya ve dağıtmaya yetkili kuruluşlar soruluyor.,"Gümrük İşlemleri Tebliği Seri No:149'a göre menşe ispat belgelerinin basımı ve dağıtımında TOBB, TESK ve TİM yetkilidir; gümrük müşavirleri dernekleri yetkili değildir."
2025,40,D,Gümrük Mevzuatı,Vergilendirme Unsurları (Tarife-Menşe-Kıymet),Menşe,Tarım ürünlerinde EUR.1,Olumlu kök,Belge & Prosedür,"Genel (""gümrük mevzuatına göre"")",Kolay,TR-AB tarım ürünleri ticaretinde tercihli rejim için ibraz edilecek belge soruluyor.,Tarım ürünleri Gümrük Birliği kapsamı dışında olduğundan TR-AB ticaretinde tercihli rejimden yararlanmak için EUR.1 Dolaşım Belgesi ibraz edilir.
2025,41,D,Gümrük Mevzuatı,Vergilendirme Unsurları (Tarife-Menşe-Kıymet),Menşe,Yetersiz işçilik veya işlemler,Olumsuz kök (değildir / yanlıştır),Kapsam & Şart,Gümrük Yönetmeliği,Kolay,Menşe kazanımında yetersiz işçilik sayılmayan işlem soruluyor.,"İplikten kumaş üretimi esaslı bir işlem olup yetersiz işçilik sayılmaz; basit montaj, marka/etiket konulması, ambalaj değişikliği ve basit ambalajlama yetersiz işlemlerdir."
2025,42,C,Gümrük Mevzuatı,Vergilendirme Unsurları (Tarife-Menşe-Kıymet),Menşe,Menşe şahadetnamesinin sonradan ibrazı,Olumlu kök,Sayısal (süre-oran-tutar),Gümrük Yönetmeliği,Orta,Menşe şahadetnamesinin sonradan ibrazı için tescilden itibaren tanınan süre soruluyor.,GY md. 38 uyarınca menşe şahadetnamesi beyanname tescil tarihinden itibaren 6 ay içinde sonradan ibraz edilebilir.
2025,43,D,Gümrük Mevzuatı,Dış Ticaret,Dış Ticaret Politikası & İthalatta Vergiler,Fikri ve sınai hakların korunması,Olumsuz kök (değildir / yanlıştır),Doğru/Yanlış Hüküm,4458 Gümrük Kanunu,Orta,GK 57 çerçevesinde fikri ve sınai hakların korunmasına ilişkin yanlış ifade soruluyor.,Yolcuların kişisel eşyası ile ticari mahiyette olmayan ve muafiyet sınırlarında kalan hediyelik eşyaya GK 57. madde hükümleri uygulanmaz.
2025,44,C,Gümrük Mevzuatı,Vergilendirme Unsurları (Tarife-Menşe-Kıymet),Menşe,Serbest dolaşım ve menşe ilişkisi,Öncüllü (I-II-III),Doğru/Yanlış Hüküm,Tebliğler,Orta,Serbest dolaşım ve menşe kavramlarına ilişkin yanlış öncül soruluyor.,Eşyanın Türkiye'de serbest dolaşıma girmesi ona Türkiye menşei kazandırmaz; menşe ile serbest dolaşım statüsü ayrı kavramlardır.
2025,45,B,Gümrük Mevzuatı,Dış Ticaret,Dış Ticaret Politikası & İthalatta Vergiler,Ticaret politikası önlemleri,Olumsuz kök (değildir / yanlıştır),Kapsam & Şart,Dış Ticaret Mevzuatı,Orta,İthalat Rejimi Kararı md. 4'e göre ticaret politikası önlemi sayılmayan uygulama soruluyor.,"İthalat Rejimi Kararı md. 4 kapsamında dampinge karşı vergi, gözetim, kota ve tarife kontenjanı ticaret politikası önlemidir; ilave gümrük vergisi bu kapsamda sayılmaz."
2025,46,B,Gümrük Mevzuatı,Vergilendirme Unsurları (Tarife-Menşe-Kıymet),Tarife & BTB,BTB düzenleyen bölge müdürlükleri,Öncüllü (I-II-III),Yetkili Merci,Tebliğler,Orta,Hangi bölge müdürlüğünün BTB düzenleyemeyeceği soruluyor.,"Tarife Tebliği (Seri No:14) uyarınca Orta Akdeniz ve Orta Anadolu GDTBM BTB düzenleyebilir, Orta Karadeniz GDTBM düzenleyemez."
2025,47,D,Gümrük Mevzuatı,Vergilendirme Unsurları (Tarife-Menşe-Kıymet),Tarife & BTB,BTB'nin geçerliliğini kaybetmesi,Olumsuz kök (değildir / yanlıştır),Kapsam & Şart,"Genel (""gümrük mevzuatına göre"")",Kolay,BTB'nin geçerliliğini kaybetme nedenleri arasında yer almayan durum soruluyor.,"Hak sahibinin yeni BTB başvurusu yapması geçerliliği sona erdirmez; tarife veya nomanklatür değişikliği, sürenin dolması ve iptal/değişikliğin tebliği BTB'nin geçerliliğini sona erdirir."
2025,48,A,Gümrük Mevzuatı,Genel Hükümler & Gümrük İşlemleri,"Özet Beyan, Geçici Depolama, Beyan & Muayene",Sözlü beyan - cenaze,Olumlu kök,Belge & Prosedür,"Genel (""gümrük mevzuatına göre"")",Orta,Transit yolcu konumundaki yabancının cenazesinin ülkesine gönderilmesinde beyanın şekli soruluyor.,Cenazeler ve cenaze ile ilgili eşya için gümrük beyanı sözlü beyan formu ile yapılır.
2025,49,D,Gümrük Mevzuatı,Muafiyetler,"Muafiyetler (Yolcu, Posta, Geri Gelen Eşya)",Geri gelen eşyada süre başlangıcı,Olumlu kök,Belge & Prosedür,4458 Gümrük Kanunu,Orta,Havayoluyla ihraç edilip geri gelen eşyada GK 168 süresinin başlangıcı soruluyor.,"Geri gelen eşya muafiyetinde geri getirme süresi, havayoluyla ihracatta uçağın hareket ettiği (eşyanın fiilen ihraç edildiği) tarihten başlar."
2025,50,C,Gümrük Mevzuatı,Genel Hükümler & Gümrük İşlemleri,Temel Kavramlar & Tanımlar,Çıkışta gümrük gözetimi süresi,Boşluk doldurma,Kapsam & Şart,4458 Gümrük Kanunu,Orta,GK 58/2'de gümrük gözetiminin sona erdiği hallere ilişkin boşluklar soruluyor.,"İhracat, hariçte işleme, transit veya antrepo için beyan edilen serbest dolaşımdaki eşya tescilden itibaren TGB'den çıkıncaya, imha edilinceye ya da beyanname iptal edilinceye kadar gümrük gözetimi altında kalır."
2025,51,D,Gümrük Mevzuatı,Genel Hükümler & Gümrük İşlemleri,"Özel İşlemler (Akaryakıt, Kumanya, Posta)",Akaryakıt ve kumanya,Olumsuz kök (değildir / yanlıştır),Doğru/Yanlış Hüküm,4458 Gümrük Kanunu,Orta,Gümrük Kanunu'nun akaryakıt ve kumanya hükümlerine ilişkin yanlış ifade soruluyor.,"Dış sefere çıkan deniz ve hava taşıtlarına serbest dolaşımda bulunan (bulunmayan değil) yakıt, yağ ve kumanyanın verilmesi ihracat hükmündedir."
2025,52,C,Gümrük Mevzuatı,Gümrük Rejimleri,İhracat Rejimi,İhracatta eksik beyan süresi,Boşluk doldurma,Sayısal (süre-oran-tutar),Gümrük Yönetmeliği,Orta,İhracatta eksik beyanın tamamlanması için tanınan süre ve ek süre soruluyor.,"İhracatta eksik beyanın tamamlanma süresi tescilden itibaren 1 ayı, gerekli hallerde verilecek ek süre ise 3 ayı geçemez."
2025,53,B,Gümrük Mevzuatı,Gümrük Rejimleri,İhracat Rejimi,İhracat rejim kodları,Olumlu kök,Belge & Prosedür,"Genel (""gümrük mevzuatına göre"")",Zor,İhraç edildiği şekliyle geri gelmek üzere geçici ihraç edilen eşyanın kesin ihracatının rejim kodu soruluyor.,İhraç edildiği şekli ile geri gelmek üzere geçici ihraç edilen eşyanın kesin ihracatında 1023 rejim kodu kullanılır.
2025,54,E,Gümrük Mevzuatı,Gümrük Rejimleri,Dahilde İşleme Rejimi,DİR sistemleri,Öncüllü (I-II-III),Kapsam & Şart,4458 Gümrük Kanunu,Kolay,Dahilde işleme rejimi kapsamındaki uygulama sistemleri soruluyor.,Dahilde işleme rejimi şartlı muafiyet ve geri ödeme sistemleriyle uygulanır; standart değişim sistemi hariçte işleme rejimine aittir.
2025,55,C,Gümrük Mevzuatı,Gümrük Rejimleri,Dahilde İşleme Rejimi,DİR izni verilme şartları,Öncüllü (I-II-III),Kapsam & Şart,4458 Gümrük Kanunu,Orta,Gümrük Kanunu'na göre dahilde işleme izninin verilmesi için gerekli şartlar soruluyor.,"DİR izni için TGB'de yerleşik olmak, ithal eşyasının işlem görmüş üründe tespit edilebilmesi ve yerli üreticilerin temel ekonomik çıkarlarının olumsuz etkilenmemesi gerekir; DİİB alınmış olması Kanun'da sayılan şartlardan değildir."
2025,56,B,Gümrük Mevzuatı,Gümrük Rejimleri,Dahilde İşleme Rejimi,DİR tanımları,Öncüllü (I-II-III),Tanım / Kavram,4458 Gümrük Kanunu,Orta,Gümrük Kanunu'ndaki dahilde işleme tanımlarından doğru olanlar soruluyor.,"İşlem görmüş ürün, eşdeğer eşya ve verimlilik oranı tanımları doğrudur; ikincil işlem görmüş ürün atık değil işlemenin zorunlu yan ürünüdür, geri ödeme sistemi ise teminat iadesi değil tahsil edilen vergilerin geri verilmesidir."
2025,57,E,Gümrük Mevzuatı,Gümrük Rejimleri,Dahilde İşleme Rejimi,DİR genel bilgiler,Öncüllü (I-II-III),Doğru/Yanlış Hüküm,Dış Ticaret Mevzuatı,Zor,Dahilde işleme rejimine ilişkin ifadelerden doğru olanlar soruluyor.,"DİİB İhracat Genel Müdürlüğünce düzenlenir, şartlı muafiyette vergiler teminata bağlanır, döviz kullanım oranı CIF ithal tutarının FOB ihraç tutarına yüzde oranıdır; geri ödeme sisteminde ise vergiler tahsil edilir."
2025,58,A,Gümrük Mevzuatı,Gümrük Rejimleri,Dahilde İşleme Rejimi,Şartlı muafiyet sistemi tanımı,Olumlu kök,Tanım / Kavram,Dış Ticaret Mevzuatı,Kolay,Verilen tanımın hangi DİR sistemine ait olduğu soruluyor.,Vergilerin teminata bağlanarak ithalat yapılıp ihracat taahhüdü gerçekleşince teminatın iade edildiği sistem şartlı muafiyet sistemidir.
2025,59,D,Gümrük Mevzuatı,Gümrük Rejimleri,Dahilde İşleme Rejimi,DİR kapsamındaki işleme faaliyetleri,Olumsuz kök (değildir / yanlıştır),Kapsam & Şart,"Genel (""gümrük mevzuatına göre"")",Orta,Dahilde işleme izni kapsamında yapılamayacak işlem ve işçilik soruluyor.,"Cevap anahtarına göre tamir, kıymetli maden ve taşların işlenmesi, basit montaj ve ambalajlama DİR kapsamındaki işleme faaliyetleridir; makarna üretimi bu kapsamda sayılmamıştır."
2025,60,A,Gümrük Mevzuatı,Gümrük Rejimleri,Dahilde İşleme Rejimi,Önceden ihracatta beyan süresi,Olumlu kök,Belge & Prosedür,"Genel (""gümrük mevzuatına göre"")",Zor,Önceden ihracatta eşdeğer eşya karşılığı ithal eşyasının beyan süresinin başlangıcı soruluyor.,"Önceden ihracat durumunda eşdeğer eşya karşılığı ithal eşyasının beyanı için süre, işlem görmüş ürünlerin ihracat beyannamesinin tescil tarihinde işlemeye başlar."
2025,61,C,Gümrük Mevzuatı,Gümrük Rejimleri,"Transit Rejimi (TIR, NCTS)",NCTS transit beyanının reddi,Boşluk doldurma,Sayısal (süre-oran-tutar),Gümrük Yönetmeliği,Orta,NCTS'de hareket idaresine sunulmayan transit beyanının reddine ilişkin süre soruluyor.,NCTS üzerinden yapılan ve 30 gün içinde kabul için hareket gümrük idaresine sunulmayan transit beyanları reddedilir.
2025,62,E,Gümrük Mevzuatı,Gümrük Rejimleri,"Transit Rejimi (TIR, NCTS)",Transit rejiminin sona ermesi,Olumlu kök,Vaka / Senaryo,"Genel (""gümrük mevzuatına göre"")",Orta,Ankara'dan Doğubayazıt'a sevk edilen eşyada transit rejiminin ne zaman sona erdiği soruluyor.,"Transit rejimi, eşya ile belgelerinin mevzuata uygun şekilde varış gümrük idaresine (Doğubayazıt) sunulmasıyla sona erer."
2025,63,B,Gümrük Mevzuatı,Gümrük Rejimleri,"Transit Rejimi (TIR, NCTS)",Varış gümrük idaresi,Olumlu kök,Yetkili Merci,Gümrük Yönetmeliği,Kolay,Transit rejiminin sonlandırılması için eşyanın sunulacağı gümrük idaresi soruluyor.,Transit rejimine tabi eşya rejimin sonlandırılması için varış gümrük idaresine sunulur.
2025,64,C,Gümrük Mevzuatı,Gümrük Rejimleri,"Transit Rejimi (TIR, NCTS)",Transit beyanı yerine geçen belgeler,Öncüllü (I-II-III),Belge & Prosedür,Gümrük Yönetmeliği,Orta,Transit beyanı olarak kullanılabilecek belgeler soruluyor.,"Transit refakat belgesi, TIR Karnesi ve ATA Karnesi transit beyanı olarak kullanılabilir; fatura transit beyanı değildir."
2025,65,D,Gümrük Mevzuatı,Muafiyetler,"Muafiyetler (Yolcu, Posta, Geri Gelen Eşya)",Kesin dönüşte yeniden taşıt muafiyeti,Olumlu kök,Sayısal (süre-oran-tutar),2009/15481 Karar,Orta,Kesin dönüşte yeniden muaf taşıt ithali için önceki aracın serbest dolaşımından itibaren geçmesi gereken süre soruluyor.,Kesin dönüş muafiyetiyle yeniden taşıt ithal edebilmek için önceki aracın serbest dolaşıma girişinden itibaren 5 yıl geçmiş olmalıdır.
2025,66,D,Gümrük Mevzuatı,Muafiyetler,"Muafiyetler (Yolcu, Posta, Geri Gelen Eşya)",Yolcu beraberi eşyanın getirilme süresi,Olumlu kök,Sayısal (süre-oran-tutar),2009/15481 Karar,Orta,Yolcu beraberi kişisel eşyanın yurda getirilme süresi soruluyor.,Yolcunun yaşantısına mahsus eşya ve seyahat eşyası yolcunun beraberinde ya da gelişinden 1 ay önce veya 3 ay sonra getirilebilir.
2025,67,C,Gümrük Mevzuatı,Muafiyetler,"Muafiyetler (Yolcu, Posta, Geri Gelen Eşya)",Posta/hızlı kargoda kıymet tespiti,Öncüllü (I-II-III),Doğru/Yanlış Hüküm,2009/15481 Karar,Orta,30 Avro'yu geçmeyen posta/hızlı kargo eşyasında kıymetin belirlenmesine ilişkin doğru ifadeler soruluyor.,"Kıymet fatura, satış fişi veya ödeme belgesine göre, belge yoksa ya da kıymet düşükse gümrük idaresince belirlenir; Türkiye'deki giriş yerine kadarki nakliye giderleri kıymete ilave edilir."
2025,68,C,Gümrük Mevzuatı,Muafiyetler,"Muafiyetler (Yolcu, Posta, Geri Gelen Eşya)",Posta/hızlı kargoda tek ve maktu vergi,Boşluk doldurma,Sayısal (süre-oran-tutar),2009/15481 Karar,Zor,AB dışından tüzel kişiye gelen posta/hızlı kargo eşyasında kıymet sınırı ve vergi oranı soruluyor.,"AB dışından tüzel kişiye gelen, ticari mahiyette olmayan ve kıymeti 22 Avro'yu geçmeyen eşyada %60 tek ve maktu vergi alınır; ÖTV (IV) sayılı liste eşyası için %20 ilave edilir."
2025,69,D,Gümrük Mevzuatı,Gümrük Rejimleri,Antrepo Rejimi,Antrepo rejimi genel hükümler,Olumsuz kök (değildir / yanlıştır),Doğru/Yanlış Hüküm,"Genel (""gümrük mevzuatına göre"")",Zor,Antrepo rejimine ilişkin yanlış ifade soruluyor.,"Birden fazla antreposu bulunan işleticinin yaygın götürü teminat talebi ilgili gümrük müdürlüğünce değil, üst idarece (Bakanlık) sonuçlandırılır; antrepo rejimi şartlı muafiyet düzenlemesi ve ekonomik etkili bir rejimdir."
2025,70,B,Gümrük Mevzuatı,Genel Hükümler & Gümrük İşlemleri,Serbest Bölge & Gümrüksüz Satış,Serbest bölge hükümleri,Olumsuz kök (değildir / yanlıştır),Doğru/Yanlış Hüküm,"Genel (""gümrük mevzuatına göre"")",Zor,Serbest bölgelere ilişkin yanlış ifade soruluyor.,"Gümrük statü belgesi eşyanın menşeini değil, gümrük statüsünü (serbest dolaşımda olduğunu) ispatlar."
2025,71,B,Gümrük Mevzuatı,Muafiyetler,"Muafiyetler (Yolcu, Posta, Geri Gelen Eşya)",Yolcu eşyası ambarlarında süre,Olumlu kök,Sayısal (süre-oran-tutar),4458 Gümrük Kanunu,Orta,Yolcu eşyasına mahsus gümrük ambarlarında eşyanın kalabileceği süre soruluyor.,Yolcu beraberinde getirilip yolcu eşyasına mahsus gümrük ambarlarına konulan eşya buralarda 3 ay kalabilir.
2025,72,B,Gümrük Mevzuatı,Genel Hükümler & Gümrük İşlemleri,Serbest Bölge & Gümrüksüz Satış,Gümrüksüz satış mağazası türleri,Olumsuz kök (değildir / yanlıştır),Kapsam & Şart,Dış Ticaret Mevzuatı,Orta,Gümrüksüz Satış Mağazaları Yönetmeliğine göre izin verilebilecek mağaza türlerinden olmayan seçenek soruluyor.,"Yolcu giriş ve çıkış kapılarındaki mağazalar, uçakta satış ve gemilere satış mağazaları izin verilebilecek türlerdendir; diplomatik satış mağazası bu türler arasında yer almaz."
2025,73,A,Gümrük Mevzuatı,Genel Hükümler & Gümrük İşlemleri,"Özet Beyan, Geçici Depolama, Beyan & Muayene",Geçici depolama statüsünün sona ermesi,Olumlu kök,Kapsam & Şart,Gümrük Yönetmeliği,Orta,Geçici depolanan eşya statüsünü sona erdiren işlem soruluyor.,"Eşyanın gümrüğe terk edilmesi bir GOİK olduğundan geçici depolama statüsünü sona erdirir; numune alma, elleçleme veya TSE kontrolü statüyü sona erdirmez."
2025,74,B,Gümrük Mevzuatı,Gümrük Rejimleri,Antrepo Rejimi,Antrepo rejiminin niteliği,Olumlu kök,Doğru/Yanlış Hüküm,Gümrük Yönetmeliği,Kolay,Gümrük Yönetmeliğine göre antrepo rejimi için doğru ifade soruluyor.,Antrepoya konulan eşya gümrük gözetimi ve kontrolü altındadır.
2025,75,B,Gümrük Mevzuatı,Gümrük Rejimleri,Antrepo Rejimi,Özel antrepo açma şartları,Olumsuz kök (değildir / yanlıştır),Kapsam & Şart,Gümrük Yönetmeliği,Kolay,Özel antrepo açıp işletmek isteyen kişi için zorunlu olmayan şart soruluyor.,"Özel antrepo açılışında gümrük müşaviri istihdamı zorunlu değildir; mahkumiyet bulunmaması, yeterli teknik donanım, mali yeterlilik ve harçların yatırılması aranır."
2025,76,E,Gümrük Mevzuatı,Ceza & Kaçakçılık,Kaçakçılık (5607),Gümrüklenmiş değer tanımı,Olumlu kök,Tanım / Kavram,5607 Kaçakçılık Kanunu,Orta,5607 sayılı Kanun'a göre gümrüklenmiş değerin tanımı soruluyor.,"5607'ye göre gümrüklenmiş değer; ithal eşyasında CIF kıymeti ile gümrük vergileri toplamı, ihraç eşyasında FOB kıymeti ile gümrük vergileri toplamıdır."
2025,77,C,Gümrük Mevzuatı,Ceza & Kaçakçılık,Kaçakçılık (5607),Ulusal marker fiilleri,Öncüllü (I-II-III),Kapsam & Şart,5607 Kaçakçılık Kanunu,Orta,Ulusal marker seviyesi yetersiz akaryakıta ilişkin hangi fiillerin cezalandırıldığı soruluyor.,"Ulusal markersiz veya eksik markerli akaryakıtın ticari amaçla üretilmesi, bulundurulması, nakli ile satışa arzı veya satılması cezalandırılır; kişisel kullanım amacıyla satın alınması cezalandırılmaz."
2025,78,B,Gümrük Mevzuatı,Ceza & Kaçakçılık,Kaçakçılık (5607),Alıkonulan taşıtın teminatla iadesi,Olumlu kök,Belge & Prosedür,5607 Kaçakçılık Kanunu,Orta,Alıkonulan kara taşıtının iadesinde teminat tutarının belirlenmesinde kullanılacak değer soruluyor.,"5607 kapsamında alıkonulan kara taşıtı, kasko değeri esas alınarak belirlenen teminat karşılığında sahibine iade edilebilir."
2025,79,B,Gümrük Mevzuatı,Gümrük Rejimleri,Geçici İthalat,Geçici ithalat rejimi tanımı,Olumlu kök,Tanım / Kavram,4458 Gümrük Kanunu,Kolay,Gümrük Kanunu'na göre geçici ithalat rejiminin doğru tanımı soruluyor.,"Geçici ithalat; serbest dolaşımda olmayan eşyanın vergilerden tamamen veya kısmen muaf, ticaret politikası önlemlerine tabi tutulmadan TGB'de kullanılıp olağan yıpranma dışında değişmeden yeniden ihracıdır."
2025,80,E,Gümrük Mevzuatı,Gümrük Rejimleri,Geçici İthalat,Geçici ithalatta hak devri,Öncüllü (I-II-III),Doğru/Yanlış Hüküm,Gümrük Yönetmeliği,Orta,Geçici ithalat eşyasının bir hak sahibinden diğerine devrine ilişkin doğru ifadeler soruluyor.,"Devir, devralanın eşyayı rejime tabi tutmasıyla mümkündür; yeni hak sahibi hakkını aynı koşulları taşıyanlara devredebilir ve devralan eşyayı teslim almakla rejim yükümlülüğü altına girer."
2025,81,B,Gümrük Mevzuatı,Gümrük Rejimleri,Geçici İthalat,ATA Karnesi tanımı,Olumlu kök,Tanım / Kavram,Tebliğler,Kolay,Taşıma araçları hariç geçici ithalatta kullanılan uluslararası gümrük belgesinin adı soruluyor.,"ATA Karnesi; taşıma araçları hariç geçici ithalatta kullanılan, vergilerin uluslararası alanda teminata bağlandığını gösteren ve beyanname yerine geçen uluslararası gümrük belgesidir."
2025,82,D,Gümrük Mevzuatı,Ceza & Kaçakçılık,İdari Para Cezaları & İtiraz,Geçici ithalat ihlali cezası,Olumlu kök,Sayısal (süre-oran-tutar),4458 Gümrük Kanunu,Orta,Gümrük Kanunu'na göre geçici ithalat rejimi ihlallerinde uygulanacak ceza soruluyor.,Geçici ithalat rejimi ihlallerinde eşyanın gümrüklenmiş değerinin iki katı tutarında idari para cezası uygulanır.
2025,83,E,Gümrük Mevzuatı,Gümrük Rejimleri,Geçici İthalat,Geçici ithalatta rejim ihlali,Olumsuz kök (değildir / yanlıştır),Kapsam & Şart,"Genel (""gümrük mevzuatına göre"")",Kolay,Geçici ithalat eşyası için rejim ihlali sayılmayan işlem soruluyor.,Eşyanın yurtta kalma süresi içinde yeniden ihracı veya başka bir GOİK'e tabi tutulması rejimin olağan sonlandırılması olup ihlal değildir.
2025,84,C,Gümrük Mevzuatı,Muafiyetler,"Muafiyetler (Yolcu, Posta, Geri Gelen Eşya)",Taşıt ve yolcu eşyası depolama süresi,Olumlu kök,Sayısal (süre-oran-tutar),Gümrük Yönetmeliği,Orta,Teslim alınan geçici ithal kara taşıtları ve yolcu eşyasının geçici depolama yerinde kalma süresi soruluyor.,"Gümrük idaresince teslim alınan geçici ithal kişisel kara taşıtları ile yolcu eşyası, geçici depolama yeri addolunan bu yerlerde 3 ay kalabilir."
2025,85,A,Gümrük Mevzuatı,Gümrük Rejimleri,Geçici İthalat,Geçici ithal taşıtın plakası,Olumlu kök,Belge & Prosedür,Tebliğler,Kolay,Geçici ithal edilen kişisel kullanıma mahsus yabancı plakalı taşıtların plakasına ilişkin uygulama soruluyor.,Geçici ithalat rejimi kapsamında Türkiye'ye getirilen kişisel kullanıma mahsus yabancı plakalı kara taşıtları yabancı plakalı olarak kullanılmaya devam eder.
2025,86,C,Gümrük Mevzuatı,Meslek & Kolaylaştırma,YYS & Onaylanmış Kişi (Kolaylaştırma),Kamu kurumlarının YYS başvurusu,Olumlu kök,Yetkili Merci,Kolaylaştırma Yönetmeliği,Orta,Resmi daireler ve KİT'lerin YYS başvurusunu yapacağı merci soruluyor.,"Resmî daireler, sermayesinin tamamı devlete ait İDT/KİK'ler ve bağlı müesseselerin YYS başvuruları Orta Anadolu Gümrük ve Dış Ticaret Bölge Müdürlüğüne yapılır."
2025,87,E,Gümrük Mevzuatı,Meslek & Kolaylaştırma,YYS & Onaylanmış Kişi (Kolaylaştırma),YYS izleme süresi,Olumlu kök,Sayısal (süre-oran-tutar),Kolaylaştırma Yönetmeliği,Orta,YYS sahibi firmaların sertifika koşullarının hangi aralıkla izlendiği soruluyor.,YYS sahibi firmaların sertifika koşullarını sağlayıp sağlamadıkları 5 yılda bir izlemeye tabi tutulur.
2025,88,D,Gümrük Mevzuatı,Meslek & Kolaylaştırma,YYS & Onaylanmış Kişi (Kolaylaştırma),YYS koşulları,Olumsuz kök (değildir / yanlıştır),Kapsam & Şart,Kolaylaştırma Yönetmeliği,Kolay,YYS statüsü verilirken aranmayan koşul soruluyor.,"YYS için güvenilirlik, mali yeterlilik, emniyet ve güvenlik ile ticari kayıtların güvenilirliği ve izlenebilirliği koşulları aranır; kapsamlı teminata sahip olma koşulu aranmaz."
2025,89,D,Gümrük Mevzuatı,Meslek & Kolaylaştırma,YYS & Onaylanmış Kişi (Kolaylaştırma),OKS hak ve yetkileri,Olumsuz kök (değildir / yanlıştır),Kapsam & Şart,"Genel (""gümrük mevzuatına göre"")",Orta,Onaylanmış kişi statü belgesiyle yararlanılamayacak yetki soruluyor.,"OKS sahipleri götürü teminat, eksik beyan, mavi hat ve onaylanmış ihracatçı yetkilerinden yararlanabilir; izinli alıcı yetkisi OKS kapsamında yer almaz."
2025,90,A,Gümrük Mevzuatı,Vergi Alacağı (Yükümlülük-Tahsil-Geri Verme),"Tahakkuk, Tebliğ & Tahsil",Sonradan tahsilde tebligat süresi,Olumlu kök,Sayısal (süre-oran-tutar),4458 Gümrük Kanunu,Kolay,Hiç alınmadığı belirlenen gümrük vergilerinin tebligat süresi soruluyor.,"Kontrol sonucunda hiç alınmadığı veya noksan alındığı belirlenen vergilerin tebligatı, gümrük yükümlülüğünün doğduğu tarihten itibaren 3 yıl içinde yapılmalıdır."
2025,91,B,Gümrük Mevzuatı,Vergi Alacağı (Yükümlülük-Tahsil-Geri Verme),"Tahakkuk, Tebliğ & Tahsil",Noksan vergide ödeme süresi,Olumlu kök,Sayısal (süre-oran-tutar),4458 Gümrük Kanunu,Kolay,Sonradan noksan alındığı belirlenen vergilerin tebliğden itibaren ödeme süresi soruluyor.,Sonradan tahakkuk ettirilen gümrük vergileri yükümlüye tebliğ edildiği tarihten itibaren 15 gün içinde ödenir.
2025,92,D,Gümrük Mevzuatı,Vergi Alacağı (Yükümlülük-Tahsil-Geri Verme),Gümrük Yükümlülüğü & Teminat,Kabul edilmeyen teminatlar,Olumsuz kök (değildir / yanlıştır),Kapsam & Şart,Gümrük Yönetmeliği,Kolay,Gümrük işlemlerinde teminat olarak kabul edilmeyen değer soruluyor.,"Nakit TL, bankaların süresiz teminat mektupları, DİBS ve Merkez Bankasınca kabul edilen dövizler teminat olarak kabul edilir; firmaların verdiği garanti mektupları kabul edilmez."
2025,93,E,Gümrük Mevzuatı,Vergi Alacağı (Yükümlülük-Tahsil-Geri Verme),Geri Verme / Kaldırma,Kusurlu eşyada geri verme,Olumsuz kök (değildir / yanlıştır),Doğru/Yanlış Hüküm,4458 Gümrük Kanunu,Orta,Kusurlu eşyanın ithalat vergilerinin geri verilmesine ilişkin yanlış ifade soruluyor.,"Kusurlu eşya nedeniyle geri verme veya kaldırma için başvuru süresi 3 yıl değil, vergilerin yükümlüye tebliğinden itibaren 1 yıldır."
2025,94,C,Gümrük Mevzuatı,Vergilendirme Unsurları (Tarife-Menşe-Kıymet),Tarife & BTB,GTİP örneği,Olumlu kök,Tanım / Kavram,Gümrük Yönetmeliği,Kolay,Hangi kodun Gümrük Tarife İstatistik Pozisyonu örneği olduğu soruluyor.,"GTİP 12 haneli koddur; 45.03.90.00.00.00 bir GTİP örneğidir (4 hane pozisyon, 6 hane alt pozisyon, 8 hane KN kodu)."
2025,95,C,Gümrük Mevzuatı,Gümrük Rejimleri,İhracat Rejimi,Beyanname kapatma süresinin uzatılması,Olumlu kök,Yetkili Merci,Gümrük Yönetmeliği,Orta,Geçici depolamaya konulmaksızın ihraç edilecek eşyada beyanname kapatma süresini uzatma yetkisi soruluyor.,Geçici depolama yerlerine konulmaksızın ihraç edilecek eşyanın beyanname kapatma süresi makul sebeplerle gümrük müdürlüklerince uzatılabilir.
2025,96,B,Gümrük Mevzuatı,Ceza & Kaçakçılık,İdari Para Cezaları & İtiraz,Yanlış belge ve bilgide usulsüzlük cezası,Olumlu kök,Sayısal (süre-oran-tutar),4458 Gümrük Kanunu,Orta,Kararlara dayanak belge ve bilgilerin yanlış verilmesinde GK 241/1 usulsüzlük cezasının katı soruluyor.,Gümrük idaresi kararlarına dayanak oluşturan belge ve bilgilerin yanlış verilmesi halinde GK 241/1 usulsüzlük cezası 2 kat uygulanır.
2025,97,D,Gümrük Mevzuatı,Meslek & Kolaylaştırma,Yetkilendirilmiş Gümrük Müşavirliği,YGM hisse oranı,Olumlu kök,Sayısal (süre-oran-tutar),Tebliğler,Orta,Şirket ortağı YGM'nin antrepo tespit işlemleri için gereken asgari hisse oranı soruluyor.,Şirket ortağı yetkilendirilmiş gümrük müşavirinin antrepoya ilişkin tespit işlemi yapabilmesi için şirketteki hissesi en az %20 olmalıdır.
2025,98,E,Gümrük Mevzuatı,Meslek & Kolaylaştırma,Gümrük Müşavirliği & Temsil,Gümrük müşavir yardımcılığı şartları,Öncüllü (I-II-III),Kapsam & Şart,4458 Gümrük Kanunu,Kolay,Gümrük Kanunu'na göre gümrük müşavir yardımcısı olabilmek için gereken koşullar soruluyor.,"GMY olabilmek için T.C. vatandaşı olmak, medeni hakları kullanma ehliyeti, kamu haklarından mahrum olmamak ve ceza veya disiplin nedeniyle memuriyetten çıkarılmamış olmak gerekir."
2025,99,C,Gümrük Mevzuatı,Meslek & Kolaylaştırma,Gümrük Müşavirliği & Temsil,Taşıyıcıların doğrudan temsili,Olumlu kök,Kapsam & Şart,Gümrük Yönetmeliği,Orta,Taşıma işletmeleri ve nakliyecilerin doğrudan temsille takip edebileceği işlem soruluyor.,"GY md. 561 uyarınca kara, deniz ve havayolu işletmeleri ile nakliyeci kuruluş temsilcileri taşıdıkları eşyanın transit işlemlerini doğrudan temsil yoluyla takip edebilir."
2025,100,C,Gümrük Mevzuatı,Meslek & Kolaylaştırma,Gümrük Müşavirliği & Temsil,Gümrük müşavir yardımcısının yetkileri,Öncüllü (I-II-III),Doğru/Yanlış Hüküm,"Genel (""gümrük mevzuatına göre"")",Orta,Gümrük müşavir yardımcılarının yetkilerine ilişkin yanlış öncüller soruluyor.,Beyanname ve belgeleri gümrük müşavirinin yanında yardımcısı da verebilir; gümrük müşavir yardımcıları tek başına iş takibi yapamaz ve fatura düzenleyemez.
